Command line invocation:
    /Applications/Xcode.app/Contents/Developer/usr/bin/xcodebuild -workspace RestaurantsNearMeIOS.xcworkspace -scheme RestaurantsNearMeIOS -sdk iphonesimulator -configuration Debug build

Build settings from command line:
    SDKROOT = iphonesimulator26.5

--- xcodebuild: WARNING: Using the first of multiple matching destinations:
{ platform:iOS Simulator, id:dvtdevice-DVTiOSDeviceSimulatorPlaceholder-iphonesimulator:placeholder, name:Any iOS Simulator Device }
{ platform:iOS Simulator, arch:arm64, id:CD5C9230-0B2E-43B4-895D-0BDBBB24F547, OS:26.5, name:iPad (A16) }
{ platform:iOS Simulator, arch:arm64, id:3F9DF114-7530-4DD9-808E-C930E4EE21E5, OS:26.5, name:iPad Air 11-inch (M4) }
{ platform:iOS Simulator, arch:arm64, id:852101E0-3F98-49AB-9EE6-1206525F983D, OS:26.5, name:iPad Air 13-inch (M4) }
{ platform:iOS Simulator, arch:arm64, id:33A345B7-2313-4B9F-8DBA-1D5E17B131F9, OS:26.5, name:iPad Pro 11-inch (M5) }
{ platform:iOS Simulator, arch:arm64, id:58D97FB2-56E0-4218-9501-4ACFAFE3E6A1, OS:26.5, name:iPad Pro 13-inch (M5) }
{ platform:iOS Simulator, arch:arm64, id:593BA43C-8145-4C97-8A39-B36A190C36EA, OS:26.5, name:iPad mini (A17 Pro) }
{ platform:iOS Simulator, arch:arm64, id:B63E05E3-8E12-4BD9-ADE0-1E2BB3D3F2AE, OS:26.5, name:iPhone 17 }
{ platform:iOS Simulator, arch:arm64, id:B3401423-3CE5-4D4D-905A-64B49552FC4C, OS:26.5, name:iPhone 17 Pro }
{ platform:iOS Simulator, arch:arm64, id:124BA719-AA1B-41DD-A628-AE0E0CAF35EB, OS:26.5, name:iPhone 17 Pro Max }
{ platform:iOS Simulator, arch:arm64, id:D54CF735-ADFD-4C5F-B9C9-4669FB5F222C, OS:26.5, name:iPhone 17e }
{ platform:iOS Simulator, arch:arm64, id:90660B50-BBF2-4374-8D8D-4E18938CAE82, OS:26.5, name:iPhone Air }
{ platform:macOS, arch:arm64, variant:Designed for [iPad,iPhone], id:00008132-000E59EC118B801C, name:My Mac }
{ platform:iOS, id:dvtdevice-DVTiPhonePlaceholder-iphoneos:placeholder, name:Any iOS Device }
{ platform:iOS, id:690d42250c4efe50f2246a7d655264c6a82ca458, name:Shekhar’s iPhone, error:Shekhar’s iPhone is not connected Xcode will continue when Shekhar’s iPhone is connected and unlocked. }
ComputePackagePrebuildTargetDependencyGraph

Prepare packages

CreateBuildRequest

SendProjectDescription

CreateBuildOperation

ComputeTargetDependencyGraph
note: Building targets in dependency order
note: Target dependency graph (95 targets)
    Target 'RestaurantsNearMeIOS' in project 'RestaurantsNearMeIOS'
        ➜ Implicit dependency on target 'Pods-RestaurantsNearMeIOS' in project 'Pods' via file 'libPods-RestaurantsNearMeIOS.a' in build phase 'Link Binary'
        ➜ Implicit dependency on target 'AsyncStorage' in project 'Pods' via options '-lAsyncStorage' in build setting 'OTHER_LDFLAGS'
        ➜ Implicit dependency on target 'RNGestureHandler' in project 'Pods' via options '-lRNGestureHandler' in build setting 'OTHER_LDFLAGS'
        ➜ Implicit dependency on target 'RNKeychain' in project 'Pods' via options '-lRNKeychain' in build setting 'OTHER_LDFLAGS'
        ➜ Implicit dependency on target 'RNSVG' in project 'Pods' via options '-lRNSVG' in build setting 'OTHER_LDFLAGS'
        ➜ Implicit dependency on target 'RNScreens' in project 'Pods' via options '-lRNScreens' in build setting 'OTHER_LDFLAGS'
        ➜ Implicit dependency on target 'ReactAppDependencyProvider' in project 'Pods' via options '-lReactAppDependencyProvider' in build setting 'OTHER_LDFLAGS'
        ➜ Implicit dependency on target 'ReactCodegen' in project 'Pods' via options '-lReactCodegen' in build setting 'OTHER_LDFLAGS'
        ➜ Implicit dependency on target 'SwiftUIIntrospect' in project 'Pods' via options '-lSwiftUIIntrospect' in build setting 'OTHER_LDFLAGS'
        ➜ Implicit dependency on target 'react-native-config' in project 'Pods' via options '-lreact-native-config' in build setting 'OTHER_LDFLAGS'
        ➜ Implicit dependency on target 'react-native-geolocation' in project 'Pods' via options '-lreact-native-geolocation' in build setting 'OTHER_LDFLAGS'
        ➜ Implicit dependency on target 'react-native-image-picker' in project 'Pods' via options '-lreact-native-image-picker' in build setting 'OTHER_LDFLAGS'
        ➜ Implicit dependency on target 'react-native-maps' in project 'Pods' via options '-lreact-native-maps' in build setting 'OTHER_LDFLAGS'
        ➜ Implicit dependency on target 'react-native-pager-view' in project 'Pods' via options '-lreact-native-pager-view' in build setting 'OTHER_LDFLAGS'
        ➜ Implicit dependency on target 'react-native-safe-area-context' in project 'Pods' via options '-lreact-native-safe-area-context' in build setting 'OTHER_LDFLAGS'
    Target 'Pods-RestaurantsNearMeIOS' in project 'Pods'
        ➜ Explicit dependency on target 'AsyncStorage' in project 'Pods'
        ➜ Explicit dependency on target 'FBLazyVector' in project 'Pods'
        ➜ Explicit dependency on target 'RCTDeprecation' in project 'Pods'
        ➜ Explicit dependency on target 'RCTRequired' in project 'Pods'
        ➜ Explicit dependency on target 'RCTSwiftUI' in project 'Pods'
        ➜ Explicit dependency on target 'RCTSwiftUIWrapper' in project 'Pods'
        ➜ Explicit dependency on target 'RCTTypeSafety' in project 'Pods'
        ➜ Explicit dependency on target 'RNGestureHandler' in project 'Pods'
        ➜ Explicit dependency on target 'RNKeychain' in project 'Pods'
        ➜ Explicit dependency on target 'RNSVG' in project 'Pods'
        ➜ Explicit dependency on target 'RNScreens' in project 'Pods'
        ➜ Explicit dependency on target 'React' in project 'Pods'
        ➜ Explicit dependency on target 'React-Core' in project 'Pods'
        ➜ Explicit dependency on target 'React-Core-prebuilt' in project 'Pods'
        ➜ Explicit dependency on target 'React-CoreModules' in project 'Pods'
        ➜ Explicit dependency on target 'React-Fabric' in project 'Pods'
        ➜ Explicit dependency on target 'React-FabricComponents' in project 'Pods'
        ➜ Explicit dependency on target 'React-FabricImage' in project 'Pods'
        ➜ Explicit dependency on target 'React-ImageManager' in project 'Pods'
        ➜ Explicit dependency on target 'React-Mapbuffer' in project 'Pods'
        ➜ Explicit dependency on target 'React-NativeModulesApple' in project 'Pods'
        ➜ Explicit dependency on target 'React-RCTActionSheet' in project 'Pods'
        ➜ Explicit dependency on target 'React-RCTAnimation' in project 'Pods'
        ➜ Explicit dependency on target 'React-RCTAppDelegate' in project 'Pods'
        ➜ Explicit dependency on target 'React-RCTBlob' in project 'Pods'
        ➜ Explicit dependency on target 'React-RCTFBReactNativeSpec' in project 'Pods'
        ➜ Explicit dependency on target 'React-RCTFabric' in project 'Pods'
        ➜ Explicit dependency on target 'React-RCTImage' in project 'Pods'
        ➜ Explicit dependency on target 'React-RCTLinking' in project 'Pods'
        ➜ Explicit dependency on target 'React-RCTNetwork' in project 'Pods'
        ➜ Explicit dependency on target 'React-RCTRuntime' in project 'Pods'
        ➜ Explicit dependency on target 'React-RCTSettings' in project 'Pods'
        ➜ Explicit dependency on target 'React-RCTText' in project 'Pods'
        ➜ Explicit dependency on target 'React-RCTVibration' in project 'Pods'
        ➜ Explicit dependency on target 'React-RuntimeApple' in project 'Pods'
        ➜ Explicit dependency on target 'React-RuntimeCore' in project 'Pods'
        ➜ Explicit dependency on target 'React-RuntimeHermes' in project 'Pods'
        ➜ Explicit dependency on target 'React-callinvoker' in project 'Pods'
        ➜ Explicit dependency on target 'React-cxxreact' in project 'Pods'
        ➜ Explicit dependency on target 'React-debug' in project 'Pods'
        ➜ Explicit dependency on target 'React-defaultsnativemodule' in project 'Pods'
        ➜ Explicit dependency on target 'React-domnativemodule' in project 'Pods'
        ➜ Explicit dependency on target 'React-featureflags' in project 'Pods'
        ➜ Explicit dependency on target 'React-featureflagsnativemodule' in project 'Pods'
        ➜ Explicit dependency on target 'React-graphics' in project 'Pods'
        ➜ Explicit dependency on target 'React-hermes' in project 'Pods'
        ➜ Explicit dependency on target 'React-idlecallbacksnativemodule' in project 'Pods'
        ➜ Explicit dependency on target 'React-intersectionobservernativemodule' in project 'Pods'
        ➜ Explicit dependency on target 'React-jserrorhandler' in project 'Pods'
        ➜ Explicit dependency on target 'React-jsi' in project 'Pods'
        ➜ Explicit dependency on target 'React-jsiexecutor' in project 'Pods'
        ➜ Explicit dependency on target 'React-jsinspector' in project 'Pods'
        ➜ Explicit dependency on target 'React-jsinspectorcdp' in project 'Pods'
        ➜ Explicit dependency on target 'React-jsinspectornetwork' in project 'Pods'
        ➜ Explicit dependency on target 'React-jsinspectortracing' in project 'Pods'
        ➜ Explicit dependency on target 'React-jsitooling' in project 'Pods'
        ➜ Explicit dependency on target 'React-jsitracing' in project 'Pods'
        ➜ Explicit dependency on target 'React-logger' in project 'Pods'
        ➜ Explicit dependency on target 'React-microtasksnativemodule' in project 'Pods'
        ➜ Explicit dependency on target 'React-mutationobservernativemodule' in project 'Pods'
        ➜ Explicit dependency on target 'React-networking' in project 'Pods'
        ➜ Explicit dependency on target 'React-oscompat' in project 'Pods'
        ➜ Explicit dependency on target 'React-perflogger' in project 'Pods'
        ➜ Explicit dependency on target 'React-performancecdpmetrics' in project 'Pods'
        ➜ Explicit dependency on target 'React-performancetimeline' in project 'Pods'
        ➜ Explicit dependency on target 'React-rendererconsistency' in project 'Pods'
        ➜ Explicit dependency on target 'React-renderercss' in project 'Pods'
        ➜ Explicit dependency on target 'React-rendererdebug' in project 'Pods'
        ➜ Explicit dependency on target 'React-runtimeexecutor' in project 'Pods'
        ➜ Explicit dependency on target 'React-runtimescheduler' in project 'Pods'
        ➜ Explicit dependency on target 'React-timing' in project 'Pods'
        ➜ Explicit dependency on target 'React-utils' in project 'Pods'
        ➜ Explicit dependency on target 'React-viewtransitionnativemodule' in project 'Pods'
        ➜ Explicit dependency on target 'React-webperformancenativemodule' in project 'Pods'
        ➜ Explicit dependency on target 'ReactAppDependencyProvider' in project 'Pods'
        ➜ Explicit dependency on target 'ReactCodegen' in project 'Pods'
        ➜ Explicit dependency on target 'ReactCommon' in project 'Pods'
        ➜ Explicit dependency on target 'ReactNativeDependencies' in project 'Pods'
        ➜ Explicit dependency on target 'SwiftUIIntrospect' in project 'Pods'
        ➜ Explicit dependency on target 'Yoga' in project 'Pods'
        ➜ Explicit dependency on target 'hermes-engine' in project 'Pods'
        ➜ Explicit dependency on target 'react-native-config' in project 'Pods'
        ➜ Explicit dependency on target 'react-native-geolocation' in project 'Pods'
        ➜ Explicit dependency on target 'react-native-image-picker' in project 'Pods'
        ➜ Explicit dependency on target 'react-native-maps' in project 'Pods'
        ➜ Explicit dependency on target 'react-native-pager-view' in project 'Pods'
        ➜ Explicit dependency on target 'react-native-safe-area-context' in project 'Pods'
    Target 'react-native-safe-area-context' in project 'Pods'
        ➜ Explicit dependency on target 'RCTRequired' in project 'Pods'
        ➜ Explicit dependency on target 'RCTTypeSafety' in project 'Pods'
        ➜ Explicit dependency on target 'React-Core' in project 'Pods'
        ➜ Explicit dependency on target 'React-Core-prebuilt' in project 'Pods'
        ➜ Explicit dependency on target 'React-Fabric' in project 'Pods'
        ➜ Explicit dependency on target 'React-ImageManager' in project 'Pods'
        ➜ Explicit dependency on target 'React-NativeModulesApple' in project 'Pods'
        ➜ Explicit dependency on target 'React-RCTFabric' in project 'Pods'
        ➜ Explicit dependency on target 'React-debug' in project 'Pods'
        ➜ Explicit dependency on target 'React-featureflags' in project 'Pods'
        ➜ Explicit dependency on target 'React-graphics' in project 'Pods'
        ➜ Explicit dependency on target 'React-jsi' in project 'Pods'
        ➜ Explicit dependency on target 'React-renderercss' in project 'Pods'
        ➜ Explicit dependency on target 'React-rendererdebug' in project 'Pods'
        ➜ Explicit dependency on target 'React-utils' in project 'Pods'
        ➜ Explicit dependency on target 'ReactCodegen' in project 'Pods'
        ➜ Explicit dependency on target 'ReactCommon' in project 'Pods'
        ➜ Explicit dependency on target 'ReactNativeDependencies' in project 'Pods'
        ➜ Explicit dependency on target 'Yoga' in project 'Pods'
        ➜ Explicit dependency on target 'hermes-engine' in project 'Pods'
    Target 'react-native-pager-view' in project 'Pods'
        ➜ Explicit dependency on target 'RCTRequired' in project 'Pods'
        ➜ Explicit dependency on target 'RCTTypeSafety' in project 'Pods'
        ➜ Explicit dependency on target 'React-Core' in project 'Pods'
        ➜ Explicit dependency on target 'React-Core-prebuilt' in project 'Pods'
        ➜ Explicit dependency on target 'React-Fabric' in project 'Pods'
        ➜ Explicit dependency on target 'React-ImageManager' in project 'Pods'
        ➜ Explicit dependency on target 'React-NativeModulesApple' in project 'Pods'
        ➜ Explicit dependency on target 'React-RCTFabric' in project 'Pods'
        ➜ Explicit dependency on target 'React-debug' in project 'Pods'
        ➜ Explicit dependency on target 'React-featureflags' in project 'Pods'
        ➜ Explicit dependency on target 'React-graphics' in project 'Pods'
        ➜ Explicit dependency on target 'React-jsi' in project 'Pods'
        ➜ Explicit dependency on target 'React-renderercss' in project 'Pods'
        ➜ Explicit dependency on target 'React-rendererdebug' in project 'Pods'
        ➜ Explicit dependency on target 'React-utils' in project 'Pods'
        ➜ Explicit dependency on target 'ReactCodegen' in project 'Pods'
        ➜ Explicit dependency on target 'ReactCommon' in project 'Pods'
        ➜ Explicit dependency on target 'ReactNativeDependencies' in project 'Pods'
        ➜ Explicit dependency on target 'SwiftUIIntrospect' in project 'Pods'
        ➜ Explicit dependency on target 'Yoga' in project 'Pods'
        ➜ Explicit dependency on target 'hermes-engine' in project 'Pods'
    Target 'react-native-maps' in project 'Pods'
        ➜ Explicit dependency on target 'RCTRequired' in project 'Pods'
        ➜ Explicit dependency on target 'RCTTypeSafety' in project 'Pods'
        ➜ Explicit dependency on target 'React-Core' in project 'Pods'
        ➜ Explicit dependency on target 'React-Core-prebuilt' in project 'Pods'
        ➜ Explicit dependency on target 'React-Fabric' in project 'Pods'
        ➜ Explicit dependency on target 'React-ImageManager' in project 'Pods'
        ➜ Explicit dependency on target 'React-NativeModulesApple' in project 'Pods'
        ➜ Explicit dependency on target 'React-RCTFabric' in project 'Pods'
        ➜ Explicit dependency on target 'React-debug' in project 'Pods'
        ➜ Explicit dependency on target 'React-featureflags' in project 'Pods'
        ➜ Explicit dependency on target 'React-graphics' in project 'Pods'
        ➜ Explicit dependency on target 'React-jsi' in project 'Pods'
        ➜ Explicit dependency on target 'React-renderercss' in project 'Pods'
        ➜ Explicit dependency on target 'React-rendererdebug' in project 'Pods'
        ➜ Explicit dependency on target 'React-utils' in project 'Pods'
        ➜ Explicit dependency on target 'ReactCodegen' in project 'Pods'
        ➜ Explicit dependency on target 'ReactCommon' in project 'Pods'
        ➜ Explicit dependency on target 'ReactNativeDependencies' in project 'Pods'
        ➜ Explicit dependency on target 'Yoga' in project 'Pods'
        ➜ Explicit dependency on target 'hermes-engine' in project 'Pods'
    Target 'react-native-image-picker' in project 'Pods'
        ➜ Explicit dependency on target 'RCTRequired' in project 'Pods'
        ➜ Explicit dependency on target 'RCTTypeSafety' in project 'Pods'
        ➜ Explicit dependency on target 'React-Core' in project 'Pods'
        ➜ Explicit dependency on target 'React-Core-prebuilt' in project 'Pods'
        ➜ Explicit dependency on target 'React-Fabric' in project 'Pods'
        ➜ Explicit dependency on target 'React-ImageManager' in project 'Pods'
        ➜ Explicit dependency on target 'React-NativeModulesApple' in project 'Pods'
        ➜ Explicit dependency on target 'React-RCTFabric' in project 'Pods'
        ➜ Explicit dependency on target 'React-debug' in project 'Pods'
        ➜ Explicit dependency on target 'React-featureflags' in project 'Pods'
        ➜ Explicit dependency on target 'React-graphics' in project 'Pods'
        ➜ Explicit dependency on target 'React-jsi' in project 'Pods'
        ➜ Explicit dependency on target 'React-renderercss' in project 'Pods'
        ➜ Explicit dependency on target 'React-rendererdebug' in project 'Pods'
        ➜ Explicit dependency on target 'React-utils' in project 'Pods'
        ➜ Explicit dependency on target 'ReactCodegen' in project 'Pods'
        ➜ Explicit dependency on target 'ReactCommon' in project 'Pods'
        ➜ Explicit dependency on target 'ReactNativeDependencies' in project 'Pods'
        ➜ Explicit dependency on target 'Yoga' in project 'Pods'
        ➜ Explicit dependency on target 'hermes-engine' in project 'Pods'
        ➜ Explicit dependency on target 'react-native-image-picker-RNImagePickerPrivacyInfo' in project 'Pods'
    Target 'react-native-image-picker-RNImagePickerPrivacyInfo' in project 'Pods' (no dependencies)
    Target 'react-native-geolocation' in project 'Pods'
        ➜ Explicit dependency on target 'RCTRequired' in project 'Pods'
        ➜ Explicit dependency on target 'RCTTypeSafety' in project 'Pods'
        ➜ Explicit dependency on target 'React-Core' in project 'Pods'
        ➜ Explicit dependency on target 'React-Core-prebuilt' in project 'Pods'
        ➜ Explicit dependency on target 'React-Fabric' in project 'Pods'
        ➜ Explicit dependency on target 'React-ImageManager' in project 'Pods'
        ➜ Explicit dependency on target 'React-NativeModulesApple' in project 'Pods'
        ➜ Explicit dependency on target 'React-RCTFabric' in project 'Pods'
        ➜ Explicit dependency on target 'React-debug' in project 'Pods'
        ➜ Explicit dependency on target 'React-featureflags' in project 'Pods'
        ➜ Explicit dependency on target 'React-graphics' in project 'Pods'
        ➜ Explicit dependency on target 'React-jsi' in project 'Pods'
        ➜ Explicit dependency on target 'React-renderercss' in project 'Pods'
        ➜ Explicit dependency on target 'React-rendererdebug' in project 'Pods'
        ➜ Explicit dependency on target 'React-utils' in project 'Pods'
        ➜ Explicit dependency on target 'ReactCodegen' in project 'Pods'
        ➜ Explicit dependency on target 'ReactCommon' in project 'Pods'
        ➜ Explicit dependency on target 'ReactNativeDependencies' in project 'Pods'
        ➜ Explicit dependency on target 'Yoga' in project 'Pods'
        ➜ Explicit dependency on target 'hermes-engine' in project 'Pods'
    Target 'react-native-config' in project 'Pods'
        ➜ Explicit dependency on target 'RCTRequired' in project 'Pods'
        ➜ Explicit dependency on target 'RCTTypeSafety' in project 'Pods'
        ➜ Explicit dependency on target 'React-Core' in project 'Pods'
        ➜ Explicit dependency on target 'React-Core-prebuilt' in project 'Pods'
        ➜ Explicit dependency on target 'React-Fabric' in project 'Pods'
        ➜ Explicit dependency on target 'React-ImageManager' in project 'Pods'
        ➜ Explicit dependency on target 'React-NativeModulesApple' in project 'Pods'
        ➜ Explicit dependency on target 'React-RCTFabric' in project 'Pods'
        ➜ Explicit dependency on target 'React-debug' in project 'Pods'
        ➜ Explicit dependency on target 'React-featureflags' in project 'Pods'
        ➜ Explicit dependency on target 'React-graphics' in project 'Pods'
        ➜ Explicit dependency on target 'React-jsi' in project 'Pods'
        ➜ Explicit dependency on target 'React-renderercss' in project 'Pods'
        ➜ Explicit dependency on target 'React-rendererdebug' in project 'Pods'
        ➜ Explicit dependency on target 'React-utils' in project 'Pods'
        ➜ Explicit dependency on target 'ReactCodegen' in project 'Pods'
        ➜ Explicit dependency on target 'ReactCommon' in project 'Pods'
        ➜ Explicit dependency on target 'ReactNativeDependencies' in project 'Pods'
        ➜ Explicit dependency on target 'Yoga' in project 'Pods'
        ➜ Explicit dependency on target 'hermes-engine' in project 'Pods'
    Target 'SwiftUIIntrospect' in project 'Pods' (no dependencies)
    Target 'ReactAppDependencyProvider' in project 'Pods'
        ➜ Explicit dependency on target 'ReactCodegen' in project 'Pods'
    Target 'React' in project 'Pods'
        ➜ Explicit dependency on target 'React-Core' in project 'Pods'
        ➜ Explicit dependency on target 'React-RCTActionSheet' in project 'Pods'
        ➜ Explicit dependency on target 'React-RCTAnimation' in project 'Pods'
        ➜ Explicit dependency on target 'React-RCTBlob' in project 'Pods'
        ➜ Explicit dependency on target 'React-RCTImage' in project 'Pods'
        ➜ Explicit dependency on target 'React-RCTLinking' in project 'Pods'
        ➜ Explicit dependency on target 'React-RCTNetwork' in project 'Pods'
        ➜ Explicit dependency on target 'React-RCTSettings' in project 'Pods'
        ➜ Explicit dependency on target 'React-RCTText' in project 'Pods'
        ➜ Explicit dependency on target 'React-RCTVibration' in project 'Pods'
    Target 'React-RCTVibration' in project 'Pods'
        ➜ Explicit dependency on target 'React-Core' in project 'Pods'
        ➜ Explicit dependency on target 'React-Core-prebuilt' in project 'Pods'
        ➜ Explicit dependency on target 'React-jsi' in project 'Pods'
        ➜ Explicit dependency on target 'React-NativeModulesApple' in project 'Pods'
        ➜ Explicit dependency on target 'React-RCTFBReactNativeSpec' in project 'Pods'
        ➜ Explicit dependency on target 'ReactCommon' in project 'Pods'
        ➜ Explicit dependency on target 'ReactNativeDependencies' in project 'Pods'
    Target 'React-RCTSettings' in project 'Pods'
        ➜ Explicit dependency on target 'RCTTypeSafety' in project 'Pods'
        ➜ Explicit dependency on target 'React-Core' in project 'Pods'
        ➜ Explicit dependency on target 'React-Core-prebuilt' in project 'Pods'
        ➜ Explicit dependency on target 'React-jsi' in project 'Pods'
        ➜ Explicit dependency on target 'React-NativeModulesApple' in project 'Pods'
        ➜ Explicit dependency on target 'React-RCTFBReactNativeSpec' in project 'Pods'
        ➜ Explicit dependency on target 'ReactCommon' in project 'Pods'
        ➜ Explicit dependency on target 'ReactNativeDependencies' in project 'Pods'
    Target 'React-RCTLinking' in project 'Pods'
        ➜ Explicit dependency on target 'React-Core' in project 'Pods'
        ➜ Explicit dependency on target 'React-jsi' in project 'Pods'
        ➜ Explicit dependency on target 'React-NativeModulesApple' in project 'Pods'
        ➜ Explicit dependency on target 'React-RCTFBReactNativeSpec' in project 'Pods'
        ➜ Explicit dependency on target 'ReactCommon' in project 'Pods'
    Target 'React-RCTActionSheet' in project 'Pods'
        ➜ Explicit dependency on target 'React-Core' in project 'Pods'
    Target 'RNScreens' in project 'Pods'
        ➜ Explicit dependency on target 'RCTRequired' in project 'Pods'
        ➜ Explicit dependency on target 'RCTTypeSafety' in project 'Pods'
        ➜ Explicit dependency on target 'React-Core' in project 'Pods'
        ➜ Explicit dependency on target 'React-Core-prebuilt' in project 'Pods'
        ➜ Explicit dependency on target 'React-Fabric' in project 'Pods'
        ➜ Explicit dependency on target 'React-ImageManager' in project 'Pods'
        ➜ Explicit dependency on target 'React-NativeModulesApple' in project 'Pods'
        ➜ Explicit dependency on target 'React-RCTFabric' in project 'Pods'
        ➜ Explicit dependency on target 'React-RCTImage' in project 'Pods'
        ➜ Explicit dependency on target 'React-debug' in project 'Pods'
        ➜ Explicit dependency on target 'React-featureflags' in project 'Pods'
        ➜ Explicit dependency on target 'React-graphics' in project 'Pods'
        ➜ Explicit dependency on target 'React-jsi' in project 'Pods'
        ➜ Explicit dependency on target 'React-renderercss' in project 'Pods'
        ➜ Explicit dependency on target 'React-rendererdebug' in project 'Pods'
        ➜ Explicit dependency on target 'React-utils' in project 'Pods'
        ➜ Explicit dependency on target 'ReactCodegen' in project 'Pods'
        ➜ Explicit dependency on target 'ReactCommon' in project 'Pods'
        ➜ Explicit dependency on target 'ReactNativeDependencies' in project 'Pods'
        ➜ Explicit dependency on target 'Yoga' in project 'Pods'
        ➜ Explicit dependency on target 'hermes-engine' in project 'Pods'
    Target 'RNSVG' in project 'Pods'
        ➜ Explicit dependency on target 'RCTRequired' in project 'Pods'
        ➜ Explicit dependency on target 'RCTTypeSafety' in project 'Pods'
        ➜ Explicit dependency on target 'RNSVG-RNSVGFilters' in project 'Pods'
        ➜ Explicit dependency on target 'React-Core' in project 'Pods'
        ➜ Explicit dependency on target 'React-Core-prebuilt' in project 'Pods'
        ➜ Explicit dependency on target 'React-Fabric' in project 'Pods'
        ➜ Explicit dependency on target 'React-ImageManager' in project 'Pods'
        ➜ Explicit dependency on target 'React-NativeModulesApple' in project 'Pods'
        ➜ Explicit dependency on target 'React-RCTFabric' in project 'Pods'
        ➜ Explicit dependency on target 'React-debug' in project 'Pods'
        ➜ Explicit dependency on target 'React-featureflags' in project 'Pods'
        ➜ Explicit dependency on target 'React-graphics' in project 'Pods'
        ➜ Explicit dependency on target 'React-jsi' in project 'Pods'
        ➜ Explicit dependency on target 'React-renderercss' in project 'Pods'
        ➜ Explicit dependency on target 'React-rendererdebug' in project 'Pods'
        ➜ Explicit dependency on target 'React-utils' in project 'Pods'
        ➜ Explicit dependency on target 'ReactCodegen' in project 'Pods'
        ➜ Explicit dependency on target 'ReactCommon' in project 'Pods'
        ➜ Explicit dependency on target 'ReactNativeDependencies' in project 'Pods'
        ➜ Explicit dependency on target 'Yoga' in project 'Pods'
        ➜ Explicit dependency on target 'hermes-engine' in project 'Pods'
    Target 'RNSVG-RNSVGFilters' in project 'Pods' (no dependencies)
    Target 'RNKeychain' in project 'Pods'
        ➜ Explicit dependency on target 'RCTRequired' in project 'Pods'
        ➜ Explicit dependency on target 'RCTTypeSafety' in project 'Pods'
        ➜ Explicit dependency on target 'React-Core' in project 'Pods'
        ➜ Explicit dependency on target 'React-Core-prebuilt' in project 'Pods'
        ➜ Explicit dependency on target 'React-Fabric' in project 'Pods'
        ➜ Explicit dependency on target 'React-ImageManager' in project 'Pods'
        ➜ Explicit dependency on target 'React-NativeModulesApple' in project 'Pods'
        ➜ Explicit dependency on target 'React-RCTFabric' in project 'Pods'
        ➜ Explicit dependency on target 'React-debug' in project 'Pods'
        ➜ Explicit dependency on target 'React-featureflags' in project 'Pods'
        ➜ Explicit dependency on target 'React-graphics' in project 'Pods'
        ➜ Explicit dependency on target 'React-jsi' in project 'Pods'
        ➜ Explicit dependency on target 'React-renderercss' in project 'Pods'
        ➜ Explicit dependency on target 'React-rendererdebug' in project 'Pods'
        ➜ Explicit dependency on target 'React-utils' in project 'Pods'
        ➜ Explicit dependency on target 'ReactCodegen' in project 'Pods'
        ➜ Explicit dependency on target 'ReactCommon' in project 'Pods'
        ➜ Explicit dependency on target 'ReactNativeDependencies' in project 'Pods'
        ➜ Explicit dependency on target 'Yoga' in project 'Pods'
        ➜ Explicit dependency on target 'hermes-engine' in project 'Pods'
    Target 'RNGestureHandler' in project 'Pods'
        ➜ Explicit dependency on target 'RCTRequired' in project 'Pods'
        ➜ Explicit dependency on target 'RCTTypeSafety' in project 'Pods'
        ➜ Explicit dependency on target 'React-Core' in project 'Pods'
        ➜ Explicit dependency on target 'React-Core-prebuilt' in project 'Pods'
        ➜ Explicit dependency on target 'React-Fabric' in project 'Pods'
        ➜ Explicit dependency on target 'React-ImageManager' in project 'Pods'
        ➜ Explicit dependency on target 'React-NativeModulesApple' in project 'Pods'
        ➜ Explicit dependency on target 'React-RCTFabric' in project 'Pods'
        ➜ Explicit dependency on target 'React-debug' in project 'Pods'
        ➜ Explicit dependency on target 'React-featureflags' in project 'Pods'
        ➜ Explicit dependency on target 'React-graphics' in project 'Pods'
        ➜ Explicit dependency on target 'React-jsi' in project 'Pods'
        ➜ Explicit dependency on target 'React-renderercss' in project 'Pods'
        ➜ Explicit dependency on target 'React-rendererdebug' in project 'Pods'
        ➜ Explicit dependency on target 'React-utils' in project 'Pods'
        ➜ Explicit dependency on target 'ReactCodegen' in project 'Pods'
        ➜ Explicit dependency on target 'ReactCommon' in project 'Pods'
        ➜ Explicit dependency on target 'ReactNativeDependencies' in project 'Pods'
        ➜ Explicit dependency on target 'Yoga' in project 'Pods'
        ➜ Explicit dependency on target 'hermes-engine' in project 'Pods'
    Target 'AsyncStorage' in project 'Pods'
        ➜ Explicit dependency on target 'AsyncStorage-AsyncStorage_resources' in project 'Pods'
        ➜ Explicit dependency on target 'RCTRequired' in project 'Pods'
        ➜ Explicit dependency on target 'RCTTypeSafety' in project 'Pods'
        ➜ Explicit dependency on target 'React-Core' in project 'Pods'
        ➜ Explicit dependency on target 'React-Core-prebuilt' in project 'Pods'
        ➜ Explicit dependency on target 'React-Fabric' in project 'Pods'
        ➜ Explicit dependency on target 'React-ImageManager' in project 'Pods'
        ➜ Explicit dependency on target 'React-NativeModulesApple' in project 'Pods'
        ➜ Explicit dependency on target 'React-RCTFabric' in project 'Pods'
        ➜ Explicit dependency on target 'React-debug' in project 'Pods'
        ➜ Explicit dependency on target 'React-featureflags' in project 'Pods'
        ➜ Explicit dependency on target 'React-graphics' in project 'Pods'
        ➜ Explicit dependency on target 'React-jsi' in project 'Pods'
        ➜ Explicit dependency on target 'React-renderercss' in project 'Pods'
        ➜ Explicit dependency on target 'React-rendererdebug' in project 'Pods'
        ➜ Explicit dependency on target 'React-utils' in project 'Pods'
        ➜ Explicit dependency on target 'ReactCodegen' in project 'Pods'
        ➜ Explicit dependency on target 'ReactCommon' in project 'Pods'
        ➜ Explicit dependency on target 'ReactNativeDependencies' in project 'Pods'
        ➜ Explicit dependency on target 'Yoga' in project 'Pods'
        ➜ Explicit dependency on target 'hermes-engine' in project 'Pods'
    Target 'ReactCodegen' in project 'Pods'
        ➜ Explicit dependency on target 'RCTRequired' in project 'Pods'
        ➜ Explicit dependency on target 'RCTTypeSafety' in project 'Pods'
        ➜ Explicit dependency on target 'React-Core' in project 'Pods'
        ➜ Explicit dependency on target 'React-Core-prebuilt' in project 'Pods'
        ➜ Explicit dependency on target 'React-Fabric' in project 'Pods'
        ➜ Explicit dependency on target 'React-FabricImage' in project 'Pods'
        ➜ Explicit dependency on target 'React-NativeModulesApple' in project 'Pods'
        ➜ Explicit dependency on target 'React-RCTAppDelegate' in project 'Pods'
        ➜ Explicit dependency on target 'React-debug' in project 'Pods'
        ➜ Explicit dependency on target 'React-featureflags' in project 'Pods'
        ➜ Explicit dependency on target 'React-graphics' in project 'Pods'
        ➜ Explicit dependency on target 'React-jsi' in project 'Pods'
        ➜ Explicit dependency on target 'React-jsiexecutor' in project 'Pods'
        ➜ Explicit dependency on target 'React-rendererdebug' in project 'Pods'
        ➜ Explicit dependency on target 'React-utils' in project 'Pods'
        ➜ Explicit dependency on target 'ReactCommon' in project 'Pods'
        ➜ Explicit dependency on target 'ReactNativeDependencies' in project 'Pods'
        ➜ Explicit dependency on target 'hermes-engine' in project 'Pods'
    Target 'React-RCTAppDelegate' in project 'Pods'
        ➜ Explicit dependency on target 'hermes-engine' in project 'Pods'
        ➜ Explicit dependency on target 'RCTRequired' in project 'Pods'
        ➜ Explicit dependency on target 'RCTTypeSafety' in project 'Pods'
        ➜ Explicit dependency on target 'React-Core' in project 'Pods'
        ➜ Explicit dependency on target 'React-Core-prebuilt' in project 'Pods'
        ➜ Explicit dependency on target 'React-CoreModules' in project 'Pods'
        ➜ Explicit dependency on target 'React-debug' in project 'Pods'
        ➜ Explicit dependency on target 'React-defaultsnativemodule' in project 'Pods'
        ➜ Explicit dependency on target 'React-Fabric' in project 'Pods'
        ➜ Explicit dependency on target 'React-featureflags' in project 'Pods'
        ➜ Explicit dependency on target 'React-graphics' in project 'Pods'
        ➜ Explicit dependency on target 'React-hermes' in project 'Pods'
        ➜ Explicit dependency on target 'React-jsitooling' in project 'Pods'
        ➜ Explicit dependency on target 'React-NativeModulesApple' in project 'Pods'
        ➜ Explicit dependency on target 'React-RCTFabric' in project 'Pods'
        ➜ Explicit dependency on target 'React-RCTFBReactNativeSpec' in project 'Pods'
        ➜ Explicit dependency on target 'React-RCTImage' in project 'Pods'
        ➜ Explicit dependency on target 'React-RCTNetwork' in project 'Pods'
        ➜ Explicit dependency on target 'React-RCTRuntime' in project 'Pods'
        ➜ Explicit dependency on target 'React-rendererdebug' in project 'Pods'
        ➜ Explicit dependency on target 'React-RuntimeApple' in project 'Pods'
        ➜ Explicit dependency on target 'React-RuntimeCore' in project 'Pods'
        ➜ Explicit dependency on target 'React-runtimeexecutor' in project 'Pods'
        ➜ Explicit dependency on target 'React-runtimescheduler' in project 'Pods'
        ➜ Explicit dependency on target 'React-utils' in project 'Pods'
        ➜ Explicit dependency on target 'ReactCommon' in project 'Pods'
        ➜ Explicit dependency on target 'ReactNativeDependencies' in project 'Pods'
    Target 'React-RCTRuntime' in project 'Pods'
        ➜ Explicit dependency on target 'hermes-engine' in project 'Pods'
        ➜ Explicit dependency on target 'React-Core' in project 'Pods'
        ➜ Explicit dependency on target 'React-Core-prebuilt' in project 'Pods'
        ➜ Explicit dependency on target 'React-debug' in project 'Pods'
        ➜ Explicit dependency on target 'React-jsi' in project 'Pods'
        ➜ Explicit dependency on target 'React-jsinspector' in project 'Pods'
        ➜ Explicit dependency on target 'React-jsinspectorcdp' in project 'Pods'
        ➜ Explicit dependency on target 'React-jsinspectortracing' in project 'Pods'
        ➜ Explicit dependency on target 'React-jsitooling' in project 'Pods'
        ➜ Explicit dependency on target 'React-RuntimeApple' in project 'Pods'
        ➜ Explicit dependency on target 'React-RuntimeCore' in project 'Pods'
        ➜ Explicit dependency on target 'React-runtimeexecutor' in project 'Pods'
        ➜ Explicit dependency on target 'React-RuntimeHermes' in project 'Pods'
        ➜ Explicit dependency on target 'React-utils' in project 'Pods'
        ➜ Explicit dependency on target 'ReactNativeDependencies' in project 'Pods'
    Target 'React-RuntimeApple' in project 'Pods'
        ➜ Explicit dependency on target 'hermes-engine' in project 'Pods'
        ➜ Explicit dependency on target 'React-callinvoker' in project 'Pods'
        ➜ Explicit dependency on target 'React-Core' in project 'Pods'
        ➜ Explicit dependency on target 'React-Core-prebuilt' in project 'Pods'
        ➜ Explicit dependency on target 'React-CoreModules' in project 'Pods'
        ➜ Explicit dependency on target 'React-cxxreact' in project 'Pods'
        ➜ Explicit dependency on target 'React-featureflags' in project 'Pods'
        ➜ Explicit dependency on target 'React-jserrorhandler' in project 'Pods'
        ➜ Explicit dependency on target 'React-jsi' in project 'Pods'
        ➜ Explicit dependency on target 'React-jsiexecutor' in project 'Pods'
        ➜ Explicit dependency on target 'React-jsinspector' in project 'Pods'
        ➜ Explicit dependency on target 'React-jsitooling' in project 'Pods'
        ➜ Explicit dependency on target 'React-Mapbuffer' in project 'Pods'
        ➜ Explicit dependency on target 'React-NativeModulesApple' in project 'Pods'
        ➜ Explicit dependency on target 'React-RCTFabric' in project 'Pods'
        ➜ Explicit dependency on target 'React-RCTFBReactNativeSpec' in project 'Pods'
        ➜ Explicit dependency on target 'React-RuntimeCore' in project 'Pods'
        ➜ Explicit dependency on target 'React-runtimeexecutor' in project 'Pods'
        ➜ Explicit dependency on target 'React-RuntimeHermes' in project 'Pods'
        ➜ Explicit dependency on target 'React-runtimescheduler' in project 'Pods'
        ➜ Explicit dependency on target 'React-utils' in project 'Pods'
        ➜ Explicit dependency on target 'ReactNativeDependencies' in project 'Pods'
    Target 'React-RuntimeHermes' in project 'Pods'
        ➜ Explicit dependency on target 'hermes-engine' in project 'Pods'
        ➜ Explicit dependency on target 'React-Core-prebuilt' in project 'Pods'
        ➜ Explicit dependency on target 'React-featureflags' in project 'Pods'
        ➜ Explicit dependency on target 'React-hermes' in project 'Pods'
        ➜ Explicit dependency on target 'React-jsi' in project 'Pods'
        ➜ Explicit dependency on target 'React-jsinspector' in project 'Pods'
        ➜ Explicit dependency on target 'React-jsinspectorcdp' in project 'Pods'
        ➜ Explicit dependency on target 'React-jsinspectortracing' in project 'Pods'
        ➜ Explicit dependency on target 'React-jsitooling' in project 'Pods'
        ➜ Explicit dependency on target 'React-jsitracing' in project 'Pods'
        ➜ Explicit dependency on target 'React-RuntimeCore' in project 'Pods'
        ➜ Explicit dependency on target 'React-runtimeexecutor' in project 'Pods'
        ➜ Explicit dependency on target 'React-utils' in project 'Pods'
        ➜ Explicit dependency on target 'ReactNativeDependencies' in project 'Pods'
    Target 'React-jsitracing' in project 'Pods'
        ➜ Explicit dependency on target 'React-jsi' in project 'Pods'
    Target 'React-RuntimeCore' in project 'Pods'
        ➜ Explicit dependency on target 'hermes-engine' in project 'Pods'
        ➜ Explicit dependency on target 'React-Core-prebuilt' in project 'Pods'
        ➜ Explicit dependency on target 'React-cxxreact' in project 'Pods'
        ➜ Explicit dependency on target 'React-Fabric' in project 'Pods'
        ➜ Explicit dependency on target 'React-featureflags' in project 'Pods'
        ➜ Explicit dependency on target 'React-jserrorhandler' in project 'Pods'
        ➜ Explicit dependency on target 'React-jsi' in project 'Pods'
        ➜ Explicit dependency on target 'React-jsiexecutor' in project 'Pods'
        ➜ Explicit dependency on target 'React-jsinspector' in project 'Pods'
        ➜ Explicit dependency on target 'React-jsitooling' in project 'Pods'
        ➜ Explicit dependency on target 'React-performancetimeline' in project 'Pods'
        ➜ Explicit dependency on target 'React-runtimeexecutor' in project 'Pods'
        ➜ Explicit dependency on target 'React-runtimescheduler' in project 'Pods'
        ➜ Explicit dependency on target 'React-utils' in project 'Pods'
        ➜ Explicit dependency on target 'ReactNativeDependencies' in project 'Pods'
    Target 'React-Mapbuffer' in project 'Pods'
        ➜ Explicit dependency on target 'React-Core-prebuilt' in project 'Pods'
        ➜ Explicit dependency on target 'React-debug' in project 'Pods'
        ➜ Explicit dependency on target 'ReactNativeDependencies' in project 'Pods'
    Target 'React-defaultsnativemodule' in project 'Pods'
        ➜ Explicit dependency on target 'hermes-engine' in project 'Pods'
        ➜ Explicit dependency on target 'React-Core-prebuilt' in project 'Pods'
        ➜ Explicit dependency on target 'React-domnativemodule' in project 'Pods'
        ➜ Explicit dependency on target 'React-Fabric' in project 'Pods'
        ➜ Explicit dependency on target 'React-featureflags' in project 'Pods'
        ➜ Explicit dependency on target 'React-featureflagsnativemodule' in project 'Pods'
        ➜ Explicit dependency on target 'React-idlecallbacksnativemodule' in project 'Pods'
        ➜ Explicit dependency on target 'React-intersectionobservernativemodule' in project 'Pods'
        ➜ Explicit dependency on target 'React-jsi' in project 'Pods'
        ➜ Explicit dependency on target 'React-jsiexecutor' in project 'Pods'
        ➜ Explicit dependency on target 'React-microtasksnativemodule' in project 'Pods'
        ➜ Explicit dependency on target 'React-mutationobservernativemodule' in project 'Pods'
        ➜ Explicit dependency on target 'React-RCTFBReactNativeSpec' in project 'Pods'
        ➜ Explicit dependency on target 'React-viewtransitionnativemodule' in project 'Pods'
        ➜ Explicit dependency on target 'React-webperformancenativemodule' in project 'Pods'
        ➜ Explicit dependency on target 'ReactNativeDependencies' in project 'Pods'
        ➜ Explicit dependency on target 'Yoga' in project 'Pods'
    Target 'React-webperformancenativemodule' in project 'Pods'
        ➜ Explicit dependency on target 'hermes-engine' in project 'Pods'
        ➜ Explicit dependency on target 'React-Core-prebuilt' in project 'Pods'
        ➜ Explicit dependency on target 'React-cxxreact' in project 'Pods'
        ➜ Explicit dependency on target 'React-jsi' in project 'Pods'
        ➜ Explicit dependency on target 'React-jsiexecutor' in project 'Pods'
        ➜ Explicit dependency on target 'React-performancetimeline' in project 'Pods'
        ➜ Explicit dependency on target 'React-RCTFBReactNativeSpec' in project 'Pods'
        ➜ Explicit dependency on target 'React-runtimeexecutor' in project 'Pods'
        ➜ Explicit dependency on target 'ReactCommon' in project 'Pods'
        ➜ Explicit dependency on target 'ReactNativeDependencies' in project 'Pods'
    Target 'React-viewtransitionnativemodule' in project 'Pods'
        ➜ Explicit dependency on target 'hermes-engine' in project 'Pods'
        ➜ Explicit dependency on target 'React-Core-prebuilt' in project 'Pods'
        ➜ Explicit dependency on target 'React-Fabric' in project 'Pods'
        ➜ Explicit dependency on target 'React-jsi' in project 'Pods'
        ➜ Explicit dependency on target 'React-jsiexecutor' in project 'Pods'
        ➜ Explicit dependency on target 'React-RCTFBReactNativeSpec' in project 'Pods'
        ➜ Explicit dependency on target 'React-runtimeexecutor' in project 'Pods'
        ➜ Explicit dependency on target 'ReactCommon' in project 'Pods'
        ➜ Explicit dependency on target 'ReactNativeDependencies' in project 'Pods'
        ➜ Explicit dependency on target 'Yoga' in project 'Pods'
    Target 'React-mutationobservernativemodule' in project 'Pods'
        ➜ Explicit dependency on target 'hermes-engine' in project 'Pods'
        ➜ Explicit dependency on target 'React-Core-prebuilt' in project 'Pods'
        ➜ Explicit dependency on target 'React-cxxreact' in project 'Pods'
        ➜ Explicit dependency on target 'React-Fabric' in project 'Pods'
        ➜ Explicit dependency on target 'React-featureflags' in project 'Pods'
        ➜ Explicit dependency on target 'React-jsi' in project 'Pods'
        ➜ Explicit dependency on target 'React-jsiexecutor' in project 'Pods'
        ➜ Explicit dependency on target 'React-RCTFBReactNativeSpec' in project 'Pods'
        ➜ Explicit dependency on target 'React-runtimeexecutor' in project 'Pods'
        ➜ Explicit dependency on target 'ReactCommon' in project 'Pods'
        ➜ Explicit dependency on target 'ReactNativeDependencies' in project 'Pods'
        ➜ Explicit dependency on target 'Yoga' in project 'Pods'
    Target 'React-microtasksnativemodule' in project 'Pods'
        ➜ Explicit dependency on target 'hermes-engine' in project 'Pods'
        ➜ Explicit dependency on target 'React-Core-prebuilt' in project 'Pods'
        ➜ Explicit dependency on target 'React-jsi' in project 'Pods'
        ➜ Explicit dependency on target 'React-jsiexecutor' in project 'Pods'
        ➜ Explicit dependency on target 'React-RCTFBReactNativeSpec' in project 'Pods'
        ➜ Explicit dependency on target 'ReactCommon' in project 'Pods'
        ➜ Explicit dependency on target 'ReactNativeDependencies' in project 'Pods'
    Target 'React-intersectionobservernativemodule' in project 'Pods'
        ➜ Explicit dependency on target 'hermes-engine' in project 'Pods'
        ➜ Explicit dependency on target 'React-Core-prebuilt' in project 'Pods'
        ➜ Explicit dependency on target 'React-cxxreact' in project 'Pods'
        ➜ Explicit dependency on target 'React-Fabric' in project 'Pods'
        ➜ Explicit dependency on target 'React-graphics' in project 'Pods'
        ➜ Explicit dependency on target 'React-jsi' in project 'Pods'
        ➜ Explicit dependency on target 'React-jsiexecutor' in project 'Pods'
        ➜ Explicit dependency on target 'React-RCTFBReactNativeSpec' in project 'Pods'
        ➜ Explicit dependency on target 'React-runtimeexecutor' in project 'Pods'
        ➜ Explicit dependency on target 'React-runtimescheduler' in project 'Pods'
        ➜ Explicit dependency on target 'ReactCommon' in project 'Pods'
        ➜ Explicit dependency on target 'ReactNativeDependencies' in project 'Pods'
        ➜ Explicit dependency on target 'Yoga' in project 'Pods'
    Target 'React-idlecallbacksnativemodule' in project 'Pods'
        ➜ Explicit dependency on target 'hermes-engine' in project 'Pods'
        ➜ Explicit dependency on target 'React-Core-prebuilt' in project 'Pods'
        ➜ Explicit dependency on target 'React-jsi' in project 'Pods'
        ➜ Explicit dependency on target 'React-jsiexecutor' in project 'Pods'
        ➜ Explicit dependency on target 'React-RCTFBReactNativeSpec' in project 'Pods'
        ➜ Explicit dependency on target 'React-runtimeexecutor' in project 'Pods'
        ➜ Explicit dependency on target 'React-runtimescheduler' in project 'Pods'
        ➜ Explicit dependency on target 'ReactCommon' in project 'Pods'
        ➜ Explicit dependency on target 'ReactNativeDependencies' in project 'Pods'
    Target 'React-featureflagsnativemodule' in project 'Pods'
        ➜ Explicit dependency on target 'hermes-engine' in project 'Pods'
        ➜ Explicit dependency on target 'React-Core-prebuilt' in project 'Pods'
        ➜ Explicit dependency on target 'React-featureflags' in project 'Pods'
        ➜ Explicit dependency on target 'React-jsi' in project 'Pods'
        ➜ Explicit dependency on target 'React-jsiexecutor' in project 'Pods'
        ➜ Explicit dependency on target 'React-RCTFBReactNativeSpec' in project 'Pods'
        ➜ Explicit dependency on target 'ReactCommon' in project 'Pods'
        ➜ Explicit dependency on target 'ReactNativeDependencies' in project 'Pods'
    Target 'React-domnativemodule' in project 'Pods'
        ➜ Explicit dependency on target 'hermes-engine' in project 'Pods'
        ➜ Explicit dependency on target 'React-Core-prebuilt' in project 'Pods'
        ➜ Explicit dependency on target 'React-Fabric' in project 'Pods'
        ➜ Explicit dependency on target 'React-FabricComponents' in project 'Pods'
        ➜ Explicit dependency on target 'React-graphics' in project 'Pods'
        ➜ Explicit dependency on target 'React-jsi' in project 'Pods'
        ➜ Explicit dependency on target 'React-jsiexecutor' in project 'Pods'
        ➜ Explicit dependency on target 'React-RCTFBReactNativeSpec' in project 'Pods'
        ➜ Explicit dependency on target 'React-runtimeexecutor' in project 'Pods'
        ➜ Explicit dependency on target 'ReactCommon' in project 'Pods'
        ➜ Explicit dependency on target 'ReactNativeDependencies' in project 'Pods'
        ➜ Explicit dependency on target 'Yoga' in project 'Pods'
    Target 'React-CoreModules' in project 'Pods'
        ➜ Explicit dependency on target 'RCTTypeSafety' in project 'Pods'
        ➜ Explicit dependency on target 'React-Core' in project 'Pods'
        ➜ Explicit dependency on target 'React-Core-prebuilt' in project 'Pods'
        ➜ Explicit dependency on target 'React-debug' in project 'Pods'
        ➜ Explicit dependency on target 'React-featureflags' in project 'Pods'
        ➜ Explicit dependency on target 'React-jsi' in project 'Pods'
        ➜ Explicit dependency on target 'React-jsinspector' in project 'Pods'
        ➜ Explicit dependency on target 'React-jsinspectorcdp' in project 'Pods'
        ➜ Explicit dependency on target 'React-jsinspectortracing' in project 'Pods'
        ➜ Explicit dependency on target 'React-NativeModulesApple' in project 'Pods'
        ➜ Explicit dependency on target 'React-RCTBlob' in project 'Pods'
        ➜ Explicit dependency on target 'React-RCTFBReactNativeSpec' in project 'Pods'
        ➜ Explicit dependency on target 'React-RCTImage' in project 'Pods'
        ➜ Explicit dependency on target 'React-runtimeexecutor' in project 'Pods'
        ➜ Explicit dependency on target 'React-utils' in project 'Pods'
        ➜ Explicit dependency on target 'ReactCommon' in project 'Pods'
        ➜ Explicit dependency on target 'ReactNativeDependencies' in project 'Pods'
    Target 'React-RCTBlob' in project 'Pods'
        ➜ Explicit dependency on target 'hermes-engine' in project 'Pods'
        ➜ Explicit dependency on target 'React-Core' in project 'Pods'
        ➜ Explicit dependency on target 'React-Core-prebuilt' in project 'Pods'
        ➜ Explicit dependency on target 'React-jsi' in project 'Pods'
        ➜ Explicit dependency on target 'React-jsinspector' in project 'Pods'
        ➜ Explicit dependency on target 'React-jsinspectorcdp' in project 'Pods'
        ➜ Explicit dependency on target 'React-NativeModulesApple' in project 'Pods'
        ➜ Explicit dependency on target 'React-RCTFBReactNativeSpec' in project 'Pods'
        ➜ Explicit dependency on target 'React-RCTNetwork' in project 'Pods'
        ➜ Explicit dependency on target 'ReactCommon' in project 'Pods'
        ➜ Explicit dependency on target 'ReactNativeDependencies' in project 'Pods'
    Target 'React-RCTFabric' in project 'Pods'
        ➜ Explicit dependency on target 'hermes-engine' in project 'Pods'
        ➜ Explicit dependency on target 'RCTSwiftUIWrapper' in project 'Pods'
        ➜ Explicit dependency on target 'React-Core' in project 'Pods'
        ➜ Explicit dependency on target 'React-Core-prebuilt' in project 'Pods'
        ➜ Explicit dependency on target 'React-debug' in project 'Pods'
        ➜ Explicit dependency on target 'React-Fabric' in project 'Pods'
        ➜ Explicit dependency on target 'React-FabricComponents' in project 'Pods'
        ➜ Explicit dependency on target 'React-FabricImage' in project 'Pods'
        ➜ Explicit dependency on target 'React-featureflags' in project 'Pods'
        ➜ Explicit dependency on target 'React-graphics' in project 'Pods'
        ➜ Explicit dependency on target 'React-ImageManager' in project 'Pods'
        ➜ Explicit dependency on target 'React-jsi' in project 'Pods'
        ➜ Explicit dependency on target 'React-jsinspector' in project 'Pods'
        ➜ Explicit dependency on target 'React-jsinspectorcdp' in project 'Pods'
        ➜ Explicit dependency on target 'React-jsinspectortracing' in project 'Pods'
        ➜ Explicit dependency on target 'React-networking' in project 'Pods'
        ➜ Explicit dependency on target 'React-performancecdpmetrics' in project 'Pods'
        ➜ Explicit dependency on target 'React-performancetimeline' in project 'Pods'
        ➜ Explicit dependency on target 'React-RCTAnimation' in project 'Pods'
        ➜ Explicit dependency on target 'React-RCTFBReactNativeSpec' in project 'Pods'
        ➜ Explicit dependency on target 'React-RCTImage' in project 'Pods'
        ➜ Explicit dependency on target 'React-RCTText' in project 'Pods'
        ➜ Explicit dependency on target 'React-rendererconsistency' in project 'Pods'
        ➜ Explicit dependency on target 'React-renderercss' in project 'Pods'
        ➜ Explicit dependency on target 'React-rendererdebug' in project 'Pods'
        ➜ Explicit dependency on target 'React-runtimeexecutor' in project 'Pods'
        ➜ Explicit dependency on target 'React-runtimescheduler' in project 'Pods'
        ➜ Explicit dependency on target 'React-utils' in project 'Pods'
        ➜ Explicit dependency on target 'ReactNativeDependencies' in project 'Pods'
        ➜ Explicit dependency on target 'Yoga' in project 'Pods'
    Target 'React-RCTText' in project 'Pods'
        ➜ Explicit dependency on target 'React-Core' in project 'Pods'
        ➜ Explicit dependency on target 'Yoga' in project 'Pods'
    Target 'React-RCTImage' in project 'Pods'
        ➜ Explicit dependency on target 'RCTTypeSafety' in project 'Pods'
        ➜ Explicit dependency on target 'React-Core' in project 'Pods'
        ➜ Explicit dependency on target 'React-Core-prebuilt' in project 'Pods'
        ➜ Explicit dependency on target 'React-jsi' in project 'Pods'
        ➜ Explicit dependency on target 'React-NativeModulesApple' in project 'Pods'
        ➜ Explicit dependency on target 'React-RCTFBReactNativeSpec' in project 'Pods'
        ➜ Explicit dependency on target 'React-RCTNetwork' in project 'Pods'
        ➜ Explicit dependency on target 'ReactCommon' in project 'Pods'
        ➜ Explicit dependency on target 'ReactNativeDependencies' in project 'Pods'
    Target 'React-RCTNetwork' in project 'Pods'
        ➜ Explicit dependency on target 'RCTTypeSafety' in project 'Pods'
        ➜ Explicit dependency on target 'React-Core' in project 'Pods'
        ➜ Explicit dependency on target 'React-Core-prebuilt' in project 'Pods'
        ➜ Explicit dependency on target 'React-debug' in project 'Pods'
        ➜ Explicit dependency on target 'React-featureflags' in project 'Pods'
        ➜ Explicit dependency on target 'React-jsi' in project 'Pods'
        ➜ Explicit dependency on target 'React-jsinspectorcdp' in project 'Pods'
        ➜ Explicit dependency on target 'React-jsinspectornetwork' in project 'Pods'
        ➜ Explicit dependency on target 'React-NativeModulesApple' in project 'Pods'
        ➜ Explicit dependency on target 'React-networking' in project 'Pods'
        ➜ Explicit dependency on target 'React-RCTFBReactNativeSpec' in project 'Pods'
        ➜ Explicit dependency on target 'ReactCommon' in project 'Pods'
        ➜ Explicit dependency on target 'ReactNativeDependencies' in project 'Pods'
    Target 'React-RCTAnimation' in project 'Pods'
        ➜ Explicit dependency on target 'RCTTypeSafety' in project 'Pods'
        ➜ Explicit dependency on target 'React-Core' in project 'Pods'
        ➜ Explicit dependency on target 'React-Core-prebuilt' in project 'Pods'
        ➜ Explicit dependency on target 'React-debug' in project 'Pods'
        ➜ Explicit dependency on target 'React-featureflags' in project 'Pods'
        ➜ Explicit dependency on target 'React-jsi' in project 'Pods'
        ➜ Explicit dependency on target 'React-NativeModulesApple' in project 'Pods'
        ➜ Explicit dependency on target 'React-RCTFBReactNativeSpec' in project 'Pods'
        ➜ Explicit dependency on target 'ReactCommon' in project 'Pods'
        ➜ Explicit dependency on target 'ReactNativeDependencies' in project 'Pods'
    Target 'React-networking' in project 'Pods'
        ➜ Explicit dependency on target 'React-Core-prebuilt' in project 'Pods'
        ➜ Explicit dependency on target 'React-jsinspectornetwork' in project 'Pods'
        ➜ Explicit dependency on target 'React-jsinspectortracing' in project 'Pods'
        ➜ Explicit dependency on target 'React-performancetimeline' in project 'Pods'
        ➜ Explicit dependency on target 'React-timing' in project 'Pods'
        ➜ Explicit dependency on target 'ReactNativeDependencies' in project 'Pods'
    Target 'React-FabricImage' in project 'Pods'
        ➜ Explicit dependency on target 'hermes-engine' in project 'Pods'
        ➜ Explicit dependency on target 'RCTRequired' in project 'Pods'
        ➜ Explicit dependency on target 'RCTTypeSafety' in project 'Pods'
        ➜ Explicit dependency on target 'React-Core-prebuilt' in project 'Pods'
        ➜ Explicit dependency on target 'React-Fabric' in project 'Pods'
        ➜ Explicit dependency on target 'React-featureflags' in project 'Pods'
        ➜ Explicit dependency on target 'React-graphics' in project 'Pods'
        ➜ Explicit dependency on target 'React-ImageManager' in project 'Pods'
        ➜ Explicit dependency on target 'React-jsi' in project 'Pods'
        ➜ Explicit dependency on target 'React-jsiexecutor' in project 'Pods'
        ➜ Explicit dependency on target 'React-logger' in project 'Pods'
        ➜ Explicit dependency on target 'React-rendererdebug' in project 'Pods'
        ➜ Explicit dependency on target 'React-utils' in project 'Pods'
        ➜ Explicit dependency on target 'ReactCommon' in project 'Pods'
        ➜ Explicit dependency on target 'ReactNativeDependencies' in project 'Pods'
        ➜ Explicit dependency on target 'Yoga' in project 'Pods'
    Target 'React-FabricComponents' in project 'Pods'
        ➜ Explicit dependency on target 'hermes-engine' in project 'Pods'
        ➜ Explicit dependency on target 'RCTRequired' in project 'Pods'
        ➜ Explicit dependency on target 'RCTTypeSafety' in project 'Pods'
        ➜ Explicit dependency on target 'React-Core' in project 'Pods'
        ➜ Explicit dependency on target 'React-Core-prebuilt' in project 'Pods'
        ➜ Explicit dependency on target 'React-cxxreact' in project 'Pods'
        ➜ Explicit dependency on target 'React-debug' in project 'Pods'
        ➜ Explicit dependency on target 'React-Fabric' in project 'Pods'
        ➜ Explicit dependency on target 'React-featureflags' in project 'Pods'
        ➜ Explicit dependency on target 'React-graphics' in project 'Pods'
        ➜ Explicit dependency on target 'React-jsi' in project 'Pods'
        ➜ Explicit dependency on target 'React-jsiexecutor' in project 'Pods'
        ➜ Explicit dependency on target 'React-logger' in project 'Pods'
        ➜ Explicit dependency on target 'React-RCTFBReactNativeSpec' in project 'Pods'
        ➜ Explicit dependency on target 'React-rendererdebug' in project 'Pods'
        ➜ Explicit dependency on target 'React-runtimescheduler' in project 'Pods'
        ➜ Explicit dependency on target 'React-utils' in project 'Pods'
        ➜ Explicit dependency on target 'ReactCommon' in project 'Pods'
        ➜ Explicit dependency on target 'ReactNativeDependencies' in project 'Pods'
        ➜ Explicit dependency on target 'Yoga' in project 'Pods'
    Target 'React-RCTFBReactNativeSpec' in project 'Pods'
        ➜ Explicit dependency on target 'hermes-engine' in project 'Pods'
        ➜ Explicit dependency on target 'RCTRequired' in project 'Pods'
        ➜ Explicit dependency on target 'RCTTypeSafety' in project 'Pods'
        ➜ Explicit dependency on target 'React-Core' in project 'Pods'
        ➜ Explicit dependency on target 'React-Core-prebuilt' in project 'Pods'
        ➜ Explicit dependency on target 'React-debug' in project 'Pods'
        ➜ Explicit dependency on target 'React-Fabric' in project 'Pods'
        ➜ Explicit dependency on target 'React-featureflags' in project 'Pods'
        ➜ Explicit dependency on target 'React-graphics' in project 'Pods'
        ➜ Explicit dependency on target 'React-jsi' in project 'Pods'
        ➜ Explicit dependency on target 'React-NativeModulesApple' in project 'Pods'
        ➜ Explicit dependency on target 'React-rendererdebug' in project 'Pods'
        ➜ Explicit dependency on target 'React-utils' in project 'Pods'
        ➜ Explicit dependency on target 'ReactCommon' in project 'Pods'
        ➜ Explicit dependency on target 'ReactNativeDependencies' in project 'Pods'
        ➜ Explicit dependency on target 'Yoga' in project 'Pods'
    Target 'RCTSwiftUIWrapper' in project 'Pods'
        ➜ Explicit dependency on target 'RCTSwiftUI' in project 'Pods'
    Target 'RCTSwiftUI' in project 'Pods' (no dependencies)
    Target 'React-NativeModulesApple' in project 'Pods'
        ➜ Explicit dependency on target 'hermes-engine' in project 'Pods'
        ➜ Explicit dependency on target 'React-callinvoker' in project 'Pods'
        ➜ Explicit dependency on target 'React-Core' in project 'Pods'
        ➜ Explicit dependency on target 'React-Core-prebuilt' in project 'Pods'
        ➜ Explicit dependency on target 'React-cxxreact' in project 'Pods'
        ➜ Explicit dependency on target 'React-debug' in project 'Pods'
        ➜ Explicit dependency on target 'React-featureflags' in project 'Pods'
        ➜ Explicit dependency on target 'React-jsi' in project 'Pods'
        ➜ Explicit dependency on target 'React-jsinspector' in project 'Pods'
        ➜ Explicit dependency on target 'React-jsinspectorcdp' in project 'Pods'
        ➜ Explicit dependency on target 'React-runtimeexecutor' in project 'Pods'
        ➜ Explicit dependency on target 'ReactCommon' in project 'Pods'
        ➜ Explicit dependency on target 'ReactNativeDependencies' in project 'Pods'
    Target 'React-ImageManager' in project 'Pods'
        ➜ Explicit dependency on target 'React-Core' in project 'Pods'
        ➜ Explicit dependency on target 'React-Core-prebuilt' in project 'Pods'
        ➜ Explicit dependency on target 'React-debug' in project 'Pods'
        ➜ Explicit dependency on target 'React-Fabric' in project 'Pods'
        ➜ Explicit dependency on target 'React-graphics' in project 'Pods'
        ➜ Explicit dependency on target 'React-rendererdebug' in project 'Pods'
        ➜ Explicit dependency on target 'React-utils' in project 'Pods'
        ➜ Explicit dependency on target 'ReactNativeDependencies' in project 'Pods'
    Target 'React-Fabric' in project 'Pods'
        ➜ Explicit dependency on target 'hermes-engine' in project 'Pods'
        ➜ Explicit dependency on target 'RCTRequired' in project 'Pods'
        ➜ Explicit dependency on target 'RCTTypeSafety' in project 'Pods'
        ➜ Explicit dependency on target 'React-Core' in project 'Pods'
        ➜ Explicit dependency on target 'React-Core-prebuilt' in project 'Pods'
        ➜ Explicit dependency on target 'React-cxxreact' in project 'Pods'
        ➜ Explicit dependency on target 'React-debug' in project 'Pods'
        ➜ Explicit dependency on target 'React-featureflags' in project 'Pods'
        ➜ Explicit dependency on target 'React-graphics' in project 'Pods'
        ➜ Explicit dependency on target 'React-jsi' in project 'Pods'
        ➜ Explicit dependency on target 'React-jsiexecutor' in project 'Pods'
        ➜ Explicit dependency on target 'React-jsinspectortracing' in project 'Pods'
        ➜ Explicit dependency on target 'React-logger' in project 'Pods'
        ➜ Explicit dependency on target 'React-performancecdpmetrics' in project 'Pods'
        ➜ Explicit dependency on target 'React-performancetimeline' in project 'Pods'
        ➜ Explicit dependency on target 'React-rendererconsistency' in project 'Pods'
        ➜ Explicit dependency on target 'React-renderercss' in project 'Pods'
        ➜ Explicit dependency on target 'React-rendererdebug' in project 'Pods'
        ➜ Explicit dependency on target 'React-runtimeexecutor' in project 'Pods'
        ➜ Explicit dependency on target 'React-runtimescheduler' in project 'Pods'
        ➜ Explicit dependency on target 'React-utils' in project 'Pods'
        ➜ Explicit dependency on target 'ReactCommon' in project 'Pods'
        ➜ Explicit dependency on target 'ReactNativeDependencies' in project 'Pods'
        ➜ Explicit dependency on target 'Yoga' in project 'Pods'
    Target 'React-renderercss' in project 'Pods'
        ➜ Explicit dependency on target 'React-debug' in project 'Pods'
        ➜ Explicit dependency on target 'React-utils' in project 'Pods'
    Target 'React-performancecdpmetrics' in project 'Pods'
        ➜ Explicit dependency on target 'hermes-engine' in project 'Pods'
        ➜ Explicit dependency on target 'React-Core-prebuilt' in project 'Pods'
        ➜ Explicit dependency on target 'React-jsi' in project 'Pods'
        ➜ Explicit dependency on target 'React-performancetimeline' in project 'Pods'
        ➜ Explicit dependency on target 'React-runtimeexecutor' in project 'Pods'
        ➜ Explicit dependency on target 'React-timing' in project 'Pods'
        ➜ Explicit dependency on target 'ReactNativeDependencies' in project 'Pods'
    Target 'React-graphics' in project 'Pods'
        ➜ Explicit dependency on target 'hermes-engine' in project 'Pods'
        ➜ Explicit dependency on target 'React-Core-prebuilt' in project 'Pods'
        ➜ Explicit dependency on target 'React-featureflags' in project 'Pods'
        ➜ Explicit dependency on target 'React-jsi' in project 'Pods'
        ➜ Explicit dependency on target 'React-jsiexecutor' in project 'Pods'
        ➜ Explicit dependency on target 'React-rendererdebug' in project 'Pods'
        ➜ Explicit dependency on target 'React-utils' in project 'Pods'
        ➜ Explicit dependency on target 'ReactNativeDependencies' in project 'Pods'
    Target 'RCTTypeSafety' in project 'Pods'
        ➜ Explicit dependency on target 'FBLazyVector' in project 'Pods'
        ➜ Explicit dependency on target 'RCTRequired' in project 'Pods'
        ➜ Explicit dependency on target 'React-Core' in project 'Pods'
    Target 'React-Core' in project 'Pods'
        ➜ Explicit dependency on target 'hermes-engine' in project 'Pods'
        ➜ Explicit dependency on target 'RCTDeprecation' in project 'Pods'
        ➜ Explicit dependency on target 'React-Core-prebuilt' in project 'Pods'
        ➜ Explicit dependency on target 'React-Core-React-Core_privacy' in project 'Pods'
        ➜ Explicit dependency on target 'React-cxxreact' in project 'Pods'
        ➜ Explicit dependency on target 'React-featureflags' in project 'Pods'
        ➜ Explicit dependency on target 'React-hermes' in project 'Pods'
        ➜ Explicit dependency on target 'React-jsi' in project 'Pods'
        ➜ Explicit dependency on target 'React-jsiexecutor' in project 'Pods'
        ➜ Explicit dependency on target 'React-jsinspector' in project 'Pods'
        ➜ Explicit dependency on target 'React-jsinspectorcdp' in project 'Pods'
        ➜ Explicit dependency on target 'React-jsitooling' in project 'Pods'
        ➜ Explicit dependency on target 'React-perflogger' in project 'Pods'
        ➜ Explicit dependency on target 'React-runtimeexecutor' in project 'Pods'
        ➜ Explicit dependency on target 'React-runtimescheduler' in project 'Pods'
        ➜ Explicit dependency on target 'React-utils' in project 'Pods'
        ➜ Explicit dependency on target 'ReactNativeDependencies' in project 'Pods'
        ➜ Explicit dependency on target 'Yoga' in project 'Pods'
    Target 'Yoga' in project 'Pods' (no dependencies)
    Target 'React-runtimescheduler' in project 'Pods'
        ➜ Explicit dependency on target 'hermes-engine' in project 'Pods'
        ➜ Explicit dependency on target 'React-callinvoker' in project 'Pods'
        ➜ Explicit dependency on target 'React-Core-prebuilt' in project 'Pods'
        ➜ Explicit dependency on target 'React-cxxreact' in project 'Pods'
        ➜ Explicit dependency on target 'React-debug' in project 'Pods'
        ➜ Explicit dependency on target 'React-featureflags' in project 'Pods'
        ➜ Explicit dependency on target 'React-jsi' in project 'Pods'
        ➜ Explicit dependency on target 'React-jsinspectortracing' in project 'Pods'
        ➜ Explicit dependency on target 'React-performancetimeline' in project 'Pods'
        ➜ Explicit dependency on target 'React-rendererconsistency' in project 'Pods'
        ➜ Explicit dependency on target 'React-rendererdebug' in project 'Pods'
        ➜ Explicit dependency on target 'React-runtimeexecutor' in project 'Pods'
        ➜ Explicit dependency on target 'React-timing' in project 'Pods'
        ➜ Explicit dependency on target 'React-utils' in project 'Pods'
        ➜ Explicit dependency on target 'ReactNativeDependencies' in project 'Pods'
    Target 'React-rendererdebug' in project 'Pods'
        ➜ Explicit dependency on target 'React-Core-prebuilt' in project 'Pods'
        ➜ Explicit dependency on target 'React-debug' in project 'Pods'
        ➜ Explicit dependency on target 'ReactNativeDependencies' in project 'Pods'
    Target 'React-rendererconsistency' in project 'Pods' (no dependencies)
    Target 'React-performancetimeline' in project 'Pods'
        ➜ Explicit dependency on target 'React-Core-prebuilt' in project 'Pods'
        ➜ Explicit dependency on target 'React-featureflags' in project 'Pods'
        ➜ Explicit dependency on target 'React-jsinspector' in project 'Pods'
        ➜ Explicit dependency on target 'React-jsinspectortracing' in project 'Pods'
        ➜ Explicit dependency on target 'React-perflogger' in project 'Pods'
        ➜ Explicit dependency on target 'React-timing' in project 'Pods'
        ➜ Explicit dependency on target 'ReactNativeDependencies' in project 'Pods'
    Target 'React-hermes' in project 'Pods'
        ➜ Explicit dependency on target 'hermes-engine' in project 'Pods'
        ➜ Explicit dependency on target 'React-Core-prebuilt' in project 'Pods'
        ➜ Explicit dependency on target 'React-cxxreact' in project 'Pods'
        ➜ Explicit dependency on target 'React-jsi' in project 'Pods'
        ➜ Explicit dependency on target 'React-jsiexecutor' in project 'Pods'
        ➜ Explicit dependency on target 'React-jsinspector' in project 'Pods'
        ➜ Explicit dependency on target 'React-jsinspectorcdp' in project 'Pods'
        ➜ Explicit dependency on target 'React-jsinspectortracing' in project 'Pods'
        ➜ Explicit dependency on target 'React-jsitooling' in project 'Pods'
        ➜ Explicit dependency on target 'React-oscompat' in project 'Pods'
        ➜ Explicit dependency on target 'React-perflogger' in project 'Pods'
        ➜ Explicit dependency on target 'React-runtimeexecutor' in project 'Pods'
        ➜ Explicit dependency on target 'ReactNativeDependencies' in project 'Pods'
    Target 'React-jsiexecutor' in project 'Pods'
        ➜ Explicit dependency on target 'hermes-engine' in project 'Pods'
        ➜ Explicit dependency on target 'React-Core-prebuilt' in project 'Pods'
        ➜ Explicit dependency on target 'React-cxxreact' in project 'Pods'
        ➜ Explicit dependency on target 'React-debug' in project 'Pods'
        ➜ Explicit dependency on target 'React-jserrorhandler' in project 'Pods'
        ➜ Explicit dependency on target 'React-jsi' in project 'Pods'
        ➜ Explicit dependency on target 'React-jsinspector' in project 'Pods'
        ➜ Explicit dependency on target 'React-jsinspectorcdp' in project 'Pods'
        ➜ Explicit dependency on target 'React-jsinspectortracing' in project 'Pods'
        ➜ Explicit dependency on target 'React-jsitooling' in project 'Pods'
        ➜ Explicit dependency on target 'React-perflogger' in project 'Pods'
        ➜ Explicit dependency on target 'React-runtimeexecutor' in project 'Pods'
        ➜ Explicit dependency on target 'React-utils' in project 'Pods'
        ➜ Explicit dependency on target 'ReactNativeDependencies' in project 'Pods'
    Target 'React-jsitooling' in project 'Pods'
        ➜ Explicit dependency on target 'hermes-engine' in project 'Pods'
        ➜ Explicit dependency on target 'React-Core-prebuilt' in project 'Pods'
        ➜ Explicit dependency on target 'React-cxxreact' in project 'Pods'
        ➜ Explicit dependency on target 'React-debug' in project 'Pods'
        ➜ Explicit dependency on target 'React-jsi' in project 'Pods'
        ➜ Explicit dependency on target 'React-jsinspector' in project 'Pods'
        ➜ Explicit dependency on target 'React-jsinspectorcdp' in project 'Pods'
        ➜ Explicit dependency on target 'React-jsinspectortracing' in project 'Pods'
        ➜ Explicit dependency on target 'React-runtimeexecutor' in project 'Pods'
        ➜ Explicit dependency on target 'React-utils' in project 'Pods'
        ➜ Explicit dependency on target 'ReactNativeDependencies' in project 'Pods'
    Target 'React-jserrorhandler' in project 'Pods'
        ➜ Explicit dependency on target 'hermes-engine' in project 'Pods'
        ➜ Explicit dependency on target 'React-Core-prebuilt' in project 'Pods'
        ➜ Explicit dependency on target 'React-cxxreact' in project 'Pods'
        ➜ Explicit dependency on target 'React-debug' in project 'Pods'
        ➜ Explicit dependency on target 'React-featureflags' in project 'Pods'
        ➜ Explicit dependency on target 'React-jsi' in project 'Pods'
        ➜ Explicit dependency on target 'ReactCommon' in project 'Pods'
        ➜ Explicit dependency on target 'ReactNativeDependencies' in project 'Pods'
    Target 'ReactCommon' in project 'Pods'
        ➜ Explicit dependency on target 'hermes-engine' in project 'Pods'
        ➜ Explicit dependency on target 'React-callinvoker' in project 'Pods'
        ➜ Explicit dependency on target 'React-Core-prebuilt' in project 'Pods'
        ➜ Explicit dependency on target 'React-cxxreact' in project 'Pods'
        ➜ Explicit dependency on target 'React-debug' in project 'Pods'
        ➜ Explicit dependency on target 'React-featureflags' in project 'Pods'
        ➜ Explicit dependency on target 'React-jsi' in project 'Pods'
        ➜ Explicit dependency on target 'React-logger' in project 'Pods'
        ➜ Explicit dependency on target 'React-perflogger' in project 'Pods'
        ➜ Explicit dependency on target 'React-utils' in project 'Pods'
        ➜ Explicit dependency on target 'ReactNativeDependencies' in project 'Pods'
    Target 'React-cxxreact' in project 'Pods'
        ➜ Explicit dependency on target 'hermes-engine' in project 'Pods'
        ➜ Explicit dependency on target 'React-callinvoker' in project 'Pods'
        ➜ Explicit dependency on target 'React-Core-prebuilt' in project 'Pods'
        ➜ Explicit dependency on target 'React-cxxreact-React-cxxreact_privacy' in project 'Pods'
        ➜ Explicit dependency on target 'React-debug' in project 'Pods'
        ➜ Explicit dependency on target 'React-jsi' in project 'Pods'
        ➜ Explicit dependency on target 'React-jsinspector' in project 'Pods'
        ➜ Explicit dependency on target 'React-jsinspectorcdp' in project 'Pods'
        ➜ Explicit dependency on target 'React-jsinspectortracing' in project 'Pods'
        ➜ Explicit dependency on target 'React-logger' in project 'Pods'
        ➜ Explicit dependency on target 'React-perflogger' in project 'Pods'
        ➜ Explicit dependency on target 'React-runtimeexecutor' in project 'Pods'
        ➜ Explicit dependency on target 'React-timing' in project 'Pods'
        ➜ Explicit dependency on target 'React-utils' in project 'Pods'
        ➜ Explicit dependency on target 'ReactNativeDependencies' in project 'Pods'
    Target 'React-logger' in project 'Pods'
        ➜ Explicit dependency on target 'React-Core-prebuilt' in project 'Pods'
        ➜ Explicit dependency on target 'ReactNativeDependencies' in project 'Pods'
    Target 'React-jsinspector' in project 'Pods'
        ➜ Explicit dependency on target 'hermes-engine' in project 'Pods'
        ➜ Explicit dependency on target 'React-Core-prebuilt' in project 'Pods'
        ➜ Explicit dependency on target 'React-featureflags' in project 'Pods'
        ➜ Explicit dependency on target 'React-jsi' in project 'Pods'
        ➜ Explicit dependency on target 'React-jsinspectorcdp' in project 'Pods'
        ➜ Explicit dependency on target 'React-jsinspectornetwork' in project 'Pods'
        ➜ Explicit dependency on target 'React-jsinspectortracing' in project 'Pods'
        ➜ Explicit dependency on target 'React-oscompat' in project 'Pods'
        ➜ Explicit dependency on target 'React-perflogger' in project 'Pods'
        ➜ Explicit dependency on target 'React-runtimeexecutor' in project 'Pods'
        ➜ Explicit dependency on target 'React-utils' in project 'Pods'
        ➜ Explicit dependency on target 'ReactNativeDependencies' in project 'Pods'
    Target 'React-runtimeexecutor' in project 'Pods'
        ➜ Explicit dependency on target 'React-Core-prebuilt' in project 'Pods'
        ➜ Explicit dependency on target 'React-debug' in project 'Pods'
        ➜ Explicit dependency on target 'React-featureflags' in project 'Pods'
        ➜ Explicit dependency on target 'React-jsi' in project 'Pods'
        ➜ Explicit dependency on target 'React-utils' in project 'Pods'
        ➜ Explicit dependency on target 'ReactNativeDependencies' in project 'Pods'
    Target 'React-perflogger' in project 'Pods'
        ➜ Explicit dependency on target 'React-Core-prebuilt' in project 'Pods'
        ➜ Explicit dependency on target 'ReactNativeDependencies' in project 'Pods'
    Target 'React-jsinspectortracing' in project 'Pods'
        ➜ Explicit dependency on target 'hermes-engine' in project 'Pods'
        ➜ Explicit dependency on target 'React-Core-prebuilt' in project 'Pods'
        ➜ Explicit dependency on target 'React-jsi' in project 'Pods'
        ➜ Explicit dependency on target 'React-jsinspectornetwork' in project 'Pods'
        ➜ Explicit dependency on target 'React-oscompat' in project 'Pods'
        ➜ Explicit dependency on target 'React-timing' in project 'Pods'
        ➜ Explicit dependency on target 'React-utils' in project 'Pods'
        ➜ Explicit dependency on target 'ReactNativeDependencies' in project 'Pods'
    Target 'React-utils' in project 'Pods'
        ➜ Explicit dependency on target 'hermes-engine' in project 'Pods'
        ➜ Explicit dependency on target 'React-Core-prebuilt' in project 'Pods'
        ➜ Explicit dependency on target 'React-debug' in project 'Pods'
        ➜ Explicit dependency on target 'React-jsi' in project 'Pods'
        ➜ Explicit dependency on target 'ReactNativeDependencies' in project 'Pods'
    Target 'React-timing' in project 'Pods'
        ➜ Explicit dependency on target 'React-debug' in project 'Pods'
        ➜ Explicit dependency on target 'React-timing-React-timing_privacy' in project 'Pods'
    Target 'React-timing-React-timing_privacy' in project 'Pods' (no dependencies)
    Target 'React-oscompat' in project 'Pods' (no dependencies)
    Target 'React-jsinspectornetwork' in project 'Pods'
        ➜ Explicit dependency on target 'React-Core-prebuilt' in project 'Pods'
        ➜ Explicit dependency on target 'React-jsinspectorcdp' in project 'Pods'
        ➜ Explicit dependency on target 'ReactNativeDependencies' in project 'Pods'
    Target 'React-jsinspectorcdp' in project 'Pods'
        ➜ Explicit dependency on target 'React-Core-prebuilt' in project 'Pods'
        ➜ Explicit dependency on target 'ReactNativeDependencies' in project 'Pods'
    Target 'React-featureflags' in project 'Pods'
        ➜ Explicit dependency on target 'React-Core-prebuilt' in project 'Pods'
        ➜ Explicit dependency on target 'ReactNativeDependencies' in project 'Pods'
    Target 'React-jsi' in project 'Pods'
        ➜ Explicit dependency on target 'hermes-engine' in project 'Pods'
        ➜ Explicit dependency on target 'React-Core-prebuilt' in project 'Pods'
        ➜ Explicit dependency on target 'ReactNativeDependencies' in project 'Pods'
    Target 'React-debug' in project 'Pods' (no dependencies)
    Target 'React-cxxreact-React-cxxreact_privacy' in project 'Pods' (no dependencies)
    Target 'React-callinvoker' in project 'Pods' (no dependencies)
    Target 'React-Core-React-Core_privacy' in project 'Pods' (no dependencies)
    Target 'React-Core-prebuilt' in project 'Pods'
        ➜ Explicit dependency on target 'ReactNativeDependencies' in project 'Pods'
    Target 'ReactNativeDependencies' in project 'Pods' (no dependencies)
    Target 'RCTDeprecation' in project 'Pods' (no dependencies)
    Target 'hermes-engine' in project 'Pods' (no dependencies)
    Target 'FBLazyVector' in project 'Pods' (no dependencies)
    Target 'RCTRequired' in project 'Pods' (no dependencies)
    Target 'AsyncStorage-AsyncStorage_resources' in project 'Pods' (no dependencies)

GatherProvisioningInputs

CreateBuildDescription

ExecuteExternalTool /Applications/Xcode.app/Contents/Developer/Toolchains/XcodeDefault.xctoolchain/usr/bin/clang -v -E -dM -isysroot /Applications/Xcode.app/Contents/Developer/Platforms/iPhoneSimulator.platform/Developer/SDKs/iPhoneSimulator26.5.sdk -x c -c /dev/null

ExecuteExternalTool /Applications/Xcode.app/Contents/Developer/Toolchains/XcodeDefault.xctoolchain/usr/bin/clang -v -E -dM -arch arm64 -isysroot /Applications/Xcode.app/Contents/Developer/Platforms/iPhoneSimulator.platform/Developer/SDKs/iPhoneSimulator26.5.sdk -x objective-c++ -c /dev/null

ExecuteExternalTool /Applications/Xcode.app/Contents/Developer/Toolchains/XcodeDefault.xctoolchain/usr/bin/clang -v -E -dM -arch arm64 -isysroot /Applications/Xcode.app/Contents/Developer/Platforms/iPhoneSimulator.platform/Developer/SDKs/iPhoneSimulator26.5.sdk -x objective-c -c /dev/null

ExecuteExternalTool /Applications/Xcode.app/Contents/Developer/Toolchains/XcodeDefault.xctoolchain/usr/bin/clang -v -E -dM -arch arm64 -isysroot /Applications/Xcode.app/Contents/Developer/Platforms/iPhoneSimulator.platform/Developer/SDKs/iPhoneSimulator26.5.sdk -x c -c /dev/null

ExecuteExternalTool /Applications/Xcode.app/Contents/Developer/usr/bin/ibtool --version --output-format xml1

ExecuteExternalTool /Applications/Xcode.app/Contents/Developer/Toolchains/XcodeDefault.xctoolchain/usr/bin/clang -v -E -dM -arch arm64 -isysroot /Applications/Xcode.app/Contents/Developer/Platforms/iPhoneSimulator.platform/Developer/SDKs/iPhoneSimulator26.5.sdk -x c++ -c /dev/null

ExecuteExternalTool /Applications/Xcode.app/Contents/Developer/Toolchains/XcodeDefault.xctoolchain/usr/bin/swiftc --version

ExecuteExternalTool /Applications/Xcode.app/Contents/Developer/Toolchains/XcodeDefault.xctoolchain/usr/bin/libtool -V

ExecuteExternalTool /Applications/Xcode.app/Contents/Developer/usr/bin/actool --print-asset-tag-combinations --output-format xml1 /Users/shashishekhar/Desktop/RestaurantsNearMeIOS/ios/RestaurantsNearMeIOS/Images.xcassets

ExecuteExternalTool /Applications/Xcode.app/Contents/Developer/Toolchains/XcodeDefault.xctoolchain/usr/bin/clang -v -E -dM -arch x86_64 -isysroot /Applications/Xcode.app/Contents/Developer/Platforms/iPhoneSimulator.platform/Developer/SDKs/iPhoneSimulator26.5.sdk -x objective-c -c /dev/null

ExecuteExternalTool /Applications/Xcode.app/Contents/Developer/Toolchains/XcodeDefault.xctoolchain/usr/bin/clang -v -E -dM -arch x86_64 -isysroot /Applications/Xcode.app/Contents/Developer/Platforms/iPhoneSimulator.platform/Developer/SDKs/iPhoneSimulator26.5.sdk -x objective-c++ -c /dev/null

ExecuteExternalTool /Applications/Xcode.app/Contents/Developer/Toolchains/XcodeDefault.xctoolchain/usr/bin/clang -v -E -dM -arch x86_64 -isysroot /Applications/Xcode.app/Contents/Developer/Platforms/iPhoneSimulator.platform/Developer/SDKs/iPhoneSimulator26.5.sdk -x c -c /dev/null

ExecuteExternalTool /Applications/Xcode.app/Contents/Developer/Toolchains/XcodeDefault.xctoolchain/usr/bin/clang -v -E -dM -arch x86_64 -isysroot /Applications/Xcode.app/Contents/Developer/Platforms/iPhoneSimulator.platform/Developer/SDKs/iPhoneSimulator26.5.sdk -x c++ -c /dev/null

ExecuteExternalTool /Applications/Xcode.app/Contents/Developer/usr/bin/actool --version --output-format xml1

ExecuteExternalTool /Applications/Xcode.app/Contents/Developer/Toolchains/XcodeDefault.xctoolchain/usr/bin/ld -version_details

Build description signature: faaf2d8e58fff5c0d3e530c978ea3caa
Build description path: /Users/shashishekhar/Library/Developer/Xcode/DerivedData/RestaurantsNearMeIOS-cxlnvzrpmdwxdmausljrqbwijesy/Build/Intermediates.noindex/XCBuildData/faaf2d8e58fff5c0d3e530c978ea3caa.xcbuilddata
ClangStatCache /Applications/Xcode.app/Contents/Developer/Toolchains/XcodeDefault.xctoolchain/usr/bin/clang-stat-cache /Applications/Xcode.app/Contents/Developer/Platforms/iPhoneSimulator.platform/Developer/SDKs/iPhoneSimulator26.5.sdk /Users/shashishekhar/Library/Developer/Xcode/DerivedData/SDKStatCaches.noindex/iphonesimulator26.5-23F81a-6cfe768891a92b912361537c460fe42b.sdkstatcache
    cd /Users/shashishekhar/Desktop/RestaurantsNearMeIOS/ios
    /Applications/Xcode.app/Contents/Developer/Toolchains/XcodeDefault.xctoolchain/usr/bin/clang-stat-cache /Applications/Xcode.app/Contents/Developer/Platforms/iPhoneSimulator.platform/Developer/SDKs/iPhoneSimulator26.5.sdk -o /Users/shashishekhar/Library/Developer/Xcode/DerivedData/SDKStatCaches.noindex/iphonesimulator26.5-23F81a-6cfe768891a92b912361537c460fe42b.sdkstatcache

ProcessInfoPlistFile /Users/shashishekhar/Library/Developer/Xcode/DerivedData/RestaurantsNearMeIOS-cxlnvzrpmdwxdmausljrqbwijesy/Build/Products/Debug-iphonesimulator/React-timing/React-timing_privacy.bundle/Info.plist /Users/shashishekhar/Desktop/RestaurantsNearMeIOS/ios/Pods/Target\ Support\ Files/React-timing/ResourceBundle-React-timing_privacy-React-timing-Info.plist (in target 'React-timing-React-timing_privacy' from project 'Pods')
    cd /Users/shashishekhar/Desktop/RestaurantsNearMeIOS/ios/Pods
    builtin-infoPlistUtility /Users/shashishekhar/Desktop/RestaurantsNearMeIOS/ios/Pods/Target\ Support\ Files/React-timing/ResourceBundle-React-timing_privacy-React-timing-Info.plist -producttype com.apple.product-type.bundle -expandbuildsettings -format binary -platform iphonesimulator -o /Users/shashishekhar/Library/Developer/Xcode/DerivedData/RestaurantsNearMeIOS-cxlnvzrpmdwxdmausljrqbwijesy/Build/Products/Debug-iphonesimulator/React-timing/React-timing_privacy.bundle/Info.plist

ProcessInfoPlistFile /Users/shashishekhar/Library/Developer/Xcode/DerivedData/RestaurantsNearMeIOS-cxlnvzrpmdwxdmausljrqbwijesy/Build/Products/Debug-iphonesimulator/AsyncStorage/AsyncStorage_resources.bundle/Info.plist /Users/shashishekhar/Desktop/RestaurantsNearMeIOS/ios/Pods/Target\ Support\ Files/AsyncStorage/ResourceBundle-AsyncStorage_resources-AsyncStorage-Info.plist (in target 'AsyncStorage-AsyncStorage_resources' from project 'Pods')
    cd /Users/shashishekhar/Desktop/RestaurantsNearMeIOS/ios/Pods
    builtin-infoPlistUtility /Users/shashishekhar/Desktop/RestaurantsNearMeIOS/ios/Pods/Target\ Support\ Files/AsyncStorage/ResourceBundle-AsyncStorage_resources-AsyncStorage-Info.plist -producttype com.apple.product-type.bundle -expandbuildsettings -format binary -platform iphonesimulator -o /Users/shashishekhar/Library/Developer/Xcode/DerivedData/RestaurantsNearMeIOS-cxlnvzrpmdwxdmausljrqbwijesy/Build/Products/Debug-iphonesimulator/AsyncStorage/AsyncStorage_resources.bundle/Info.plist

PhaseScriptExecution [CP-User]\ [RNDeps]\ Replace\ React\ Native\ Dependencies\ for\ the\ right\ configuration,\ if\ needed /Users/shashishekhar/Library/Developer/Xcode/DerivedData/RestaurantsNearMeIOS-cxlnvzrpmdwxdmausljrqbwijesy/Build/Intermediates.noindex/Pods.build/Debug-iphonesimulator/ReactNativeDependencies.build/Script-46EB2E0001AF70.sh (in target 'ReactNativeDependencies' from project 'Pods')
    cd /Users/shashishekhar/Desktop/RestaurantsNearMeIOS/ios/Pods
    export ACTION\=build
    export AD_HOC_CODE_SIGNING_ALLOWED\=YES
    export ALLOW_BUILD_REQUEST_OVERRIDES\=NO
    export ALLOW_TARGET_PLATFORM_SPECIALIZATION\=NO
    export ALTERNATE_GROUP\=staff
    export ALTERNATE_MODE\=u+w,go-w,a+rX
    export ALTERNATE_OWNER\=shashishekhar
    export ALTERNATIVE_DISTRIBUTION_WEB\=NO
    export ALWAYS_EMBED_SWIFT_STANDARD_LIBRARIES\=NO
    export ALWAYS_SEARCH_USER_PATHS\=NO
    export ALWAYS_USE_SEPARATE_HEADERMAPS\=NO
    export APPLICATION_EXTENSION_API_ONLY\=NO
    export APPLY_RULES_IN_COPY_FILES\=NO
    export APPLY_RULES_IN_COPY_HEADERS\=NO
    export APP_SHORTCUTS_ENABLE_FLEXIBLE_MATCHING\=YES
    export ARCHS\=arm64\ x86_64
    export ARCHS_BASE\=arm64\ x86_64
    export ARCHS_STANDARD\=arm64\ x86_64
    export ARCHS_STANDARD_32_64_BIT\=arm64\ x86_64
    export ARCHS_STANDARD_64_BIT\=arm64\ x86_64
    export ARCHS_STANDARD_INCLUDING_64_BIT\=arm64\ x86_64
    export ARCHS_UNIVERSAL_IPHONE_OS\=arm64\ x86_64
    export ASSETCATALOG_COMPILER_APPICON_NAME\=AppIcon
    export ASSETCATALOG_COMPILER_GLOBAL_ACCENT_COLOR_NAME\=AccentColor
    export AUTOMATICALLY_MERGE_DEPENDENCIES\=NO
    export AUTOMATION_APPLE_EVENTS\=NO
    export AVAILABLE_PLATFORMS\=android\ appletvos\ appletvsimulator\ driverkit\ freebsd\ iphoneos\ iphonesimulator\ linux\ macosx\ none\ openbsd\ qnx\ watchos\ watchsimulator\ webassembly\ xros\ xrsimulator
    export BUILD_ACTIVE_RESOURCES_ONLY\=NO
    export BUILD_COMPONENTS\=headers\ build
    export BUILD_DIR\=/Users/shashishekhar/Library/Developer/Xcode/DerivedData/RestaurantsNearMeIOS-cxlnvzrpmdwxdmausljrqbwijesy/Build/Products
    export BUILD_LIBRARY_FOR_DISTRIBUTION\=NO
    export BUILD_ONLY_KNOWN_LOCALIZATIONS\=NO
    export BUILD_ROOT\=/Users/shashishekhar/Library/Developer/Xcode/DerivedData/RestaurantsNearMeIOS-cxlnvzrpmdwxdmausljrqbwijesy/Build/Products
    export BUILD_STYLE\=
    export BUILD_VARIANTS\=normal
    export BUILT_PRODUCTS_DIR\=/Users/shashishekhar/Library/Developer/Xcode/DerivedData/RestaurantsNearMeIOS-cxlnvzrpmdwxdmausljrqbwijesy/Build/Products/Debug-iphonesimulator/ReactNativeDependencies
    export BUNDLE_CONTENTS_FOLDER_PATH_deep\=Contents/
    export BUNDLE_EXECUTABLE_FOLDER_NAME_deep\=MacOS
    export BUNDLE_EXTENSIONS_FOLDER_PATH\=Extensions
    export BUNDLE_FORMAT\=shallow
    export BUNDLE_FRAMEWORKS_FOLDER_PATH\=Frameworks
    export BUNDLE_PLUGINS_FOLDER_PATH\=PlugIns
    export BUNDLE_PRIVATE_HEADERS_FOLDER_PATH\=PrivateHeaders
    export BUNDLE_PUBLIC_HEADERS_FOLDER_PATH\=Headers
    export CACHE_ROOT\=/var/folders/n6/7nd1dnm93kng8k7b6j0bk0sc0000gn/C/com.apple.DeveloperTools/26.6-17F113/Xcode
    export CCHROOT\=/var/folders/n6/7nd1dnm93kng8k7b6j0bk0sc0000gn/C/com.apple.DeveloperTools/26.6-17F113/Xcode
    export CHMOD\=/bin/chmod
    export CHOWN\=chown
    export CLANG_ALLOW_NON_MODULAR_INCLUDES_IN_FRAMEWORK_MODULES\=YES
    export CLANG_ANALYZER_LOCALIZABILITY_NONLOCALIZED\=YES
    export CLANG_ANALYZER_NONNULL\=YES
    export CLANG_ANALYZER_NUMBER_OBJECT_CONVERSION\=YES_AGGRESSIVE
    export CLANG_CACHE_FINE_GRAINED_OUTPUTS\=YES
    export CLANG_CXX_LANGUAGE_STANDARD\=c++20
    export CLANG_CXX_LIBRARY\=libc++
    export CLANG_ENABLE_EXPLICIT_MODULES\=YES
    export CLANG_ENABLE_MODULES\=YES
    export CLANG_ENABLE_OBJC_ARC\=YES
    export CLANG_ENABLE_OBJC_WEAK\=NO
    export CLANG_MODULES_BUILD_SESSION_FILE\=/Users/shashishekhar/Library/Developer/Xcode/DerivedData/ModuleCache.noindex/Session.modulevalidation
    export CLANG_WARN_BLOCK_CAPTURE_AUTORELEASING\=YES
    export CLANG_WARN_BOOL_CONVERSION\=YES
    export CLANG_WARN_COMMA\=YES
    export CLANG_WARN_CONSTANT_CONVERSION\=YES
    export CLANG_WARN_DEPRECATED_OBJC_IMPLEMENTATIONS\=YES
    export CLANG_WARN_DIRECT_OBJC_ISA_USAGE\=YES_ERROR
    export CLANG_WARN_DOCUMENTATION_COMMENTS\=YES
    export CLANG_WARN_EMPTY_BODY\=YES
    export CLANG_WARN_ENUM_CONVERSION\=YES
    export CLANG_WARN_INFINITE_RECURSION\=YES
    export CLANG_WARN_INT_CONVERSION\=YES
    export CLANG_WARN_NON_LITERAL_NULL_CONVERSION\=YES
    export CLANG_WARN_OBJC_IMPLICIT_RETAIN_SELF\=YES
    export CLANG_WARN_OBJC_LITERAL_CONVERSION\=YES
    export CLANG_WARN_OBJC_ROOT_CLASS\=YES_ERROR
    export CLANG_WARN_QUOTED_INCLUDE_IN_FRAMEWORK_HEADER\=NO
    export CLANG_WARN_RANGE_LOOP_ANALYSIS\=YES
    export CLANG_WARN_STRICT_PROTOTYPES\=YES
    export CLANG_WARN_SUSPICIOUS_MOVE\=YES
    export CLANG_WARN_UNGUARDED_AVAILABILITY\=YES_AGGRESSIVE
    export CLANG_WARN_UNREACHABLE_CODE\=YES
    export CLANG_WARN__DUPLICATE_METHOD_MATCH\=YES
    export CLASS_FILE_DIR\=/Users/shashishekhar/Library/Developer/Xcode/DerivedData/RestaurantsNearMeIOS-cxlnvzrpmdwxdmausljrqbwijesy/Build/Intermediates.noindex/Pods.build/Debug-iphonesimulator/ReactNativeDependencies.build/JavaClasses
    export CLEAN_PRECOMPS\=YES
    export CLONE_HEADERS\=NO
    export CODESIGNING_FOLDER_PATH\=/Users/shashishekhar/Library/Developer/Xcode/DerivedData/RestaurantsNearMeIOS-cxlnvzrpmdwxdmausljrqbwijesy/Build/Products/Debug-iphonesimulator/ReactNativeDependencies/
    export CODE_SIGNING_ALLOWED\=NO
    export CODE_SIGNING_REQUIRED\=YES
    export CODE_SIGN_CONTEXT_CLASS\=XCiPhoneSimulatorCodeSignContext
    export CODE_SIGN_IDENTITY\=-
    export CODE_SIGN_INJECT_BASE_ENTITLEMENTS\=YES
    export COLOR_DIAGNOSTICS\=NO
    export COMBINE_HIDPI_IMAGES\=NO
    export COMPILATION_CACHE_CAS_PATH\=/Users/shashishekhar/Library/Developer/Xcode/DerivedData/CompilationCache.noindex
    export COMPILATION_CACHE_KEEP_CAS_DIRECTORY\=YES
    export COMPILER_INDEX_STORE_ENABLE\=Default
    export COMPOSITE_SDK_DIRS\=/Users/shashishekhar/Library/Developer/Xcode/DerivedData/RestaurantsNearMeIOS-cxlnvzrpmdwxdmausljrqbwijesy/Build/Intermediates.noindex/CompositeSDKs
    export COMPRESS_PNG_FILES\=YES
    export CONFIGURATION\=Debug
    export CONFIGURATION_BUILD_DIR\=/Users/shashishekhar/Library/Developer/Xcode/DerivedData/RestaurantsNearMeIOS-cxlnvzrpmdwxdmausljrqbwijesy/Build/Products/Debug-iphonesimulator/ReactNativeDependencies
    export CONFIGURATION_TEMP_DIR\=/Users/shashishekhar/Library/Developer/Xcode/DerivedData/RestaurantsNearMeIOS-cxlnvzrpmdwxdmausljrqbwijesy/Build/Intermediates.noindex/Pods.build/Debug-iphonesimulator
    export COPYING_PRESERVES_HFS_DATA\=NO
    export COPY_HEADERS_RUN_UNIFDEF\=NO
    export COPY_PHASE_STRIP\=NO
    export CORRESPONDING_DEVICE_PLATFORM_DIR\=/Applications/Xcode.app/Contents/Developer/Platforms/iPhoneOS.platform
    export CORRESPONDING_DEVICE_PLATFORM_NAME\=iphoneos
    export CORRESPONDING_DEVICE_SDK_DIR\=/Applications/Xcode.app/Contents/Developer/Platforms/iPhoneOS.platform/Developer/SDKs/iPhoneOS26.5.sdk
    export CORRESPONDING_DEVICE_SDK_NAME\=iphoneos26.5
    export CP\=/bin/cp
    export CREATE_INFOPLIST_SECTION_IN_BINARY\=NO
    export CURRENT_ARCH\=undefined_arch
    export CURRENT_VARIANT\=normal
    export DEAD_CODE_STRIPPING\=YES
    export DEBUGGING_SYMBOLS\=YES
    export DEBUG_INFORMATION_FORMAT\=dwarf
    export DEBUG_INFORMATION_VERSION\=compiler-default
    export DEFAULT_COMPILER\=com.apple.compilers.llvm.clang.1_0
    export DEFAULT_DEXT_INSTALL_PATH\=/System/Library/DriverExtensions
    export DEFAULT_KEXT_INSTALL_PATH\=/System/Library/Extensions
    export DEFINES_MODULE\=NO
    export DEPLOYMENT_LOCATION\=NO
    export DEPLOYMENT_POSTPROCESSING\=NO
    export DEPLOYMENT_TARGET_SETTING_NAME\=IPHONEOS_DEPLOYMENT_TARGET
    export DEPLOYMENT_TARGET_SUGGESTED_VALUES\=12.0\ 12.1\ 12.2\ 12.3\ 12.4\ 13.0\ 13.1\ 13.2\ 13.3\ 13.4\ 13.5\ 13.6\ 14.0\ 14.1\ 14.2\ 14.3\ 14.4\ 14.5\ 14.6\ 14.7\ 15.0\ 15.1\ 15.2\ 15.3\ 15.4\ 15.5\ 15.6\ 16.0\ 16.1\ 16.2\ 16.3\ 16.4\ 16.5\ 16.6\ 17.0\ 17.1\ 17.2\ 17.3\ 17.4\ 17.5\ 17.6\ 18.0\ 18.1\ 18.2\ 18.3\ 18.4\ 18.5\ 18.6\ 26.0\ 26.2\ 26.3\ 26.4\ 26.5
    export DERIVED_FILES_DIR\=/Users/shashishekhar/Library/Developer/Xcode/DerivedData/RestaurantsNearMeIOS-cxlnvzrpmdwxdmausljrqbwijesy/Build/Intermediates.noindex/Pods.build/Debug-iphonesimulator/ReactNativeDependencies.build/DerivedSources
    export DERIVED_FILE_DIR\=/Users/shashishekhar/Library/Developer/Xcode/DerivedData/RestaurantsNearMeIOS-cxlnvzrpmdwxdmausljrqbwijesy/Build/Intermediates.noindex/Pods.build/Debug-iphonesimulator/ReactNativeDependencies.build/DerivedSources
    export DERIVED_SOURCES_DIR\=/Users/shashishekhar/Library/Developer/Xcode/DerivedData/RestaurantsNearMeIOS-cxlnvzrpmdwxdmausljrqbwijesy/Build/Intermediates.noindex/Pods.build/Debug-iphonesimulator/ReactNativeDependencies.build/DerivedSources
    export DEVELOPER_APPLICATIONS_DIR\=/Applications/Xcode.app/Contents/Developer/Applications
    export DEVELOPER_BIN_DIR\=/Applications/Xcode.app/Contents/Developer/usr/bin
    export DEVELOPER_DIR\=/Applications/Xcode.app/Contents/Developer
    export DEVELOPER_FRAMEWORKS_DIR\=/Applications/Xcode.app/Contents/Developer/Library/Frameworks
    export DEVELOPER_FRAMEWORKS_DIR_QUOTED\=/Applications/Xcode.app/Contents/Developer/Library/Frameworks
    export DEVELOPER_LIBRARY_DIR\=/Applications/Xcode.app/Contents/Developer/Library
    export DEVELOPER_SDK_DIR\=/Applications/Xcode.app/Contents/Developer/Platforms/MacOSX.platform/Developer/SDKs
    export DEVELOPER_TOOLS_DIR\=/Applications/Xcode.app/Contents/Developer/Tools
    export DEVELOPER_USR_DIR\=/Applications/Xcode.app/Contents/Developer/usr
    export DEVELOPMENT_LANGUAGE\=en
    export DIAGNOSE_MISSING_TARGET_DEPENDENCIES\=YES
    export DIFF\=/usr/bin/diff
    export DONT_GENERATE_INFOPLIST_FILE\=NO
    export DSTROOT\=/tmp/Pods.dst
    export DT_TOOLCHAIN_DIR\=/Applications/Xcode.app/Contents/Developer/Toolchains/XcodeDefault.xctoolchain
    export DUMP_DEPENDENCIES\=NO
    export DUMP_DEPENDENCIES_OUTPUT_PATH\=/Users/shashishekhar/Library/Developer/Xcode/DerivedData/RestaurantsNearMeIOS-cxlnvzrpmdwxdmausljrqbwijesy/Build/Intermediates.noindex/Pods.build/Debug-iphonesimulator/ReactNativeDependencies.build/ReactNativeDependencies-BuildDependencyInfo.json
    export DWARF_DSYM_FILE_NAME\=.dSYM
    export DWARF_DSYM_FILE_SHOULD_ACCOMPANY_PRODUCT\=NO
    export DWARF_DSYM_FOLDER_PATH\=/Users/shashishekhar/Library/Developer/Xcode/DerivedData/RestaurantsNearMeIOS-cxlnvzrpmdwxdmausljrqbwijesy/Build/Products/Debug-iphonesimulator/ReactNativeDependencies
    export DYNAMIC_LIBRARY_EXTENSION\=dylib
    export EAGER_COMPILATION_ALLOW_SCRIPTS\=NO
    export EAGER_LINKING\=NO
    export EFFECTIVE_PLATFORM_NAME\=-iphonesimulator
    export EFFECTIVE_SWIFT_VERSION\=5
    export EMBEDDED_CONTENT_CONTAINS_SWIFT\=NO
    export EMBED_ASSET_PACKS_IN_PRODUCT_BUNDLE\=NO
    export ENABLE_APP_SANDBOX\=NO
    export ENABLE_CODE_COVERAGE\=YES
    export ENABLE_COHORT_ARCHS\=NO
    export ENABLE_CPLUSPLUS_BOUNDS_SAFE_BUFFERS\=NO
    export ENABLE_C_BOUNDS_SAFETY\=NO
    export ENABLE_DEFAULT_HEADER_SEARCH_PATHS\=YES
    export ENABLE_DEFAULT_SEARCH_PATHS\=YES
    export ENABLE_ENHANCED_SECURITY\=NO
    export ENABLE_HARDENED_RUNTIME\=NO
    export ENABLE_HEADER_DEPENDENCIES\=YES
    export ENABLE_INCOMING_NETWORK_CONNECTIONS\=NO
    export ENABLE_ON_DEMAND_RESOURCES\=NO
    export ENABLE_OUTGOING_NETWORK_CONNECTIONS\=NO
    export ENABLE_POINTER_AUTHENTICATION\=NO
    export ENABLE_PREVIEWS\=NO
    export ENABLE_RESOURCE_ACCESS_AUDIO_INPUT\=NO
    export ENABLE_RESOURCE_ACCESS_BLUETOOTH\=NO
    export ENABLE_RESOURCE_ACCESS_CALENDARS\=NO
    export ENABLE_RESOURCE_ACCESS_CAMERA\=NO
    export ENABLE_RESOURCE_ACCESS_CONTACTS\=NO
    export ENABLE_RESOURCE_ACCESS_LOCATION\=NO
    export ENABLE_RESOURCE_ACCESS_PHOTO_LIBRARY\=NO
    export ENABLE_RESOURCE_ACCESS_PRINTING\=NO
    export ENABLE_RESOURCE_ACCESS_USB\=NO
    export ENABLE_SDK_IMPORTS\=NO
    export ENABLE_SECURITY_COMPILER_WARNINGS\=NO
    export ENABLE_STRICT_OBJC_MSGSEND\=YES
    export ENABLE_TESTABILITY\=YES
    export ENABLE_TESTING_SEARCH_PATHS\=NO
    export ENABLE_USER_SCRIPT_SANDBOXING\=NO
    export ENABLE_XOJIT_PREVIEWS\=YES
    export ENFORCE_VALID_ARCHS\=YES
    export ENTITLEMENTS_DESTINATION\=__entitlements
    export ENTITLEMENTS_REQUIRED\=YES
    export EXCLUDED_INSTALLSRC_SUBDIRECTORY_PATTERNS\=.DS_Store\ .svn\ .git\ .hg\ CVS
    export EXCLUDED_RECURSIVE_SEARCH_PATH_SUBDIRECTORIES\=\*.nib\ \*.lproj\ \*.framework\ \*.gch\ \*.xcode\*\ \*.xcassets\ \*.icon\ \(\*\)\ .DS_Store\ CVS\ .svn\ .git\ .hg\ \*.pbproj\ \*.pbxproj
    export FILE_LIST\=/Users/shashishekhar/Library/Developer/Xcode/DerivedData/RestaurantsNearMeIOS-cxlnvzrpmdwxdmausljrqbwijesy/Build/Intermediates.noindex/Pods.build/Debug-iphonesimulator/ReactNativeDependencies.build/Objects/LinkFileList
    export FIXED_FILES_DIR\=/Users/shashishekhar/Library/Developer/Xcode/DerivedData/RestaurantsNearMeIOS-cxlnvzrpmdwxdmausljrqbwijesy/Build/Intermediates.noindex/Pods.build/Debug-iphonesimulator/ReactNativeDependencies.build/FixedFiles
    export FRAMEWORK_SEARCH_PATHS\=\ \"/Users/shashishekhar/Desktop/RestaurantsNearMeIOS/ios/Pods/ReactNativeDependencies/framework/packages/react-native\"\ \"/Users/shashishekhar/Library/Developer/Xcode/DerivedData/RestaurantsNearMeIOS-cxlnvzrpmdwxdmausljrqbwijesy/Build/Products/Debug-iphonesimulator/XCFrameworkIntermediates/ReactNativeDependencies\"
    export FRAMEWORK_VERSION\=A
    export FUSE_BUILD_PHASES\=YES
    export FUSE_BUILD_SCRIPT_PHASES\=NO
    export GCC3_VERSION\=3.3
    export GCC_C_LANGUAGE_STANDARD\=gnu11
    export GCC_DYNAMIC_NO_PIC\=NO
    export GCC_NO_COMMON_BLOCKS\=YES
    export GCC_OBJC_LEGACY_DISPATCH\=YES
    export GCC_OPTIMIZATION_LEVEL\=0
    export GCC_PFE_FILE_C_DIALECTS\=c\ objective-c\ c++\ objective-c++
    export GCC_PREPROCESSOR_DEFINITIONS\=POD_CONFIGURATION_DEBUG\=1\ DEBUG\=1\ \ COCOAPODS\=1
    export GCC_TREAT_WARNINGS_AS_ERRORS\=NO
    export GCC_VERSION\=com.apple.compilers.llvm.clang.1_0
    export GCC_VERSION_IDENTIFIER\=com_apple_compilers_llvm_clang_1_0
    export GCC_WARN_64_TO_32_BIT_CONVERSION\=YES
    export GCC_WARN_ABOUT_RETURN_TYPE\=YES_ERROR
    export GCC_WARN_UNDECLARED_SELECTOR\=YES
    export GCC_WARN_UNINITIALIZED_AUTOS\=YES_AGGRESSIVE
    export GCC_WARN_UNUSED_FUNCTION\=YES
    export GCC_WARN_UNUSED_VARIABLE\=YES
    export GENERATED_MODULEMAP_DIR\=/Users/shashishekhar/Library/Developer/Xcode/DerivedData/RestaurantsNearMeIOS-cxlnvzrpmdwxdmausljrqbwijesy/Build/Intermediates.noindex/GeneratedModuleMaps-iphonesimulator
    export GENERATE_INFOPLIST_FILE\=NO
    export GENERATE_INTERMEDIATE_TEXT_BASED_STUBS\=YES
    export GENERATE_PKGINFO_FILE\=NO
    export GENERATE_PRELINK_OBJECT_FILE\=NO
    export GENERATE_PROFILING_CODE\=NO
    export GENERATE_TEXT_BASED_STUBS\=NO
    export GID\=20
    export GROUP\=staff
    export HEADERMAP_INCLUDES_FLAT_ENTRIES_FOR_TARGET_BEING_BUILT\=YES
    export HEADERMAP_INCLUDES_FRAMEWORK_ENTRIES_FOR_ALL_PRODUCT_TYPES\=YES
    export HEADERMAP_INCLUDES_FRAMEWORK_ENTRIES_FOR_TARGETS_NOT_BEING_BUILT\=YES
    export HEADERMAP_INCLUDES_NONPUBLIC_NONPRIVATE_HEADERS\=YES
    export HEADERMAP_INCLUDES_PROJECT_HEADERS\=YES
    export HEADERMAP_USES_FRAMEWORK_PREFIX_ENTRIES\=YES
    export HEADERMAP_USES_VFS\=NO
    export HEADER_SEARCH_PATHS\=\ \"/Users/shashishekhar/Desktop/RestaurantsNearMeIOS/ios/Pods/Headers/Private\"\ \"/Users/shashishekhar/Desktop/RestaurantsNearMeIOS/ios/Pods/Headers/Private/ReactNativeDependencies\"\ \"/Users/shashishekhar/Desktop/RestaurantsNearMeIOS/ios/Pods/Headers/Public\"\ \"/Users/shashishekhar/Desktop/RestaurantsNearMeIOS/ios/Pods/Headers/Public/ReactNativeDependencies\"
    export HOME\=/Users/shashishekhar
    export HOST_ARCH\=arm64
    export HOST_PLATFORM\=macosx
    export ICONV\=/usr/bin/iconv
    export IMPLICIT_DEPENDENCY_DOMAIN\=default
    export INDEX_STORE_COMPRESS\=NO
    export INDEX_STORE_ONLY_PROJECT_FILES\=NO
    export INFOPLIST_ENABLE_CFBUNDLEICONS_MERGE\=YES
    export INFOPLIST_EXPAND_BUILD_SETTINGS\=YES
    export INFOPLIST_OUTPUT_FORMAT\=binary
    export INFOPLIST_PREPROCESS\=NO
    export INLINE_PRIVATE_FRAMEWORKS\=NO
    export INSTALLAPI_IGNORE_SKIP_INSTALL\=YES
    export INSTALLHDRS_COPY_PHASE\=NO
    export INSTALLHDRS_SCRIPT_PHASE\=NO
    export INSTALL_DIR\=/tmp/Pods.dst
    export INSTALL_GROUP\=staff
    export INSTALL_MODE_FLAG\=u+w,go-w,a+rX
    export INSTALL_OWNER\=shashishekhar
    export INSTALL_ROOT\=/tmp/Pods.dst
    export IPHONEOS_DEPLOYMENT_TARGET\=15.1
    export IS_UNOPTIMIZED_BUILD\=YES
    export JAVAC_DEFAULT_FLAGS\=-J-Xms64m\ -J-XX:NewSize\=4M\ -J-Dfile.encoding\=UTF8
    export JAVA_APP_STUB\=/System/Library/Frameworks/JavaVM.framework/Resources/MacOS/JavaApplicationStub
    export JAVA_ARCHIVE_CLASSES\=YES
    export JAVA_ARCHIVE_TYPE\=JAR
    export JAVA_COMPILER\=/usr/bin/javac
    export JAVA_FRAMEWORK_RESOURCES_DIRS\=Resources
    export JAVA_JAR_FLAGS\=cv
    export JAVA_SOURCE_SUBDIR\=.
    export JAVA_USE_DEPENDENCIES\=YES
    export JAVA_ZIP_FLAGS\=-urg
    export JIKES_DEFAULT_FLAGS\=+E\ +OLDCSO
    export KEEP_PRIVATE_EXTERNS\=NO
    export LD_DEPENDENCY_INFO_FILE\=/Users/shashishekhar/Library/Developer/Xcode/DerivedData/RestaurantsNearMeIOS-cxlnvzrpmdwxdmausljrqbwijesy/Build/Intermediates.noindex/Pods.build/Debug-iphonesimulator/ReactNativeDependencies.build/Objects-normal/undefined_arch/ReactNativeDependencies_dependency_info.dat
    export LD_EXPORT_SYMBOLS\=YES
    export LD_GENERATE_MAP_FILE\=NO
    export LD_MAP_FILE_PATH\=/Users/shashishekhar/Library/Developer/Xcode/DerivedData/RestaurantsNearMeIOS-cxlnvzrpmdwxdmausljrqbwijesy/Build/Intermediates.noindex/Pods.build/Debug-iphonesimulator/ReactNativeDependencies.build/ReactNativeDependencies-LinkMap-normal-undefined_arch.txt
    export LD_NO_PIE\=NO
    export LD_QUOTE_LINKER_ARGUMENTS_FOR_COMPILER_DRIVER\=YES
    export LD_RUNPATH_SEARCH_PATHS\=\ @executable_path/Frameworks
    export LD_SHARED_CACHE_ELIGIBLE\=Automatic
    export LD_WARN_DUPLICATE_LIBRARIES\=NO
    export LD_WARN_UNUSED_DYLIBS\=NO
    export LEGACY_DEVELOPER_DIR\=/Applications/Xcode.app/Contents/PlugIns/Xcode3Core.ideplugin/Contents/SharedSupport/Developer
    export LEX\=lex
    export LIBRARY_DEXT_INSTALL_PATH\=/Library/DriverExtensions
    export LIBRARY_FLAG_NOSPACE\=YES
    export LIBRARY_KEXT_INSTALL_PATH\=/Library/Extensions
    export LINKER_DISPLAYS_MANGLED_NAMES\=NO
    export LINK_FILE_LIST_normal_arm64\=/Users/shashishekhar/Library/Developer/Xcode/DerivedData/RestaurantsNearMeIOS-cxlnvzrpmdwxdmausljrqbwijesy/Build/Intermediates.noindex/Pods.build/Debug-iphonesimulator/ReactNativeDependencies.build/Objects-normal/arm64/ReactNativeDependencies.LinkFileList
    export LINK_FILE_LIST_normal_x86_64\=/Users/shashishekhar/Library/Developer/Xcode/DerivedData/RestaurantsNearMeIOS-cxlnvzrpmdwxdmausljrqbwijesy/Build/Intermediates.noindex/Pods.build/Debug-iphonesimulator/ReactNativeDependencies.build/Objects-normal/x86_64/ReactNativeDependencies.LinkFileList
    export LINK_OBJC_RUNTIME\=YES
    export LINK_WITH_STANDARD_LIBRARIES\=YES
    export LLVM_TARGET_TRIPLE_OS_VERSION\=ios15.1
    export LLVM_TARGET_TRIPLE_SUFFIX\=-simulator
    export LLVM_TARGET_TRIPLE_VENDOR\=apple
    export LM_AUX_CONST_METADATA_LIST_PATH_normal_arm64\=/Users/shashishekhar/Library/Developer/Xcode/DerivedData/RestaurantsNearMeIOS-cxlnvzrpmdwxdmausljrqbwijesy/Build/Intermediates.noindex/Pods.build/Debug-iphonesimulator/ReactNativeDependencies.build/Objects-normal/arm64/ReactNativeDependencies.SwiftConstValuesFileList
    export LM_AUX_CONST_METADATA_LIST_PATH_normal_x86_64\=/Users/shashishekhar/Library/Developer/Xcode/DerivedData/RestaurantsNearMeIOS-cxlnvzrpmdwxdmausljrqbwijesy/Build/Intermediates.noindex/Pods.build/Debug-iphonesimulator/ReactNativeDependencies.build/Objects-normal/x86_64/ReactNativeDependencies.SwiftConstValuesFileList
    export LOCALIZATION_EXPORT_SUPPORTED\=YES
    export LOCALIZATION_PREFERS_STRING_CATALOGS\=NO
    export LOCALIZED_STRING_CODE_COMMENTS\=NO
    export LOCALIZED_STRING_MACRO_NAMES\=NSLocalizedString\ CFCopyLocalizedString
    export LOCALIZED_STRING_SWIFTUI_SUPPORT\=YES
    export LOCAL_ADMIN_APPS_DIR\=/Applications/Utilities
    export LOCAL_APPS_DIR\=/Applications
    export LOCAL_DEVELOPER_DIR\=/Library/Developer
    export LOCAL_LIBRARY_DIR\=/Library
    export LOCROOT\=/Users/shashishekhar/Desktop/RestaurantsNearMeIOS/ios/Pods
    export LOCSYMROOT\=/Users/shashishekhar/Desktop/RestaurantsNearMeIOS/ios/Pods
    export MAC_OS_X_PRODUCT_BUILD_VERSION\=25E246
    export MAC_OS_X_VERSION_ACTUAL\=260400
    export MAC_OS_X_VERSION_MAJOR\=260000
    export MAC_OS_X_VERSION_MINOR\=260400
    export MAKE_MERGEABLE\=NO
    export MERGEABLE_LIBRARY\=NO
    export MERGED_BINARY_TYPE\=none
    export MERGE_LINKED_LIBRARIES\=NO
    export METAL_LIBRARY_FILE_BASE\=default
    export METAL_LIBRARY_OUTPUT_DIR\=/Users/shashishekhar/Library/Developer/Xcode/DerivedData/RestaurantsNearMeIOS-cxlnvzrpmdwxdmausljrqbwijesy/Build/Products/Debug-iphonesimulator/ReactNativeDependencies/
    export MODULE_CACHE_DIR\=/Users/shashishekhar/Library/Developer/Xcode/DerivedData/ModuleCache.noindex
    export MTL_ENABLE_DEBUG_INFO\=INCLUDE_SOURCE
    export MTL_FAST_MATH\=YES
    export NATIVE_ARCH\=arm64
    export NATIVE_ARCH_32_BIT\=arm
    export NATIVE_ARCH_64_BIT\=arm64
    export NATIVE_ARCH_ACTUAL\=arm64
    export NO_COMMON\=YES
    export OBJC_ABI_VERSION\=2
    export OBJECT_FILE_DIR\=/Users/shashishekhar/Library/Developer/Xcode/DerivedData/RestaurantsNearMeIOS-cxlnvzrpmdwxdmausljrqbwijesy/Build/Intermediates.noindex/Pods.build/Debug-iphonesimulator/ReactNativeDependencies.build/Objects
    export OBJECT_FILE_DIR_normal\=/Users/shashishekhar/Library/Developer/Xcode/DerivedData/RestaurantsNearMeIOS-cxlnvzrpmdwxdmausljrqbwijesy/Build/Intermediates.noindex/Pods.build/Debug-iphonesimulator/ReactNativeDependencies.build/Objects-normal
    export OBJROOT\=/Users/shashishekhar/Library/Developer/Xcode/DerivedData/RestaurantsNearMeIOS-cxlnvzrpmdwxdmausljrqbwijesy/Build/Intermediates.noindex
    export ONLY_ACTIVE_ARCH\=NO
    export OS\=MACOS
    export OSAC\=/usr/bin/osacompile
    export OTHER_CFLAGS\=\ -DRCT_REMOVE_LEGACY_ARCH\=1\ -ivfsoverlay\ \"/Users/shashishekhar/Desktop/RestaurantsNearMeIOS/ios/Pods/React-Core-prebuilt/React-VFS.yaml\"
    export OTHER_CPLUSPLUSFLAGS\=\ -DRCT_REMOVE_LEGACY_ARCH\=1\ -ivfsoverlay\ \"/Users/shashishekhar/Desktop/RestaurantsNearMeIOS/ios/Pods/React-Core-prebuilt/React-VFS.yaml\"\ -DRCT_REMOVE_LEGACY_ARCH\=1\ -ivfsoverlay\ \"/Users/shashishekhar/Desktop/RestaurantsNearMeIOS/ios/Pods/React-Core-prebuilt/React-VFS.yaml\"
    export OTHER_SWIFT_FLAGS\=\ -Xcc\ -ivfsoverlay\ -Xcc\ \"/Users/shashishekhar/Desktop/RestaurantsNearMeIOS/ios/Pods/React-Core-prebuilt/React-VFS.yaml\"\ -Xcc\ -Wno-incomplete-umbrella
    export PASCAL_STRINGS\=YES
    export PATH\=/Applications/Xcode.app/Contents/SharedFrameworks/SwiftBuild.framework/Versions/A/PlugIns/SWBBuildService.bundle/Contents/PlugIns/SWBUniversalPlatformPlugin.bundle/Contents/Frameworks/SWBUniversalPlatform.framework/Resources:/Applications/Xcode.app/Contents/Developer/Toolchains/XcodeDefault.xctoolchain/usr/bin:/Applications/Xcode.app/Contents/Developer/Toolchains/XcodeDefault.xctoolchain/usr/local/bin:/Applications/Xcode.app/Contents/Developer/Toolchains/XcodeDefault.xctoolchain/usr/libexec:/Applications/Xcode.app/Contents/Developer/Platforms/iPhoneSimulator.platform/usr/bin:/Applications/Xcode.app/Contents/Developer/Platforms/iPhoneSimulator.platform/usr/local/bin:/Applications/Xcode.app/Contents/Developer/Platforms/iPhoneSimulator.platform/Developer/usr/bin:/Applications/Xcode.app/Contents/Developer/Platforms/iPhoneSimulator.platform/Developer/usr/local/bin:/Applications/Xcode.app/Contents/Developer/usr/bin:/Applications/Xcode.app/Contents/Developer/usr/local/bin:/Users/shashishekhar/Library/Application\ Support/Code/User/globalStorage/github.copilot-chat/debugCommand:/Users/shashishekhar/Library/Application\ Support/Code/User/globalStorage/github.copilot-chat/copilotCli:/usr/local/bin:/System/Cryptexes/App/usr/bin:/usr/bin:/bin:/usr/sbin:/sbin:/var/run/com.apple.security.cryptexd/codex.system/bootstrap/usr/local/bin:/var/run/com.apple.security.cryptexd/codex.system/bootstrap/usr/bin:/var/run/com.apple.security.cryptexd/codex.system/bootstrap/usr/appleinternal/bin:/opt/pkg/env/active/bin:/opt/pmk/env/global/bin:/Library/Apple/usr/bin:/opt/homebrew/bin
    export PATH_PREFIXES_EXCLUDED_FROM_HEADER_DEPENDENCIES\=/usr/include\ /usr/local/include\ /System/Library/Frameworks\ /System/Library/PrivateFrameworks\ /Applications/Xcode.app/Contents/Developer/Headers\ /Applications/Xcode.app/Contents/Developer/SDKs\ /Applications/Xcode.app/Contents/Developer/Platforms
    export PER_ARCH_MODULE_FILE_DIR\=/Users/shashishekhar/Library/Developer/Xcode/DerivedData/RestaurantsNearMeIOS-cxlnvzrpmdwxdmausljrqbwijesy/Build/Intermediates.noindex/Pods.build/Debug-iphonesimulator/ReactNativeDependencies.build/Objects-normal/undefined_arch
    export PER_ARCH_OBJECT_FILE_DIR\=/Users/shashishekhar/Library/Developer/Xcode/DerivedData/RestaurantsNearMeIOS-cxlnvzrpmdwxdmausljrqbwijesy/Build/Intermediates.noindex/Pods.build/Debug-iphonesimulator/ReactNativeDependencies.build/Objects-normal/undefined_arch
    export PER_VARIANT_OBJECT_FILE_DIR\=/Users/shashishekhar/Library/Developer/Xcode/DerivedData/RestaurantsNearMeIOS-cxlnvzrpmdwxdmausljrqbwijesy/Build/Intermediates.noindex/Pods.build/Debug-iphonesimulator/ReactNativeDependencies.build/Objects-normal
    export PKGINFO_FILE_PATH\=/Users/shashishekhar/Library/Developer/Xcode/DerivedData/RestaurantsNearMeIOS-cxlnvzrpmdwxdmausljrqbwijesy/Build/Intermediates.noindex/Pods.build/Debug-iphonesimulator/ReactNativeDependencies.build/PkgInfo
    export PLATFORM_DEVELOPER_APPLICATIONS_DIR\=/Applications/Xcode.app/Contents/Developer/Platforms/iPhoneSimulator.platform/Developer/Applications
    export PLATFORM_DEVELOPER_BIN_DIR\=/Applications/Xcode.app/Contents/Developer/Platforms/iPhoneSimulator.platform/Developer/usr/bin
    export PLATFORM_DEVELOPER_LIBRARY_DIR\=/Applications/Xcode.app/Contents/Developer/Platforms/iPhoneSimulator.platform/Developer/Library
    export PLATFORM_DEVELOPER_SDK_DIR\=/Applications/Xcode.app/Contents/Developer/Platforms/iPhoneSimulator.platform/Developer/SDKs
    export PLATFORM_DEVELOPER_TOOLS_DIR\=/Applications/Xcode.app/Contents/Developer/Platforms/iPhoneSimulator.platform/Developer/Tools
    export PLATFORM_DEVELOPER_USR_DIR\=/Applications/Xcode.app/Contents/Developer/Platforms/iPhoneSimulator.platform/Developer/usr
    export PLATFORM_DIR\=/Applications/Xcode.app/Contents/Developer/Platforms/iPhoneSimulator.platform
    export PLATFORM_DISPLAY_NAME\=iOS\ Simulator
    export PLATFORM_FAMILY_NAME\=iOS
    export PLATFORM_NAME\=iphonesimulator
    export PLATFORM_PREFERRED_ARCH\=x86_64
    export PLATFORM_PRODUCT_BUILD_VERSION\=23F81a
    export PLATFORM_REQUIRES_SWIFT_AUTOLINK_EXTRACT\=NO
    export PLATFORM_REQUIRES_SWIFT_MODULEWRAP\=NO
    export PLATFORM_USES_DSYMS\=YES
    export PLIST_FILE_OUTPUT_FORMAT\=binary
    export PODFILE_DIR\=/Users/shashishekhar/Desktop/RestaurantsNearMeIOS/ios/Pods/..
    export PODS_BUILD_DIR\=/Users/shashishekhar/Library/Developer/Xcode/DerivedData/RestaurantsNearMeIOS-cxlnvzrpmdwxdmausljrqbwijesy/Build/Products
    export PODS_CONFIGURATION_BUILD_DIR\=/Users/shashishekhar/Library/Developer/Xcode/DerivedData/RestaurantsNearMeIOS-cxlnvzrpmdwxdmausljrqbwijesy/Build/Products/Debug-iphonesimulator
    export PODS_DEVELOPMENT_LANGUAGE\=en
    export PODS_ROOT\=/Users/shashishekhar/Desktop/RestaurantsNearMeIOS/ios/Pods
    export PODS_TARGET_SRCROOT\=/Users/shashishekhar/Desktop/RestaurantsNearMeIOS/ios/Pods/ReactNativeDependencies
    export PODS_XCFRAMEWORKS_BUILD_DIR\=/Users/shashishekhar/Library/Developer/Xcode/DerivedData/RestaurantsNearMeIOS-cxlnvzrpmdwxdmausljrqbwijesy/Build/Products/Debug-iphonesimulator/XCFrameworkIntermediates
    export PRECOMPS_INCLUDE_HEADERS_FROM_BUILT_PRODUCTS_DIR\=YES
    export PRECOMP_DESTINATION_DIR\=/Users/shashishekhar/Library/Developer/Xcode/DerivedData/RestaurantsNearMeIOS-cxlnvzrpmdwxdmausljrqbwijesy/Build/Intermediates.noindex/Pods.build/Debug-iphonesimulator/ReactNativeDependencies.build/PrefixHeaders
    export PROCESSED_INFOPLIST_PATH\=/Users/shashishekhar/Library/Developer/Xcode/DerivedData/RestaurantsNearMeIOS-cxlnvzrpmdwxdmausljrqbwijesy/Build/Intermediates.noindex/Pods.build/Debug-iphonesimulator/ReactNativeDependencies.build/Objects-normal/undefined_arch/Processed-Info.plist
    export PRODUCT_BUNDLE_IDENTIFIER\=org.cocoapods.ReactNativeDependencies
    export PRODUCT_MODULE_NAME\=ReactNativeDependencies
    export PRODUCT_NAME\=ReactNativeDependencies
    export PRODUCT_SETTINGS_PATH\=
    export PROFILING_CODE\=NO
    export PROJECT\=Pods
    export PROJECT_DERIVED_FILE_DIR\=/Users/shashishekhar/Library/Developer/Xcode/DerivedData/RestaurantsNearMeIOS-cxlnvzrpmdwxdmausljrqbwijesy/Build/Intermediates.noindex/Pods.build/DerivedSources
    export PROJECT_DIR\=/Users/shashishekhar/Desktop/RestaurantsNearMeIOS/ios/Pods
    export PROJECT_FILE_PATH\=/Users/shashishekhar/Desktop/RestaurantsNearMeIOS/ios/Pods/Pods.xcodeproj
    export PROJECT_GUID\=8699adb1dd336b26511df848a716bd42
    export PROJECT_NAME\=Pods
    export PROJECT_TEMP_DIR\=/Users/shashishekhar/Library/Developer/Xcode/DerivedData/RestaurantsNearMeIOS-cxlnvzrpmdwxdmausljrqbwijesy/Build/Intermediates.noindex/Pods.build
    export PROJECT_TEMP_ROOT\=/Users/shashishekhar/Library/Developer/Xcode/DerivedData/RestaurantsNearMeIOS-cxlnvzrpmdwxdmausljrqbwijesy/Build/Intermediates.noindex
    export REACT_NATIVE_PATH\=/Users/shashishekhar/Desktop/RestaurantsNearMeIOS/ios/Pods/../../node_modules/react-native
    export RECOMMENDED_IPHONEOS_DEPLOYMENT_TARGET\=15.0
    export RECURSIVE_SEARCH_PATHS_FOLLOW_SYMLINKS\=YES
    export REMOVE_CVS_FROM_RESOURCES\=YES
    export REMOVE_GIT_FROM_RESOURCES\=YES
    export REMOVE_HEADERS_FROM_EMBEDDED_BUNDLES\=YES
    export REMOVE_HG_FROM_RESOURCES\=YES
    export REMOVE_STATIC_EXECUTABLES_FROM_EMBEDDED_BUNDLES\=YES
    export REMOVE_SVN_FROM_RESOURCES\=YES
    export RESCHEDULE_INDEPENDENT_HEADERS_PHASES\=YES
    export REZ_COLLECTOR_DIR\=/Users/shashishekhar/Library/Developer/Xcode/DerivedData/RestaurantsNearMeIOS-cxlnvzrpmdwxdmausljrqbwijesy/Build/Intermediates.noindex/Pods.build/Debug-iphonesimulator/ReactNativeDependencies.build/ResourceManagerResources
    export REZ_OBJECTS_DIR\=/Users/shashishekhar/Library/Developer/Xcode/DerivedData/RestaurantsNearMeIOS-cxlnvzrpmdwxdmausljrqbwijesy/Build/Intermediates.noindex/Pods.build/Debug-iphonesimulator/ReactNativeDependencies.build/ResourceManagerResources/Objects
    export RPATH_ORIGIN\=@loader_path
    export RUNTIME_EXCEPTION_ALLOW_DYLD_ENVIRONMENT_VARIABLES\=NO
    export RUNTIME_EXCEPTION_ALLOW_JIT\=NO
    export RUNTIME_EXCEPTION_ALLOW_UNSIGNED_EXECUTABLE_MEMORY\=NO
    export RUNTIME_EXCEPTION_DEBUGGING_TOOL\=NO
    export RUNTIME_EXCEPTION_DISABLE_EXECUTABLE_PAGE_PROTECTION\=NO
    export RUNTIME_EXCEPTION_DISABLE_LIBRARY_VALIDATION\=NO
    export SCANNING_PCM_KEEP_CACHE_DIRECTORY\=YES
    export SCAN_ALL_SOURCE_FILES_FOR_INCLUDES\=NO
    export SCRIPT_INPUT_FILE_COUNT\=0
    export SCRIPT_INPUT_FILE_LIST_COUNT\=0
    export SCRIPT_OUTPUT_FILE_COUNT\=0
    export SCRIPT_OUTPUT_FILE_LIST_COUNT\=0
    export SDKROOT\=/Applications/Xcode.app/Contents/Developer/Platforms/iPhoneSimulator.platform/Developer/SDKs/iPhoneSimulator26.5.sdk
    export SDK_DIR\=/Applications/Xcode.app/Contents/Developer/Platforms/iPhoneSimulator.platform/Developer/SDKs/iPhoneSimulator26.5.sdk
    export SDK_DIR_iphonesimulator\=/Applications/Xcode.app/Contents/Developer/Platforms/iPhoneSimulator.platform/Developer/SDKs/iPhoneSimulator26.5.sdk
    export SDK_DIR_iphonesimulator26_5\=/Applications/Xcode.app/Contents/Developer/Platforms/iPhoneSimulator.platform/Developer/SDKs/iPhoneSimulator26.5.sdk
    export SDK_NAME\=iphonesimulator26.5
    export SDK_NAMES\=iphonesimulator26.5
    export SDK_PRODUCT_BUILD_VERSION\=23F81a
    export SDK_STAT_CACHE_DIR\=/Users/shashishekhar/Library/Developer/Xcode/DerivedData
    export SDK_STAT_CACHE_ENABLE\=YES
    export SDK_STAT_CACHE_PATH\=/Users/shashishekhar/Library/Developer/Xcode/DerivedData/SDKStatCaches.noindex/iphonesimulator26.5-23F81a-6cfe768891a92b912361537c460fe42b.sdkstatcache
    export SDK_VERSION\=26.5
    export SDK_VERSION_ACTUAL\=260500
    export SDK_VERSION_MAJOR\=260000
    export SDK_VERSION_MINOR\=260500
    export SED\=/usr/bin/sed
    export SEPARATE_STRIP\=NO
    export SEPARATE_SYMBOL_EDIT\=NO
    export SET_DIR_MODE_OWNER_GROUP\=YES
    export SET_FILE_MODE_OWNER_GROUP\=NO
    export SHALLOW_BUNDLE\=NO
    export SHARED_DERIVED_FILE_DIR\=/Users/shashishekhar/Library/Developer/Xcode/DerivedData/RestaurantsNearMeIOS-cxlnvzrpmdwxdmausljrqbwijesy/Build/Products/Debug-iphonesimulator/ReactNativeDependencies/DerivedSources
    export SHARED_PRECOMPS_DIR\=/Users/shashishekhar/Library/Developer/Xcode/DerivedData/RestaurantsNearMeIOS-cxlnvzrpmdwxdmausljrqbwijesy/Build/Intermediates.noindex/PrecompiledHeaders
    export SKIP_INSTALL\=YES
    export SKIP_MERGEABLE_LIBRARY_BUNDLE_HOOK\=NO
    export SOURCE_ROOT\=/Users/shashishekhar/Desktop/RestaurantsNearMeIOS/ios/Pods
    export SRCROOT\=/Users/shashishekhar/Desktop/RestaurantsNearMeIOS/ios/Pods
    export STRINGSDATA_DIR\=/Users/shashishekhar/Library/Developer/Xcode/DerivedData/RestaurantsNearMeIOS-cxlnvzrpmdwxdmausljrqbwijesy/Build/Intermediates.noindex/Pods.build/Debug-iphonesimulator/ReactNativeDependencies.build/Objects-normal/undefined_arch
    export STRINGSDATA_ROOT\=/Users/shashishekhar/Library/Developer/Xcode/DerivedData/RestaurantsNearMeIOS-cxlnvzrpmdwxdmausljrqbwijesy/Build/Intermediates.noindex/Pods.build/Debug-iphonesimulator/ReactNativeDependencies.build
    export STRINGS_FILE_INFOPLIST_RENAME\=YES
    export STRINGS_FILE_OUTPUT_ENCODING\=binary
    export STRING_CATALOG_GENERATE_SYMBOLS\=NO
    export STRIP_BITCODE_FROM_COPIED_FILES\=NO
    export STRIP_INSTALLED_PRODUCT\=NO
    export STRIP_STYLE\=all
    export STRIP_SWIFT_SYMBOLS\=YES
    export SUPPORTED_DEVICE_FAMILIES\=1,2
    export SUPPORTED_PLATFORMS\=iphoneos\ iphonesimulator
    export SUPPORTS_TEXT_BASED_API\=NO
    export SUPPRESS_WARNINGS\=NO
    export SWIFT_ACTIVE_COMPILATION_CONDITIONS\=\ DEBUG
    export SWIFT_EMIT_CONST_VALUE_PROTOCOLS\=AnyResolverProviding\ AppEntity\ AppEnum\ AppExtension\ AppIntent\ AppIntentsPackage\ AppShortcutProviding\ AppShortcutsProvider\ AppUnionValue\ AppUnionValueCasesProviding\ DynamicOptionsProvider\ EntityQuery\ ExtensionPointDefining\ IntentValueQuery\ Resolver\ TransientEntity\ _AssistantIntentsProvider\ _GenerativeFunctionExtractable\ _IntentValueRepresentable
    export SWIFT_EMIT_LOC_STRINGS\=NO
    export SWIFT_ENABLE_EXPLICIT_MODULES\=NO
    export SWIFT_OPTIMIZATION_LEVEL\=-Onone
    export SWIFT_PLATFORM_TARGET_PREFIX\=ios
    export SWIFT_RESPONSE_FILE_PATH_normal_arm64\=/Users/shashishekhar/Library/Developer/Xcode/DerivedData/RestaurantsNearMeIOS-cxlnvzrpmdwxdmausljrqbwijesy/Build/Intermediates.noindex/Pods.build/Debug-iphonesimulator/ReactNativeDependencies.build/Objects-normal/arm64/ReactNativeDependencies.SwiftFileList
    export SWIFT_RESPONSE_FILE_PATH_normal_x86_64\=/Users/shashishekhar/Library/Developer/Xcode/DerivedData/RestaurantsNearMeIOS-cxlnvzrpmdwxdmausljrqbwijesy/Build/Intermediates.noindex/Pods.build/Debug-iphonesimulator/ReactNativeDependencies.build/Objects-normal/x86_64/ReactNativeDependencies.SwiftFileList
    export SWIFT_VERSION\=5.0
    export SYMROOT\=/Users/shashishekhar/Library/Developer/Xcode/DerivedData/RestaurantsNearMeIOS-cxlnvzrpmdwxdmausljrqbwijesy/Build/Products
    export SYSTEM_ADMIN_APPS_DIR\=/Applications/Utilities
    export SYSTEM_APPS_DIR\=/Applications
    export SYSTEM_CORE_SERVICES_DIR\=/System/Library/CoreServices
    export SYSTEM_DEMOS_DIR\=/Applications/Extras
    export SYSTEM_DEVELOPER_APPS_DIR\=/Applications/Xcode.app/Contents/Developer/Applications
    export SYSTEM_DEVELOPER_BIN_DIR\=/Applications/Xcode.app/Contents/Developer/usr/bin
    export SYSTEM_DEVELOPER_DEMOS_DIR\=/Applications/Xcode.app/Contents/Developer/Applications/Utilities/Built\ Examples
    export SYSTEM_DEVELOPER_DIR\=/Applications/Xcode.app/Contents/Developer
    export SYSTEM_DEVELOPER_DOC_DIR\=/Applications/Xcode.app/Contents/Developer/ADC\ Reference\ Library
    export SYSTEM_DEVELOPER_GRAPHICS_TOOLS_DIR\=/Applications/Xcode.app/Contents/Developer/Applications/Graphics\ Tools
    export SYSTEM_DEVELOPER_JAVA_TOOLS_DIR\=/Applications/Xcode.app/Contents/Developer/Applications/Java\ Tools
    export SYSTEM_DEVELOPER_PERFORMANCE_TOOLS_DIR\=/Applications/Xcode.app/Contents/Developer/Applications/Performance\ Tools
    export SYSTEM_DEVELOPER_RELEASENOTES_DIR\=/Applications/Xcode.app/Contents/Developer/ADC\ Reference\ Library/releasenotes
    export SYSTEM_DEVELOPER_TOOLS\=/Applications/Xcode.app/Contents/Developer/Tools
    export SYSTEM_DEVELOPER_TOOLS_DOC_DIR\=/Applications/Xcode.app/Contents/Developer/ADC\ Reference\ Library/documentation/DeveloperTools
    export SYSTEM_DEVELOPER_TOOLS_RELEASENOTES_DIR\=/Applications/Xcode.app/Contents/Developer/ADC\ Reference\ Library/releasenotes/DeveloperTools
    export SYSTEM_DEVELOPER_USR_DIR\=/Applications/Xcode.app/Contents/Developer/usr
    export SYSTEM_DEVELOPER_UTILITIES_DIR\=/Applications/Xcode.app/Contents/Developer/Applications/Utilities
    export SYSTEM_DEXT_INSTALL_PATH\=/System/Library/DriverExtensions
    export SYSTEM_DOCUMENTATION_DIR\=/Library/Documentation
    export SYSTEM_KEXT_INSTALL_PATH\=/System/Library/Extensions
    export SYSTEM_LIBRARY_DIR\=/System/Library
    export TAPI_DEMANGLE\=YES
    export TAPI_ENABLE_PROJECT_HEADERS\=NO
    export TAPI_LANGUAGE\=objective-c
    export TAPI_LANGUAGE_STANDARD\=compiler-default
    export TAPI_USE_SRCROOT\=YES
    export TAPI_VERIFY_MODE\=Pedantic
    export TARGETED_DEVICE_FAMILY\=1,2
    export TARGETNAME\=ReactNativeDependencies
    export TARGET_BUILD_DIR\=/Users/shashishekhar/Library/Developer/Xcode/DerivedData/RestaurantsNearMeIOS-cxlnvzrpmdwxdmausljrqbwijesy/Build/Products/Debug-iphonesimulator/ReactNativeDependencies
    export TARGET_NAME\=ReactNativeDependencies
    export TARGET_TEMP_DIR\=/Users/shashishekhar/Library/Developer/Xcode/DerivedData/RestaurantsNearMeIOS-cxlnvzrpmdwxdmausljrqbwijesy/Build/Intermediates.noindex/Pods.build/Debug-iphonesimulator/ReactNativeDependencies.build
    export TEMP_DIR\=/Users/shashishekhar/Library/Developer/Xcode/DerivedData/RestaurantsNearMeIOS-cxlnvzrpmdwxdmausljrqbwijesy/Build/Intermediates.noindex/Pods.build/Debug-iphonesimulator/ReactNativeDependencies.build
    export TEMP_FILES_DIR\=/Users/shashishekhar/Library/Developer/Xcode/DerivedData/RestaurantsNearMeIOS-cxlnvzrpmdwxdmausljrqbwijesy/Build/Intermediates.noindex/Pods.build/Debug-iphonesimulator/ReactNativeDependencies.build
    export TEMP_FILE_DIR\=/Users/shashishekhar/Library/Developer/Xcode/DerivedData/RestaurantsNearMeIOS-cxlnvzrpmdwxdmausljrqbwijesy/Build/Intermediates.noindex/Pods.build/Debug-iphonesimulator/ReactNativeDependencies.build
    export TEMP_ROOT\=/Users/shashishekhar/Library/Developer/Xcode/DerivedData/RestaurantsNearMeIOS-cxlnvzrpmdwxdmausljrqbwijesy/Build/Intermediates.noindex
    export TEMP_SANDBOX_DIR\=/Users/shashishekhar/Library/Developer/Xcode/DerivedData/RestaurantsNearMeIOS-cxlnvzrpmdwxdmausljrqbwijesy/Build/Intermediates.noindex/TemporaryTaskSandboxes
    export TEST_FRAMEWORK_SEARCH_PATHS\=\ /Applications/Xcode.app/Contents/Developer/Platforms/iPhoneSimulator.platform/Developer/Library/Frameworks\ /Applications/Xcode.app/Contents/Developer/Platforms/iPhoneSimulator.platform/Developer/SDKs/iPhoneSimulator26.5.sdk/Developer/Library/Frameworks
    export TEST_LIBRARY_SEARCH_PATHS\=\ /Applications/Xcode.app/Contents/Developer/Platforms/iPhoneSimulator.platform/Developer/usr/lib
    export TOOLCHAINS\=com.apple.dt.toolchain.XcodeDefault
    export TOOLCHAIN_DIR\=/Applications/Xcode.app/Contents/Developer/Toolchains/XcodeDefault.xctoolchain
    export TREAT_MISSING_BASELINES_AS_TEST_FAILURES\=NO
    export TREAT_MISSING_SCRIPT_PHASE_OUTPUTS_AS_ERRORS\=NO
    export UID\=501
    export UNINSTALLED_PRODUCTS_DIR\=/Users/shashishekhar/Library/Developer/Xcode/DerivedData/RestaurantsNearMeIOS-cxlnvzrpmdwxdmausljrqbwijesy/Build/Intermediates.noindex/UninstalledProducts
    export UNSTRIPPED_PRODUCT\=NO
    export USER\=shashishekhar
    export USER_APPS_DIR\=/Users/shashishekhar/Applications
    export USER_LIBRARY_DIR\=/Users/shashishekhar/Library
    export USE_DYNAMIC_NO_PIC\=YES
    export USE_HEADERMAP\=YES
    export USE_HEADER_SYMLINKS\=NO
    export USE_HERMES\=true
    export USE_RECURSIVE_SCRIPT_INPUTS_IN_SCRIPT_PHASES\=YES
    export VALIDATE_DEVELOPMENT_ASSET_PATHS\=YES_ERROR
    export VALIDATE_PRODUCT\=NO
    export VALID_ARCHS\=arm64\ x86_64
    export VERBOSE_PBXCP\=NO
    export VERSION_INFO_BUILDER\=shashishekhar
    export VERSION_INFO_FILE\=ReactNativeDependencies_vers.c
    export VERSION_INFO_STRING\=\"@\(\#\)PROGRAM:ReactNativeDependencies\ \ PROJECT:Pods-\"
    export WORKSPACE_DIR\=/Users/shashishekhar/Desktop/RestaurantsNearMeIOS/ios
    export WRAP_ASSET_PACKS_IN_SEPARATE_DIRECTORIES\=NO
    export XCODE_APP_SUPPORT_DIR\=/Applications/Xcode.app/Contents/Developer/Library/Xcode
    export XCODE_PRODUCT_BUILD_VERSION\=17F113
    export XCODE_VERSION_ACTUAL\=2660
    export XCODE_VERSION_MAJOR\=2600
    export XCODE_VERSION_MINOR\=2660
    export XPCSERVICES_FOLDER_PATH\=/XPCServices
    export YACC\=yacc
    export _DISCOVER_COMMAND_LINE_LINKER_INPUTS\=YES
    export _DISCOVER_COMMAND_LINE_LINKER_INPUTS_INCLUDE_WL\=YES
    export _LD_MULTIARCH\=YES
    export __DIAGNOSE_DEPRECATED_ARCHS\=YES
    export __ORIGINAL_SDK_DEFINED_LLVM_TARGET_TRIPLE_SYS\=ios
    export arch\=undefined_arch
    export variant\=normal
    /bin/sh -c /Users/shashishekhar/Library/Developer/Xcode/DerivedData/RestaurantsNearMeIOS-cxlnvzrpmdwxdmausljrqbwijesy/Build/Intermediates.noindex/Pods.build/Debug-iphonesimulator/ReactNativeDependencies.build/Script-46EB2E0001AF70.sh
Node found at: /opt/homebrew/Cellar/node/26.5.0/bin/node
No previous build detected, but Debug Configuration. No need to replace RNDeps

PhaseScriptExecution [CP-User]\ [Hermes]\ Replace\ Hermes\ for\ the\ right\ configuration,\ if\ needed /Users/shashishekhar/Library/Developer/Xcode/DerivedData/RestaurantsNearMeIOS-cxlnvzrpmdwxdmausljrqbwijesy/Build/Intermediates.noindex/Pods.build/Debug-iphonesimulator/hermes-engine.build/Script-46EB2E0001AF90.sh (in target 'hermes-engine' from project 'Pods')
    cd /Users/shashishekhar/Desktop/RestaurantsNearMeIOS/ios/Pods
    export ACTION\=build
    export AD_HOC_CODE_SIGNING_ALLOWED\=YES
    export ALLOW_BUILD_REQUEST_OVERRIDES\=NO
    export ALLOW_TARGET_PLATFORM_SPECIALIZATION\=NO
    export ALTERNATE_GROUP\=staff
    export ALTERNATE_MODE\=u+w,go-w,a+rX
    export ALTERNATE_OWNER\=shashishekhar
    export ALTERNATIVE_DISTRIBUTION_WEB\=NO
    export ALWAYS_EMBED_SWIFT_STANDARD_LIBRARIES\=NO
    export ALWAYS_SEARCH_USER_PATHS\=NO
    export ALWAYS_USE_SEPARATE_HEADERMAPS\=NO
    export APPLICATION_EXTENSION_API_ONLY\=NO
    export APPLY_RULES_IN_COPY_FILES\=NO
    export APPLY_RULES_IN_COPY_HEADERS\=NO
    export APP_SHORTCUTS_ENABLE_FLEXIBLE_MATCHING\=YES
    export ARCHS\=arm64\ x86_64
    export ARCHS_BASE\=arm64\ x86_64
    export ARCHS_STANDARD\=arm64\ x86_64
    export ARCHS_STANDARD_32_64_BIT\=arm64\ x86_64
    export ARCHS_STANDARD_64_BIT\=arm64\ x86_64
    export ARCHS_STANDARD_INCLUDING_64_BIT\=arm64\ x86_64
    export ARCHS_UNIVERSAL_IPHONE_OS\=arm64\ x86_64
    export ASSETCATALOG_COMPILER_APPICON_NAME\=AppIcon
    export ASSETCATALOG_COMPILER_GLOBAL_ACCENT_COLOR_NAME\=AccentColor
    export AUTOMATICALLY_MERGE_DEPENDENCIES\=NO
    export AUTOMATION_APPLE_EVENTS\=NO
    export AVAILABLE_PLATFORMS\=android\ appletvos\ appletvsimulator\ driverkit\ freebsd\ iphoneos\ iphonesimulator\ linux\ macosx\ none\ openbsd\ qnx\ watchos\ watchsimulator\ webassembly\ xros\ xrsimulator
    export BUILD_ACTIVE_RESOURCES_ONLY\=NO
    export BUILD_COMPONENTS\=headers\ build
    export BUILD_DIR\=/Users/shashishekhar/Library/Developer/Xcode/DerivedData/RestaurantsNearMeIOS-cxlnvzrpmdwxdmausljrqbwijesy/Build/Products
    export BUILD_LIBRARY_FOR_DISTRIBUTION\=NO
    export BUILD_ONLY_KNOWN_LOCALIZATIONS\=NO
    export BUILD_ROOT\=/Users/shashishekhar/Library/Developer/Xcode/DerivedData/RestaurantsNearMeIOS-cxlnvzrpmdwxdmausljrqbwijesy/Build/Products
    export BUILD_STYLE\=
    export BUILD_VARIANTS\=normal
    export BUILT_PRODUCTS_DIR\=/Users/shashishekhar/Library/Developer/Xcode/DerivedData/RestaurantsNearMeIOS-cxlnvzrpmdwxdmausljrqbwijesy/Build/Products/Debug-iphonesimulator/hermes-engine
    export BUNDLE_CONTENTS_FOLDER_PATH_deep\=Contents/
    export BUNDLE_EXECUTABLE_FOLDER_NAME_deep\=MacOS
    export BUNDLE_EXTENSIONS_FOLDER_PATH\=Extensions
    export BUNDLE_FORMAT\=shallow
    export BUNDLE_FRAMEWORKS_FOLDER_PATH\=Frameworks
    export BUNDLE_PLUGINS_FOLDER_PATH\=PlugIns
    export BUNDLE_PRIVATE_HEADERS_FOLDER_PATH\=PrivateHeaders
    export BUNDLE_PUBLIC_HEADERS_FOLDER_PATH\=Headers
    export CACHE_ROOT\=/var/folders/n6/7nd1dnm93kng8k7b6j0bk0sc0000gn/C/com.apple.DeveloperTools/26.6-17F113/Xcode
    export CCHROOT\=/var/folders/n6/7nd1dnm93kng8k7b6j0bk0sc0000gn/C/com.apple.DeveloperTools/26.6-17F113/Xcode
    export CHMOD\=/bin/chmod
    export CHOWN\=chown
    export CLANG_ALLOW_NON_MODULAR_INCLUDES_IN_FRAMEWORK_MODULES\=YES
    export CLANG_ANALYZER_LOCALIZABILITY_NONLOCALIZED\=YES
    export CLANG_ANALYZER_NONNULL\=YES
    export CLANG_ANALYZER_NUMBER_OBJECT_CONVERSION\=YES_AGGRESSIVE
    export CLANG_CACHE_FINE_GRAINED_OUTPUTS\=YES
    export CLANG_CXX_LANGUAGE_STANDARD\=c++20
    export CLANG_CXX_LIBRARY\=compiler-default
    export CLANG_ENABLE_EXPLICIT_MODULES\=YES
    export CLANG_ENABLE_MODULES\=YES
    export CLANG_ENABLE_OBJC_ARC\=YES
    export CLANG_ENABLE_OBJC_WEAK\=NO
    export CLANG_MODULES_BUILD_SESSION_FILE\=/Users/shashishekhar/Library/Developer/Xcode/DerivedData/ModuleCache.noindex/Session.modulevalidation
    export CLANG_WARN_BLOCK_CAPTURE_AUTORELEASING\=YES
    export CLANG_WARN_BOOL_CONVERSION\=YES
    export CLANG_WARN_COMMA\=YES
    export CLANG_WARN_CONSTANT_CONVERSION\=YES
    export CLANG_WARN_DEPRECATED_OBJC_IMPLEMENTATIONS\=YES
    export CLANG_WARN_DIRECT_OBJC_ISA_USAGE\=YES_ERROR
    export CLANG_WARN_DOCUMENTATION_COMMENTS\=YES
    export CLANG_WARN_EMPTY_BODY\=YES
    export CLANG_WARN_ENUM_CONVERSION\=YES
    export CLANG_WARN_INFINITE_RECURSION\=YES
    export CLANG_WARN_INT_CONVERSION\=YES
    export CLANG_WARN_NON_LITERAL_NULL_CONVERSION\=YES
    export CLANG_WARN_OBJC_IMPLICIT_RETAIN_SELF\=YES
    export CLANG_WARN_OBJC_LITERAL_CONVERSION\=YES
    export CLANG_WARN_OBJC_ROOT_CLASS\=YES_ERROR
    export CLANG_WARN_QUOTED_INCLUDE_IN_FRAMEWORK_HEADER\=NO
    export CLANG_WARN_RANGE_LOOP_ANALYSIS\=YES
    export CLANG_WARN_STRICT_PROTOTYPES\=YES
    export CLANG_WARN_SUSPICIOUS_MOVE\=YES
    export CLANG_WARN_UNGUARDED_AVAILABILITY\=YES_AGGRESSIVE
    export CLANG_WARN_UNREACHABLE_CODE\=YES
    export CLANG_WARN__DUPLICATE_METHOD_MATCH\=YES
    export CLASS_FILE_DIR\=/Users/shashishekhar/Library/Developer/Xcode/DerivedData/RestaurantsNearMeIOS-cxlnvzrpmdwxdmausljrqbwijesy/Build/Intermediates.noindex/Pods.build/Debug-iphonesimulator/hermes-engine.build/JavaClasses
    export CLEAN_PRECOMPS\=YES
    export CLONE_HEADERS\=NO
    export CODESIGNING_FOLDER_PATH\=/Users/shashishekhar/Library/Developer/Xcode/DerivedData/RestaurantsNearMeIOS-cxlnvzrpmdwxdmausljrqbwijesy/Build/Products/Debug-iphonesimulator/hermes-engine/
    export CODE_SIGNING_ALLOWED\=NO
    export CODE_SIGNING_REQUIRED\=YES
    export CODE_SIGN_CONTEXT_CLASS\=XCiPhoneSimulatorCodeSignContext
    export CODE_SIGN_IDENTITY\=-
    export CODE_SIGN_INJECT_BASE_ENTITLEMENTS\=YES
    export COLOR_DIAGNOSTICS\=NO
    export COMBINE_HIDPI_IMAGES\=NO
    export COMPILATION_CACHE_CAS_PATH\=/Users/shashishekhar/Library/Developer/Xcode/DerivedData/CompilationCache.noindex
    export COMPILATION_CACHE_KEEP_CAS_DIRECTORY\=YES
    export COMPILER_INDEX_STORE_ENABLE\=Default
    export COMPOSITE_SDK_DIRS\=/Users/shashishekhar/Library/Developer/Xcode/DerivedData/RestaurantsNearMeIOS-cxlnvzrpmdwxdmausljrqbwijesy/Build/Intermediates.noindex/CompositeSDKs
    export COMPRESS_PNG_FILES\=YES
    export CONFIGURATION\=Debug
    export CONFIGURATION_BUILD_DIR\=/Users/shashishekhar/Library/Developer/Xcode/DerivedData/RestaurantsNearMeIOS-cxlnvzrpmdwxdmausljrqbwijesy/Build/Products/Debug-iphonesimulator/hermes-engine
    export CONFIGURATION_TEMP_DIR\=/Users/shashishekhar/Library/Developer/Xcode/DerivedData/RestaurantsNearMeIOS-cxlnvzrpmdwxdmausljrqbwijesy/Build/Intermediates.noindex/Pods.build/Debug-iphonesimulator
    export COPYING_PRESERVES_HFS_DATA\=NO
    export COPY_HEADERS_RUN_UNIFDEF\=NO
    export COPY_PHASE_STRIP\=NO
    export CORRESPONDING_DEVICE_PLATFORM_DIR\=/Applications/Xcode.app/Contents/Developer/Platforms/iPhoneOS.platform
    export CORRESPONDING_DEVICE_PLATFORM_NAME\=iphoneos
    export CORRESPONDING_DEVICE_SDK_DIR\=/Applications/Xcode.app/Contents/Developer/Platforms/iPhoneOS.platform/Developer/SDKs/iPhoneOS26.5.sdk
    export CORRESPONDING_DEVICE_SDK_NAME\=iphoneos26.5
    export CP\=/bin/cp
    export CREATE_INFOPLIST_SECTION_IN_BINARY\=NO
    export CURRENT_ARCH\=undefined_arch
    export CURRENT_VARIANT\=normal
    export DEAD_CODE_STRIPPING\=YES
    export DEBUGGING_SYMBOLS\=YES
    export DEBUG_INFORMATION_FORMAT\=dwarf
    export DEBUG_INFORMATION_VERSION\=compiler-default
    export DEFAULT_COMPILER\=com.apple.compilers.llvm.clang.1_0
    export DEFAULT_DEXT_INSTALL_PATH\=/System/Library/DriverExtensions
    export DEFAULT_KEXT_INSTALL_PATH\=/System/Library/Extensions
    export DEFINES_MODULE\=NO
    export DEPLOYMENT_LOCATION\=NO
    export DEPLOYMENT_POSTPROCESSING\=NO
    export DEPLOYMENT_TARGET_SETTING_NAME\=IPHONEOS_DEPLOYMENT_TARGET
    export DEPLOYMENT_TARGET_SUGGESTED_VALUES\=12.0\ 12.1\ 12.2\ 12.3\ 12.4\ 13.0\ 13.1\ 13.2\ 13.3\ 13.4\ 13.5\ 13.6\ 14.0\ 14.1\ 14.2\ 14.3\ 14.4\ 14.5\ 14.6\ 14.7\ 15.0\ 15.1\ 15.2\ 15.3\ 15.4\ 15.5\ 15.6\ 16.0\ 16.1\ 16.2\ 16.3\ 16.4\ 16.5\ 16.6\ 17.0\ 17.1\ 17.2\ 17.3\ 17.4\ 17.5\ 17.6\ 18.0\ 18.1\ 18.2\ 18.3\ 18.4\ 18.5\ 18.6\ 26.0\ 26.2\ 26.3\ 26.4\ 26.5
    export DERIVED_FILES_DIR\=/Users/shashishekhar/Library/Developer/Xcode/DerivedData/RestaurantsNearMeIOS-cxlnvzrpmdwxdmausljrqbwijesy/Build/Intermediates.noindex/Pods.build/Debug-iphonesimulator/hermes-engine.build/DerivedSources
    export DERIVED_FILE_DIR\=/Users/shashishekhar/Library/Developer/Xcode/DerivedData/RestaurantsNearMeIOS-cxlnvzrpmdwxdmausljrqbwijesy/Build/Intermediates.noindex/Pods.build/Debug-iphonesimulator/hermes-engine.build/DerivedSources
    export DERIVED_SOURCES_DIR\=/Users/shashishekhar/Library/Developer/Xcode/DerivedData/RestaurantsNearMeIOS-cxlnvzrpmdwxdmausljrqbwijesy/Build/Intermediates.noindex/Pods.build/Debug-iphonesimulator/hermes-engine.build/DerivedSources
    export DEVELOPER_APPLICATIONS_DIR\=/Applications/Xcode.app/Contents/Developer/Applications
    export DEVELOPER_BIN_DIR\=/Applications/Xcode.app/Contents/Developer/usr/bin
    export DEVELOPER_DIR\=/Applications/Xcode.app/Contents/Developer
    export DEVELOPER_FRAMEWORKS_DIR\=/Applications/Xcode.app/Contents/Developer/Library/Frameworks
    export DEVELOPER_FRAMEWORKS_DIR_QUOTED\=/Applications/Xcode.app/Contents/Developer/Library/Frameworks
    export DEVELOPER_LIBRARY_DIR\=/Applications/Xcode.app/Contents/Developer/Library
    export DEVELOPER_SDK_DIR\=/Applications/Xcode.app/Contents/Developer/Platforms/MacOSX.platform/Developer/SDKs
    export DEVELOPER_TOOLS_DIR\=/Applications/Xcode.app/Contents/Developer/Tools
    export DEVELOPER_USR_DIR\=/Applications/Xcode.app/Contents/Developer/usr
    export DEVELOPMENT_LANGUAGE\=en
    export DIAGNOSE_MISSING_TARGET_DEPENDENCIES\=YES
    export DIFF\=/usr/bin/diff
    export DONT_GENERATE_INFOPLIST_FILE\=NO
    export DSTROOT\=/tmp/Pods.dst
    export DT_TOOLCHAIN_DIR\=/Applications/Xcode.app/Contents/Developer/Toolchains/XcodeDefault.xctoolchain
    export DUMP_DEPENDENCIES\=NO
    export DUMP_DEPENDENCIES_OUTPUT_PATH\=/Users/shashishekhar/Library/Developer/Xcode/DerivedData/RestaurantsNearMeIOS-cxlnvzrpmdwxdmausljrqbwijesy/Build/Intermediates.noindex/Pods.build/Debug-iphonesimulator/hermes-engine.build/hermes-engine-BuildDependencyInfo.json
    export DWARF_DSYM_FILE_NAME\=.dSYM
    export DWARF_DSYM_FILE_SHOULD_ACCOMPANY_PRODUCT\=NO
    export DWARF_DSYM_FOLDER_PATH\=/Users/shashishekhar/Library/Developer/Xcode/DerivedData/RestaurantsNearMeIOS-cxlnvzrpmdwxdmausljrqbwijesy/Build/Products/Debug-iphonesimulator/hermes-engine
    export DYNAMIC_LIBRARY_EXTENSION\=dylib
    export EAGER_COMPILATION_ALLOW_SCRIPTS\=NO
    export EAGER_LINKING\=NO
    export EFFECTIVE_PLATFORM_NAME\=-iphonesimulator
    export EFFECTIVE_SWIFT_VERSION\=5
    export EMBEDDED_CONTENT_CONTAINS_SWIFT\=NO
    export EMBED_ASSET_PACKS_IN_PRODUCT_BUNDLE\=NO
    export ENABLE_APP_SANDBOX\=NO
    export ENABLE_CODE_COVERAGE\=YES
    export ENABLE_COHORT_ARCHS\=NO
    export ENABLE_CPLUSPLUS_BOUNDS_SAFE_BUFFERS\=NO
    export ENABLE_C_BOUNDS_SAFETY\=NO
    export ENABLE_DEFAULT_HEADER_SEARCH_PATHS\=YES
    export ENABLE_DEFAULT_SEARCH_PATHS\=YES
    export ENABLE_ENHANCED_SECURITY\=NO
    export ENABLE_HARDENED_RUNTIME\=NO
    export ENABLE_HEADER_DEPENDENCIES\=YES
    export ENABLE_INCOMING_NETWORK_CONNECTIONS\=NO
    export ENABLE_ON_DEMAND_RESOURCES\=NO
    export ENABLE_OUTGOING_NETWORK_CONNECTIONS\=NO
    export ENABLE_POINTER_AUTHENTICATION\=NO
    export ENABLE_PREVIEWS\=NO
    export ENABLE_RESOURCE_ACCESS_AUDIO_INPUT\=NO
    export ENABLE_RESOURCE_ACCESS_BLUETOOTH\=NO
    export ENABLE_RESOURCE_ACCESS_CALENDARS\=NO
    export ENABLE_RESOURCE_ACCESS_CAMERA\=NO
    export ENABLE_RESOURCE_ACCESS_CONTACTS\=NO
    export ENABLE_RESOURCE_ACCESS_LOCATION\=NO
    export ENABLE_RESOURCE_ACCESS_PHOTO_LIBRARY\=NO
    export ENABLE_RESOURCE_ACCESS_PRINTING\=NO
    export ENABLE_RESOURCE_ACCESS_USB\=NO
    export ENABLE_SDK_IMPORTS\=NO
    export ENABLE_SECURITY_COMPILER_WARNINGS\=NO
    export ENABLE_STRICT_OBJC_MSGSEND\=YES
    export ENABLE_TESTABILITY\=YES
    export ENABLE_TESTING_SEARCH_PATHS\=NO
    export ENABLE_USER_SCRIPT_SANDBOXING\=NO
    export ENABLE_XOJIT_PREVIEWS\=YES
    export ENFORCE_VALID_ARCHS\=YES
    export ENTITLEMENTS_DESTINATION\=__entitlements
    export ENTITLEMENTS_REQUIRED\=YES
    export EXCLUDED_INSTALLSRC_SUBDIRECTORY_PATTERNS\=.DS_Store\ .svn\ .git\ .hg\ CVS
    export EXCLUDED_RECURSIVE_SEARCH_PATH_SUBDIRECTORIES\=\*.nib\ \*.lproj\ \*.framework\ \*.gch\ \*.xcode\*\ \*.xcassets\ \*.icon\ \(\*\)\ .DS_Store\ CVS\ .svn\ .git\ .hg\ \*.pbproj\ \*.pbxproj
    export FILE_LIST\=/Users/shashishekhar/Library/Developer/Xcode/DerivedData/RestaurantsNearMeIOS-cxlnvzrpmdwxdmausljrqbwijesy/Build/Intermediates.noindex/Pods.build/Debug-iphonesimulator/hermes-engine.build/Objects/LinkFileList
    export FIXED_FILES_DIR\=/Users/shashishekhar/Library/Developer/Xcode/DerivedData/RestaurantsNearMeIOS-cxlnvzrpmdwxdmausljrqbwijesy/Build/Intermediates.noindex/Pods.build/Debug-iphonesimulator/hermes-engine.build/FixedFiles
    export FRAMEWORK_SEARCH_PATHS\=\ \"/Users/shashishekhar/Desktop/RestaurantsNearMeIOS/ios/Pods/hermes-engine/destroot/Library/Frameworks/universal\"\ \"/Users/shashishekhar/Library/Developer/Xcode/DerivedData/RestaurantsNearMeIOS-cxlnvzrpmdwxdmausljrqbwijesy/Build/Products/Debug-iphonesimulator/XCFrameworkIntermediates/hermes-engine/Pre-built\"
    export FRAMEWORK_VERSION\=A
    export FUSE_BUILD_PHASES\=YES
    export FUSE_BUILD_SCRIPT_PHASES\=NO
    export GCC3_VERSION\=3.3
    export GCC_C_LANGUAGE_STANDARD\=gnu11
    export GCC_DYNAMIC_NO_PIC\=NO
    export GCC_NO_COMMON_BLOCKS\=YES
    export GCC_OBJC_LEGACY_DISPATCH\=YES
    export GCC_OPTIMIZATION_LEVEL\=0
    export GCC_PFE_FILE_C_DIALECTS\=c\ objective-c\ c++\ objective-c++
    export GCC_PREPROCESSOR_DEFINITIONS\=POD_CONFIGURATION_DEBUG\=1\ DEBUG\=1\ \ COCOAPODS\=1\ HERMES_ENABLE_DEBUGGER\=1
    export GCC_TREAT_WARNINGS_AS_ERRORS\=NO
    export GCC_VERSION\=com.apple.compilers.llvm.clang.1_0
    export GCC_VERSION_IDENTIFIER\=com_apple_compilers_llvm_clang_1_0
    export GCC_WARN_64_TO_32_BIT_CONVERSION\=YES
    export GCC_WARN_ABOUT_RETURN_TYPE\=YES_ERROR
    export GCC_WARN_INHIBIT_ALL_WARNINGS\=YES
    export GCC_WARN_UNDECLARED_SELECTOR\=YES
    export GCC_WARN_UNINITIALIZED_AUTOS\=YES_AGGRESSIVE
    export GCC_WARN_UNUSED_FUNCTION\=YES
    export GCC_WARN_UNUSED_VARIABLE\=YES
    export GENERATED_MODULEMAP_DIR\=/Users/shashishekhar/Library/Developer/Xcode/DerivedData/RestaurantsNearMeIOS-cxlnvzrpmdwxdmausljrqbwijesy/Build/Intermediates.noindex/GeneratedModuleMaps-iphonesimulator
    export GENERATE_INFOPLIST_FILE\=NO
    export GENERATE_INTERMEDIATE_TEXT_BASED_STUBS\=YES
    export GENERATE_PKGINFO_FILE\=NO
    export GENERATE_PRELINK_OBJECT_FILE\=NO
    export GENERATE_PROFILING_CODE\=NO
    export GENERATE_TEXT_BASED_STUBS\=NO
    export GID\=20
    export GROUP\=staff
    export HEADERMAP_INCLUDES_FLAT_ENTRIES_FOR_TARGET_BEING_BUILT\=YES
    export HEADERMAP_INCLUDES_FRAMEWORK_ENTRIES_FOR_ALL_PRODUCT_TYPES\=YES
    export HEADERMAP_INCLUDES_FRAMEWORK_ENTRIES_FOR_TARGETS_NOT_BEING_BUILT\=YES
    export HEADERMAP_INCLUDES_NONPUBLIC_NONPRIVATE_HEADERS\=YES
    export HEADERMAP_INCLUDES_PROJECT_HEADERS\=YES
    export HEADERMAP_USES_FRAMEWORK_PREFIX_ENTRIES\=YES
    export HEADERMAP_USES_VFS\=NO
    export HEADER_SEARCH_PATHS\=\ \"/Users/shashishekhar/Desktop/RestaurantsNearMeIOS/ios/Pods/Headers/Private\"\ \"/Users/shashishekhar/Desktop/RestaurantsNearMeIOS/ios/Pods/Headers/Private/hermes-engine\"\ \"/Users/shashishekhar/Desktop/RestaurantsNearMeIOS/ios/Pods/Headers/Public\"\ \"/Users/shashishekhar/Desktop/RestaurantsNearMeIOS/ios/Pods/Headers/Public/hermes-engine\"
    export HOME\=/Users/shashishekhar
    export HOST_ARCH\=arm64
    export HOST_PLATFORM\=macosx
    export ICONV\=/usr/bin/iconv
    export IMPLICIT_DEPENDENCY_DOMAIN\=default
    export INDEX_STORE_COMPRESS\=NO
    export INDEX_STORE_ONLY_PROJECT_FILES\=NO
    export INFOPLIST_ENABLE_CFBUNDLEICONS_MERGE\=YES
    export INFOPLIST_EXPAND_BUILD_SETTINGS\=YES
    export INFOPLIST_OUTPUT_FORMAT\=binary
    export INFOPLIST_PREPROCESS\=NO
    export INLINE_PRIVATE_FRAMEWORKS\=NO
    export INSTALLAPI_IGNORE_SKIP_INSTALL\=YES
    export INSTALLHDRS_COPY_PHASE\=NO
    export INSTALLHDRS_SCRIPT_PHASE\=NO
    export INSTALL_DIR\=/tmp/Pods.dst
    export INSTALL_GROUP\=staff
    export INSTALL_MODE_FLAG\=u+w,go-w,a+rX
    export INSTALL_OWNER\=shashishekhar
    export INSTALL_ROOT\=/tmp/Pods.dst
    export IPHONEOS_DEPLOYMENT_TARGET\=15.1
    export IS_UNOPTIMIZED_BUILD\=YES
    export JAVAC_DEFAULT_FLAGS\=-J-Xms64m\ -J-XX:NewSize\=4M\ -J-Dfile.encoding\=UTF8
    export JAVA_APP_STUB\=/System/Library/Frameworks/JavaVM.framework/Resources/MacOS/JavaApplicationStub
    export JAVA_ARCHIVE_CLASSES\=YES
    export JAVA_ARCHIVE_TYPE\=JAR
    export JAVA_COMPILER\=/usr/bin/javac
    export JAVA_FRAMEWORK_RESOURCES_DIRS\=Resources
    export JAVA_JAR_FLAGS\=cv
    export JAVA_SOURCE_SUBDIR\=.
    export JAVA_USE_DEPENDENCIES\=YES
    export JAVA_ZIP_FLAGS\=-urg
    export JIKES_DEFAULT_FLAGS\=+E\ +OLDCSO
    export KEEP_PRIVATE_EXTERNS\=NO
    export LD_DEPENDENCY_INFO_FILE\=/Users/shashishekhar/Library/Developer/Xcode/DerivedData/RestaurantsNearMeIOS-cxlnvzrpmdwxdmausljrqbwijesy/Build/Intermediates.noindex/Pods.build/Debug-iphonesimulator/hermes-engine.build/Objects-normal/undefined_arch/hermes-engine_dependency_info.dat
    export LD_EXPORT_SYMBOLS\=YES
    export LD_GENERATE_MAP_FILE\=NO
    export LD_MAP_FILE_PATH\=/Users/shashishekhar/Library/Developer/Xcode/DerivedData/RestaurantsNearMeIOS-cxlnvzrpmdwxdmausljrqbwijesy/Build/Intermediates.noindex/Pods.build/Debug-iphonesimulator/hermes-engine.build/hermes-engine-LinkMap-normal-undefined_arch.txt
    export LD_NO_PIE\=NO
    export LD_QUOTE_LINKER_ARGUMENTS_FOR_COMPILER_DRIVER\=YES
    export LD_RUNPATH_SEARCH_PATHS\=\ @executable_path/Frameworks
    export LD_SHARED_CACHE_ELIGIBLE\=Automatic
    export LD_WARN_DUPLICATE_LIBRARIES\=NO
    export LD_WARN_UNUSED_DYLIBS\=NO
    export LEGACY_DEVELOPER_DIR\=/Applications/Xcode.app/Contents/PlugIns/Xcode3Core.ideplugin/Contents/SharedSupport/Developer
    export LEX\=lex
    export LIBRARY_DEXT_INSTALL_PATH\=/Library/DriverExtensions
    export LIBRARY_FLAG_NOSPACE\=YES
    export LIBRARY_KEXT_INSTALL_PATH\=/Library/Extensions
    export LINKER_DISPLAYS_MANGLED_NAMES\=NO
    export LINK_FILE_LIST_normal_arm64\=/Users/shashishekhar/Library/Developer/Xcode/DerivedData/RestaurantsNearMeIOS-cxlnvzrpmdwxdmausljrqbwijesy/Build/Intermediates.noindex/Pods.build/Debug-iphonesimulator/hermes-engine.build/Objects-normal/arm64/hermes-engine.LinkFileList
    export LINK_FILE_LIST_normal_x86_64\=/Users/shashishekhar/Library/Developer/Xcode/DerivedData/RestaurantsNearMeIOS-cxlnvzrpmdwxdmausljrqbwijesy/Build/Intermediates.noindex/Pods.build/Debug-iphonesimulator/hermes-engine.build/Objects-normal/x86_64/hermes-engine.LinkFileList
    export LINK_OBJC_RUNTIME\=YES
    export LINK_WITH_STANDARD_LIBRARIES\=YES
    export LLVM_TARGET_TRIPLE_OS_VERSION\=ios15.1
    export LLVM_TARGET_TRIPLE_SUFFIX\=-simulator
    export LLVM_TARGET_TRIPLE_VENDOR\=apple
    export LM_AUX_CONST_METADATA_LIST_PATH_normal_arm64\=/Users/shashishekhar/Library/Developer/Xcode/DerivedData/RestaurantsNearMeIOS-cxlnvzrpmdwxdmausljrqbwijesy/Build/Intermediates.noindex/Pods.build/Debug-iphonesimulator/hermes-engine.build/Objects-normal/arm64/hermes-engine.SwiftConstValuesFileList
    export LM_AUX_CONST_METADATA_LIST_PATH_normal_x86_64\=/Users/shashishekhar/Library/Developer/Xcode/DerivedData/RestaurantsNearMeIOS-cxlnvzrpmdwxdmausljrqbwijesy/Build/Intermediates.noindex/Pods.build/Debug-iphonesimulator/hermes-engine.build/Objects-normal/x86_64/hermes-engine.SwiftConstValuesFileList
    export LOCALIZATION_EXPORT_SUPPORTED\=YES
    export LOCALIZATION_PREFERS_STRING_CATALOGS\=NO
    export LOCALIZED_STRING_CODE_COMMENTS\=NO
    export LOCALIZED_STRING_MACRO_NAMES\=NSLocalizedString\ CFCopyLocalizedString
    export LOCALIZED_STRING_SWIFTUI_SUPPORT\=YES
    export LOCAL_ADMIN_APPS_DIR\=/Applications/Utilities
    export LOCAL_APPS_DIR\=/Applications
    export LOCAL_DEVELOPER_DIR\=/Library/Developer
    export LOCAL_LIBRARY_DIR\=/Library
    export LOCROOT\=/Users/shashishekhar/Desktop/RestaurantsNearMeIOS/ios/Pods
    export LOCSYMROOT\=/Users/shashishekhar/Desktop/RestaurantsNearMeIOS/ios/Pods
    export MAC_OS_X_PRODUCT_BUILD_VERSION\=25E246
    export MAC_OS_X_VERSION_ACTUAL\=260400
    export MAC_OS_X_VERSION_MAJOR\=260000
    export MAC_OS_X_VERSION_MINOR\=260400
    export MAKE_MERGEABLE\=NO
    export MERGEABLE_LIBRARY\=NO
    export MERGED_BINARY_TYPE\=none
    export MERGE_LINKED_LIBRARIES\=NO
    export METAL_LIBRARY_FILE_BASE\=default
    export METAL_LIBRARY_OUTPUT_DIR\=/Users/shashishekhar/Library/Developer/Xcode/DerivedData/RestaurantsNearMeIOS-cxlnvzrpmdwxdmausljrqbwijesy/Build/Products/Debug-iphonesimulator/hermes-engine/
    export MODULE_CACHE_DIR\=/Users/shashishekhar/Library/Developer/Xcode/DerivedData/ModuleCache.noindex
    export MTL_ENABLE_DEBUG_INFO\=INCLUDE_SOURCE
    export MTL_FAST_MATH\=YES
    export NATIVE_ARCH\=arm64
    export NATIVE_ARCH_32_BIT\=arm
    export NATIVE_ARCH_64_BIT\=arm64
    export NATIVE_ARCH_ACTUAL\=arm64
    export NO_COMMON\=YES
    export OBJC_ABI_VERSION\=2
    export OBJECT_FILE_DIR\=/Users/shashishekhar/Library/Developer/Xcode/DerivedData/RestaurantsNearMeIOS-cxlnvzrpmdwxdmausljrqbwijesy/Build/Intermediates.noindex/Pods.build/Debug-iphonesimulator/hermes-engine.build/Objects
    export OBJECT_FILE_DIR_normal\=/Users/shashishekhar/Library/Developer/Xcode/DerivedData/RestaurantsNearMeIOS-cxlnvzrpmdwxdmausljrqbwijesy/Build/Intermediates.noindex/Pods.build/Debug-iphonesimulator/hermes-engine.build/Objects-normal
    export OBJROOT\=/Users/shashishekhar/Library/Developer/Xcode/DerivedData/RestaurantsNearMeIOS-cxlnvzrpmdwxdmausljrqbwijesy/Build/Intermediates.noindex
    export ONLY_ACTIVE_ARCH\=NO
    export OS\=MACOS
    export OSAC\=/usr/bin/osacompile
    export OTHER_CFLAGS\=\ -DRCT_REMOVE_LEGACY_ARCH\=1\ -ivfsoverlay\ \"/Users/shashishekhar/Desktop/RestaurantsNearMeIOS/ios/Pods/React-Core-prebuilt/React-VFS.yaml\"
    export OTHER_CPLUSPLUSFLAGS\=\ -DRCT_REMOVE_LEGACY_ARCH\=1\ -ivfsoverlay\ \"/Users/shashishekhar/Desktop/RestaurantsNearMeIOS/ios/Pods/React-Core-prebuilt/React-VFS.yaml\"\ -DRCT_REMOVE_LEGACY_ARCH\=1\ -ivfsoverlay\ \"/Users/shashishekhar/Desktop/RestaurantsNearMeIOS/ios/Pods/React-Core-prebuilt/React-VFS.yaml\"
    export OTHER_SWIFT_FLAGS\=\ -Xcc\ -ivfsoverlay\ -Xcc\ \"/Users/shashishekhar/Desktop/RestaurantsNearMeIOS/ios/Pods/React-Core-prebuilt/React-VFS.yaml\"\ -Xcc\ -Wno-incomplete-umbrella
    export PASCAL_STRINGS\=YES
    export PATH\=/Applications/Xcode.app/Contents/SharedFrameworks/SwiftBuild.framework/Versions/A/PlugIns/SWBBuildService.bundle/Contents/PlugIns/SWBUniversalPlatformPlugin.bundle/Contents/Frameworks/SWBUniversalPlatform.framework/Resources:/Applications/Xcode.app/Contents/Developer/Toolchains/XcodeDefault.xctoolchain/usr/bin:/Applications/Xcode.app/Contents/Developer/Toolchains/XcodeDefault.xctoolchain/usr/local/bin:/Applications/Xcode.app/Contents/Developer/Toolchains/XcodeDefault.xctoolchain/usr/libexec:/Applications/Xcode.app/Contents/Developer/Platforms/iPhoneSimulator.platform/usr/bin:/Applications/Xcode.app/Contents/Developer/Platforms/iPhoneSimulator.platform/usr/local/bin:/Applications/Xcode.app/Contents/Developer/Platforms/iPhoneSimulator.platform/Developer/usr/bin:/Applications/Xcode.app/Contents/Developer/Platforms/iPhoneSimulator.platform/Developer/usr/local/bin:/Applications/Xcode.app/Contents/Developer/usr/bin:/Applications/Xcode.app/Contents/Developer/usr/local/bin:/Users/shashishekhar/Library/Application\ Support/Code/User/globalStorage/github.copilot-chat/debugCommand:/Users/shashishekhar/Library/Application\ Support/Code/User/globalStorage/github.copilot-chat/copilotCli:/usr/local/bin:/System/Cryptexes/App/usr/bin:/usr/bin:/bin:/usr/sbin:/sbin:/var/run/com.apple.security.cryptexd/codex.system/bootstrap/usr/local/bin:/var/run/com.apple.security.cryptexd/codex.system/bootstrap/usr/bin:/var/run/com.apple.security.cryptexd/codex.system/bootstrap/usr/appleinternal/bin:/opt/pkg/env/active/bin:/opt/pmk/env/global/bin:/Library/Apple/usr/bin:/opt/homebrew/bin
    export PATH_PREFIXES_EXCLUDED_FROM_HEADER_DEPENDENCIES\=/usr/include\ /usr/local/include\ /System/Library/Frameworks\ /System/Library/PrivateFrameworks\ /Applications/Xcode.app/Contents/Developer/Headers\ /Applications/Xcode.app/Contents/Developer/SDKs\ /Applications/Xcode.app/Contents/Developer/Platforms
    export PER_ARCH_MODULE_FILE_DIR\=/Users/shashishekhar/Library/Developer/Xcode/DerivedData/RestaurantsNearMeIOS-cxlnvzrpmdwxdmausljrqbwijesy/Build/Intermediates.noindex/Pods.build/Debug-iphonesimulator/hermes-engine.build/Objects-normal/undefined_arch
    export PER_ARCH_OBJECT_FILE_DIR\=/Users/shashishekhar/Library/Developer/Xcode/DerivedData/RestaurantsNearMeIOS-cxlnvzrpmdwxdmausljrqbwijesy/Build/Intermediates.noindex/Pods.build/Debug-iphonesimulator/hermes-engine.build/Objects-normal/undefined_arch
    export PER_VARIANT_OBJECT_FILE_DIR\=/Users/shashishekhar/Library/Developer/Xcode/DerivedData/RestaurantsNearMeIOS-cxlnvzrpmdwxdmausljrqbwijesy/Build/Intermediates.noindex/Pods.build/Debug-iphonesimulator/hermes-engine.build/Objects-normal
    export PKGINFO_FILE_PATH\=/Users/shashishekhar/Library/Developer/Xcode/DerivedData/RestaurantsNearMeIOS-cxlnvzrpmdwxdmausljrqbwijesy/Build/Intermediates.noindex/Pods.build/Debug-iphonesimulator/hermes-engine.build/PkgInfo
    export PLATFORM_DEVELOPER_APPLICATIONS_DIR\=/Applications/Xcode.app/Contents/Developer/Platforms/iPhoneSimulator.platform/Developer/Applications
    export PLATFORM_DEVELOPER_BIN_DIR\=/Applications/Xcode.app/Contents/Developer/Platforms/iPhoneSimulator.platform/Developer/usr/bin
    export PLATFORM_DEVELOPER_LIBRARY_DIR\=/Applications/Xcode.app/Contents/Developer/Platforms/iPhoneSimulator.platform/Developer/Library
    export PLATFORM_DEVELOPER_SDK_DIR\=/Applications/Xcode.app/Contents/Developer/Platforms/iPhoneSimulator.platform/Developer/SDKs
    export PLATFORM_DEVELOPER_TOOLS_DIR\=/Applications/Xcode.app/Contents/Developer/Platforms/iPhoneSimulator.platform/Developer/Tools
    export PLATFORM_DEVELOPER_USR_DIR\=/Applications/Xcode.app/Contents/Developer/Platforms/iPhoneSimulator.platform/Developer/usr
    export PLATFORM_DIR\=/Applications/Xcode.app/Contents/Developer/Platforms/iPhoneSimulator.platform
    export PLATFORM_DISPLAY_NAME\=iOS\ Simulator
    export PLATFORM_FAMILY_NAME\=iOS
    export PLATFORM_NAME\=iphonesimulator
    export PLATFORM_PREFERRED_ARCH\=x86_64
    export PLATFORM_PRODUCT_BUILD_VERSION\=23F81a
    export PLATFORM_REQUIRES_SWIFT_AUTOLINK_EXTRACT\=NO
    export PLATFORM_REQUIRES_SWIFT_MODULEWRAP\=NO
    export PLATFORM_USES_DSYMS\=YES
    export PLIST_FILE_OUTPUT_FORMAT\=binary
    export PODFILE_DIR\=/Users/shashishekhar/Desktop/RestaurantsNearMeIOS/ios/Pods/..
    export PODS_BUILD_DIR\=/Users/shashishekhar/Library/Developer/Xcode/DerivedData/RestaurantsNearMeIOS-cxlnvzrpmdwxdmausljrqbwijesy/Build/Products
    export PODS_CONFIGURATION_BUILD_DIR\=/Users/shashishekhar/Library/Developer/Xcode/DerivedData/RestaurantsNearMeIOS-cxlnvzrpmdwxdmausljrqbwijesy/Build/Products/Debug-iphonesimulator
    export PODS_DEVELOPMENT_LANGUAGE\=en
    export PODS_ROOT\=/Users/shashishekhar/Desktop/RestaurantsNearMeIOS/ios/Pods
    export PODS_TARGET_SRCROOT\=/Users/shashishekhar/Desktop/RestaurantsNearMeIOS/ios/Pods/hermes-engine
    export PODS_XCFRAMEWORKS_BUILD_DIR\=/Users/shashishekhar/Library/Developer/Xcode/DerivedData/RestaurantsNearMeIOS-cxlnvzrpmdwxdmausljrqbwijesy/Build/Products/Debug-iphonesimulator/XCFrameworkIntermediates
    export PRECOMPS_INCLUDE_HEADERS_FROM_BUILT_PRODUCTS_DIR\=YES
    export PRECOMP_DESTINATION_DIR\=/Users/shashishekhar/Library/Developer/Xcode/DerivedData/RestaurantsNearMeIOS-cxlnvzrpmdwxdmausljrqbwijesy/Build/Intermediates.noindex/Pods.build/Debug-iphonesimulator/hermes-engine.build/PrefixHeaders
    export PROCESSED_INFOPLIST_PATH\=/Users/shashishekhar/Library/Developer/Xcode/DerivedData/RestaurantsNearMeIOS-cxlnvzrpmdwxdmausljrqbwijesy/Build/Intermediates.noindex/Pods.build/Debug-iphonesimulator/hermes-engine.build/Objects-normal/undefined_arch/Processed-Info.plist
    export PRODUCT_BUNDLE_IDENTIFIER\=org.cocoapods.hermes-engine
    export PRODUCT_MODULE_NAME\=hermes_engine
    export PRODUCT_NAME\=hermes-engine
    export PRODUCT_SETTINGS_PATH\=
    export PROFILING_CODE\=NO
    export PROJECT\=Pods
    export PROJECT_DERIVED_FILE_DIR\=/Users/shashishekhar/Library/Developer/Xcode/DerivedData/RestaurantsNearMeIOS-cxlnvzrpmdwxdmausljrqbwijesy/Build/Intermediates.noindex/Pods.build/DerivedSources
    export PROJECT_DIR\=/Users/shashishekhar/Desktop/RestaurantsNearMeIOS/ios/Pods
    export PROJECT_FILE_PATH\=/Users/shashishekhar/Desktop/RestaurantsNearMeIOS/ios/Pods/Pods.xcodeproj
    export PROJECT_GUID\=8699adb1dd336b26511df848a716bd42
    export PROJECT_NAME\=Pods
    export PROJECT_TEMP_DIR\=/Users/shashishekhar/Library/Developer/Xcode/DerivedData/RestaurantsNearMeIOS-cxlnvzrpmdwxdmausljrqbwijesy/Build/Intermediates.noindex/Pods.build
    export PROJECT_TEMP_ROOT\=/Users/shashishekhar/Library/Developer/Xcode/DerivedData/RestaurantsNearMeIOS-cxlnvzrpmdwxdmausljrqbwijesy/Build/Intermediates.noindex
    export REACT_NATIVE_PATH\=/Users/shashishekhar/Desktop/RestaurantsNearMeIOS/ios/Pods/../../node_modules/react-native
    export RECOMMENDED_IPHONEOS_DEPLOYMENT_TARGET\=15.0
    export RECURSIVE_SEARCH_PATHS_FOLLOW_SYMLINKS\=YES
    export REMOVE_CVS_FROM_RESOURCES\=YES
    export REMOVE_GIT_FROM_RESOURCES\=YES
    export REMOVE_HEADERS_FROM_EMBEDDED_BUNDLES\=YES
    export REMOVE_HG_FROM_RESOURCES\=YES
    export REMOVE_STATIC_EXECUTABLES_FROM_EMBEDDED_BUNDLES\=YES
    export REMOVE_SVN_FROM_RESOURCES\=YES
    export RESCHEDULE_INDEPENDENT_HEADERS_PHASES\=YES
    export REZ_COLLECTOR_DIR\=/Users/shashishekhar/Library/Developer/Xcode/DerivedData/RestaurantsNearMeIOS-cxlnvzrpmdwxdmausljrqbwijesy/Build/Intermediates.noindex/Pods.build/Debug-iphonesimulator/hermes-engine.build/ResourceManagerResources
    export REZ_OBJECTS_DIR\=/Users/shashishekhar/Library/Developer/Xcode/DerivedData/RestaurantsNearMeIOS-cxlnvzrpmdwxdmausljrqbwijesy/Build/Intermediates.noindex/Pods.build/Debug-iphonesimulator/hermes-engine.build/ResourceManagerResources/Objects
    export RPATH_ORIGIN\=@loader_path
    export RUNTIME_EXCEPTION_ALLOW_DYLD_ENVIRONMENT_VARIABLES\=NO
    export RUNTIME_EXCEPTION_ALLOW_JIT\=NO
    export RUNTIME_EXCEPTION_ALLOW_UNSIGNED_EXECUTABLE_MEMORY\=NO
    export RUNTIME_EXCEPTION_DEBUGGING_TOOL\=NO
    export RUNTIME_EXCEPTION_DISABLE_EXECUTABLE_PAGE_PROTECTION\=NO
    export RUNTIME_EXCEPTION_DISABLE_LIBRARY_VALIDATION\=NO
    export SCANNING_PCM_KEEP_CACHE_DIRECTORY\=YES
    export SCAN_ALL_SOURCE_FILES_FOR_INCLUDES\=NO
    export SCRIPT_INPUT_FILE_COUNT\=0
    export SCRIPT_INPUT_FILE_LIST_COUNT\=0
    export SCRIPT_OUTPUT_FILE_COUNT\=0
    export SCRIPT_OUTPUT_FILE_LIST_COUNT\=0
    export SDKROOT\=/Applications/Xcode.app/Contents/Developer/Platforms/iPhoneSimulator.platform/Developer/SDKs/iPhoneSimulator26.5.sdk
    export SDK_DIR\=/Applications/Xcode.app/Contents/Developer/Platforms/iPhoneSimulator.platform/Developer/SDKs/iPhoneSimulator26.5.sdk
    export SDK_DIR_iphonesimulator\=/Applications/Xcode.app/Contents/Developer/Platforms/iPhoneSimulator.platform/Developer/SDKs/iPhoneSimulator26.5.sdk
    export SDK_DIR_iphonesimulator26_5\=/Applications/Xcode.app/Contents/Developer/Platforms/iPhoneSimulator.platform/Developer/SDKs/iPhoneSimulator26.5.sdk
    export SDK_NAME\=iphonesimulator26.5
    export SDK_NAMES\=iphonesimulator26.5
    export SDK_PRODUCT_BUILD_VERSION\=23F81a
    export SDK_STAT_CACHE_DIR\=/Users/shashishekhar/Library/Developer/Xcode/DerivedData
    export SDK_STAT_CACHE_ENABLE\=YES
    export SDK_STAT_CACHE_PATH\=/Users/shashishekhar/Library/Developer/Xcode/DerivedData/SDKStatCaches.noindex/iphonesimulator26.5-23F81a-6cfe768891a92b912361537c460fe42b.sdkstatcache
    export SDK_VERSION\=26.5
    export SDK_VERSION_ACTUAL\=260500
    export SDK_VERSION_MAJOR\=260000
    export SDK_VERSION_MINOR\=260500
    export SED\=/usr/bin/sed
    export SEPARATE_STRIP\=NO
    export SEPARATE_SYMBOL_EDIT\=NO
    export SET_DIR_MODE_OWNER_GROUP\=YES
    export SET_FILE_MODE_OWNER_GROUP\=NO
    export SHALLOW_BUNDLE\=NO
    export SHARED_DERIVED_FILE_DIR\=/Users/shashishekhar/Library/Developer/Xcode/DerivedData/RestaurantsNearMeIOS-cxlnvzrpmdwxdmausljrqbwijesy/Build/Products/Debug-iphonesimulator/hermes-engine/DerivedSources
    export SHARED_PRECOMPS_DIR\=/Users/shashishekhar/Library/Developer/Xcode/DerivedData/RestaurantsNearMeIOS-cxlnvzrpmdwxdmausljrqbwijesy/Build/Intermediates.noindex/PrecompiledHeaders
    export SKIP_INSTALL\=YES
    export SKIP_MERGEABLE_LIBRARY_BUNDLE_HOOK\=NO
    export SOURCE_ROOT\=/Users/shashishekhar/Desktop/RestaurantsNearMeIOS/ios/Pods
    export SRCROOT\=/Users/shashishekhar/Desktop/RestaurantsNearMeIOS/ios/Pods
    export STRINGSDATA_DIR\=/Users/shashishekhar/Library/Developer/Xcode/DerivedData/RestaurantsNearMeIOS-cxlnvzrpmdwxdmausljrqbwijesy/Build/Intermediates.noindex/Pods.build/Debug-iphonesimulator/hermes-engine.build/Objects-normal/undefined_arch
    export STRINGSDATA_ROOT\=/Users/shashishekhar/Library/Developer/Xcode/DerivedData/RestaurantsNearMeIOS-cxlnvzrpmdwxdmausljrqbwijesy/Build/Intermediates.noindex/Pods.build/Debug-iphonesimulator/hermes-engine.build
    export STRINGS_FILE_INFOPLIST_RENAME\=YES
    export STRINGS_FILE_OUTPUT_ENCODING\=binary
    export STRING_CATALOG_GENERATE_SYMBOLS\=NO
    export STRIP_BITCODE_FROM_COPIED_FILES\=NO
    export STRIP_INSTALLED_PRODUCT\=NO
    export STRIP_STYLE\=all
    export STRIP_SWIFT_SYMBOLS\=YES
    export SUPPORTED_DEVICE_FAMILIES\=1,2
    export SUPPORTED_PLATFORMS\=iphoneos\ iphonesimulator
    export SUPPORTS_TEXT_BASED_API\=NO
    export SUPPRESS_WARNINGS\=NO
    export SWIFT_ACTIVE_COMPILATION_CONDITIONS\=\ DEBUG
    export SWIFT_EMIT_CONST_VALUE_PROTOCOLS\=AnyResolverProviding\ AppEntity\ AppEnum\ AppExtension\ AppIntent\ AppIntentsPackage\ AppShortcutProviding\ AppShortcutsProvider\ AppUnionValue\ AppUnionValueCasesProviding\ DynamicOptionsProvider\ EntityQuery\ ExtensionPointDefining\ IntentValueQuery\ Resolver\ TransientEntity\ _AssistantIntentsProvider\ _GenerativeFunctionExtractable\ _IntentValueRepresentable
    export SWIFT_EMIT_LOC_STRINGS\=NO
    export SWIFT_ENABLE_EXPLICIT_MODULES\=NO
    export SWIFT_OPTIMIZATION_LEVEL\=-Onone
    export SWIFT_PLATFORM_TARGET_PREFIX\=ios
    export SWIFT_RESPONSE_FILE_PATH_normal_arm64\=/Users/shashishekhar/Library/Developer/Xcode/DerivedData/RestaurantsNearMeIOS-cxlnvzrpmdwxdmausljrqbwijesy/Build/Intermediates.noindex/Pods.build/Debug-iphonesimulator/hermes-engine.build/Objects-normal/arm64/hermes-engine.SwiftFileList
    export SWIFT_RESPONSE_FILE_PATH_normal_x86_64\=/Users/shashishekhar/Library/Developer/Xcode/DerivedData/RestaurantsNearMeIOS-cxlnvzrpmdwxdmausljrqbwijesy/Build/Intermediates.noindex/Pods.build/Debug-iphonesimulator/hermes-engine.build/Objects-normal/x86_64/hermes-engine.SwiftFileList
    export SWIFT_VERSION\=5.0
    export SYMROOT\=/Users/shashishekhar/Library/Developer/Xcode/DerivedData/RestaurantsNearMeIOS-cxlnvzrpmdwxdmausljrqbwijesy/Build/Products
    export SYSTEM_ADMIN_APPS_DIR\=/Applications/Utilities
    export SYSTEM_APPS_DIR\=/Applications
    export SYSTEM_CORE_SERVICES_DIR\=/System/Library/CoreServices
    export SYSTEM_DEMOS_DIR\=/Applications/Extras
    export SYSTEM_DEVELOPER_APPS_DIR\=/Applications/Xcode.app/Contents/Developer/Applications
    export SYSTEM_DEVELOPER_BIN_DIR\=/Applications/Xcode.app/Contents/Developer/usr/bin
    export SYSTEM_DEVELOPER_DEMOS_DIR\=/Applications/Xcode.app/Contents/Developer/Applications/Utilities/Built\ Examples
    export SYSTEM_DEVELOPER_DIR\=/Applications/Xcode.app/Contents/Developer
    export SYSTEM_DEVELOPER_DOC_DIR\=/Applications/Xcode.app/Contents/Developer/ADC\ Reference\ Library
    export SYSTEM_DEVELOPER_GRAPHICS_TOOLS_DIR\=/Applications/Xcode.app/Contents/Developer/Applications/Graphics\ Tools
    export SYSTEM_DEVELOPER_JAVA_TOOLS_DIR\=/Applications/Xcode.app/Contents/Developer/Applications/Java\ Tools
    export SYSTEM_DEVELOPER_PERFORMANCE_TOOLS_DIR\=/Applications/Xcode.app/Contents/Developer/Applications/Performance\ Tools
    export SYSTEM_DEVELOPER_RELEASENOTES_DIR\=/Applications/Xcode.app/Contents/Developer/ADC\ Reference\ Library/releasenotes
    export SYSTEM_DEVELOPER_TOOLS\=/Applications/Xcode.app/Contents/Developer/Tools
    export SYSTEM_DEVELOPER_TOOLS_DOC_DIR\=/Applications/Xcode.app/Contents/Developer/ADC\ Reference\ Library/documentation/DeveloperTools
    export SYSTEM_DEVELOPER_TOOLS_RELEASENOTES_DIR\=/Applications/Xcode.app/Contents/Developer/ADC\ Reference\ Library/releasenotes/DeveloperTools
    export SYSTEM_DEVELOPER_USR_DIR\=/Applications/Xcode.app/Contents/Developer/usr
    export SYSTEM_DEVELOPER_UTILITIES_DIR\=/Applications/Xcode.app/Contents/Developer/Applications/Utilities
    export SYSTEM_DEXT_INSTALL_PATH\=/System/Library/DriverExtensions
    export SYSTEM_DOCUMENTATION_DIR\=/Library/Documentation
    export SYSTEM_KEXT_INSTALL_PATH\=/System/Library/Extensions
    export SYSTEM_LIBRARY_DIR\=/System/Library
    export TAPI_DEMANGLE\=YES
    export TAPI_ENABLE_PROJECT_HEADERS\=NO
    export TAPI_LANGUAGE\=objective-c
    export TAPI_LANGUAGE_STANDARD\=compiler-default
    export TAPI_USE_SRCROOT\=YES
    export TAPI_VERIFY_MODE\=Pedantic
    export TARGETED_DEVICE_FAMILY\=1,2
    export TARGETNAME\=hermes-engine
    export TARGET_BUILD_DIR\=/Users/shashishekhar/Library/Developer/Xcode/DerivedData/RestaurantsNearMeIOS-cxlnvzrpmdwxdmausljrqbwijesy/Build/Products/Debug-iphonesimulator/hermes-engine
    export TARGET_NAME\=hermes-engine
    export TARGET_TEMP_DIR\=/Users/shashishekhar/Library/Developer/Xcode/DerivedData/RestaurantsNearMeIOS-cxlnvzrpmdwxdmausljrqbwijesy/Build/Intermediates.noindex/Pods.build/Debug-iphonesimulator/hermes-engine.build
    export TEMP_DIR\=/Users/shashishekhar/Library/Developer/Xcode/DerivedData/RestaurantsNearMeIOS-cxlnvzrpmdwxdmausljrqbwijesy/Build/Intermediates.noindex/Pods.build/Debug-iphonesimulator/hermes-engine.build
    export TEMP_FILES_DIR\=/Users/shashishekhar/Library/Developer/Xcode/DerivedData/RestaurantsNearMeIOS-cxlnvzrpmdwxdmausljrqbwijesy/Build/Intermediates.noindex/Pods.build/Debug-iphonesimulator/hermes-engine.build
    export TEMP_FILE_DIR\=/Users/shashishekhar/Library/Developer/Xcode/DerivedData/RestaurantsNearMeIOS-cxlnvzrpmdwxdmausljrqbwijesy/Build/Intermediates.noindex/Pods.build/Debug-iphonesimulator/hermes-engine.build
    export TEMP_ROOT\=/Users/shashishekhar/Library/Developer/Xcode/DerivedData/RestaurantsNearMeIOS-cxlnvzrpmdwxdmausljrqbwijesy/Build/Intermediates.noindex
    export TEMP_SANDBOX_DIR\=/Users/shashishekhar/Library/Developer/Xcode/DerivedData/RestaurantsNearMeIOS-cxlnvzrpmdwxdmausljrqbwijesy/Build/Intermediates.noindex/TemporaryTaskSandboxes
    export TEST_FRAMEWORK_SEARCH_PATHS\=\ /Applications/Xcode.app/Contents/Developer/Platforms/iPhoneSimulator.platform/Developer/Library/Frameworks\ /Applications/Xcode.app/Contents/Developer/Platforms/iPhoneSimulator.platform/Developer/SDKs/iPhoneSimulator26.5.sdk/Developer/Library/Frameworks
    export TEST_LIBRARY_SEARCH_PATHS\=\ /Applications/Xcode.app/Contents/Developer/Platforms/iPhoneSimulator.platform/Developer/usr/lib
    export TOOLCHAINS\=com.apple.dt.toolchain.XcodeDefault
    export TOOLCHAIN_DIR\=/Applications/Xcode.app/Contents/Developer/Toolchains/XcodeDefault.xctoolchain
    export TREAT_MISSING_BASELINES_AS_TEST_FAILURES\=NO
    export TREAT_MISSING_SCRIPT_PHASE_OUTPUTS_AS_ERRORS\=NO
    export UID\=501
    export UNINSTALLED_PRODUCTS_DIR\=/Users/shashishekhar/Library/Developer/Xcode/DerivedData/RestaurantsNearMeIOS-cxlnvzrpmdwxdmausljrqbwijesy/Build/Intermediates.noindex/UninstalledProducts
    export UNSTRIPPED_PRODUCT\=NO
    export USER\=shashishekhar
    export USER_APPS_DIR\=/Users/shashishekhar/Applications
    export USER_LIBRARY_DIR\=/Users/shashishekhar/Library
    export USE_DYNAMIC_NO_PIC\=YES
    export USE_HEADERMAP\=YES
    export USE_HEADER_SYMLINKS\=NO
    export USE_HERMES\=true
    export USE_RECURSIVE_SCRIPT_INPUTS_IN_SCRIPT_PHASES\=YES
    export VALIDATE_DEVELOPMENT_ASSET_PATHS\=YES_ERROR
    export VALIDATE_PRODUCT\=NO
    export VALID_ARCHS\=arm64\ x86_64
    export VERBOSE_PBXCP\=NO
    export VERSION_INFO_BUILDER\=shashishekhar
    export VERSION_INFO_FILE\=hermes-engine_vers.c
    export VERSION_INFO_STRING\=\"@\(\#\)PROGRAM:hermes-engine\ \ PROJECT:Pods-\"
    export WORKSPACE_DIR\=/Users/shashishekhar/Desktop/RestaurantsNearMeIOS/ios
    export WRAP_ASSET_PACKS_IN_SEPARATE_DIRECTORIES\=NO
    export XCODE_APP_SUPPORT_DIR\=/Applications/Xcode.app/Contents/Developer/Library/Xcode
    export XCODE_PRODUCT_BUILD_VERSION\=17F113
    export XCODE_VERSION_ACTUAL\=2660
    export XCODE_VERSION_MAJOR\=2600
    export XCODE_VERSION_MINOR\=2660
    export XPCSERVICES_FOLDER_PATH\=/XPCServices
    export YACC\=yacc
    export _DISCOVER_COMMAND_LINE_LINKER_INPUTS\=YES
    export _DISCOVER_COMMAND_LINE_LINKER_INPUTS_INCLUDE_WL\=YES
    export _LD_MULTIARCH\=YES
    export __DIAGNOSE_DEPRECATED_ARCHS\=YES
    export __ORIGINAL_SDK_DEFINED_LLVM_TARGET_TRIPLE_SYS\=ios
    export arch\=undefined_arch
    export variant\=normal
    /bin/sh -c /Users/shashishekhar/Library/Developer/Xcode/DerivedData/RestaurantsNearMeIOS-cxlnvzrpmdwxdmausljrqbwijesy/Build/Intermediates.noindex/Pods.build/Debug-iphonesimulator/hermes-engine.build/Script-46EB2E0001AF90.sh
Node found at: /opt/homebrew/Cellar/node/26.5.0/bin/node
No previous build detected, but Debug Configuration. No need to replace Hermes engine

ProcessInfoPlistFile /Users/shashishekhar/Library/Developer/Xcode/DerivedData/RestaurantsNearMeIOS-cxlnvzrpmdwxdmausljrqbwijesy/Build/Products/Debug-iphonesimulator/RNSVG/RNSVGFilters.bundle/Info.plist /Users/shashishekhar/Desktop/RestaurantsNearMeIOS/ios/Pods/Target\ Support\ Files/RNSVG/ResourceBundle-RNSVGFilters-RNSVG-Info.plist (in target 'RNSVG-RNSVGFilters' from project 'Pods')
    cd /Users/shashishekhar/Desktop/RestaurantsNearMeIOS/ios/Pods
    builtin-infoPlistUtility /Users/shashishekhar/Desktop/RestaurantsNearMeIOS/ios/Pods/Target\ Support\ Files/RNSVG/ResourceBundle-RNSVGFilters-RNSVG-Info.plist -producttype com.apple.product-type.bundle -expandbuildsettings -format binary -platform iphonesimulator -o /Users/shashishekhar/Library/Developer/Xcode/DerivedData/RestaurantsNearMeIOS-cxlnvzrpmdwxdmausljrqbwijesy/Build/Products/Debug-iphonesimulator/RNSVG/RNSVGFilters.bundle/Info.plist

ProcessInfoPlistFile /Users/shashishekhar/Library/Developer/Xcode/DerivedData/RestaurantsNearMeIOS-cxlnvzrpmdwxdmausljrqbwijesy/Build/Products/Debug-iphonesimulator/react-native-image-picker/RNImagePickerPrivacyInfo.bundle/Info.plist /Users/shashishekhar/Desktop/RestaurantsNearMeIOS/ios/Pods/Target\ Support\ Files/react-native-image-picker/ResourceBundle-RNImagePickerPrivacyInfo-react-native-image-picker-Info.plist (in target 'react-native-image-picker-RNImagePickerPrivacyInfo' from project 'Pods')
    cd /Users/shashishekhar/Desktop/RestaurantsNearMeIOS/ios/Pods
    builtin-infoPlistUtility /Users/shashishekhar/Desktop/RestaurantsNearMeIOS/ios/Pods/Target\ Support\ Files/react-native-image-picker/ResourceBundle-RNImagePickerPrivacyInfo-react-native-image-picker-Info.plist -producttype com.apple.product-type.bundle -expandbuildsettings -format binary -platform iphonesimulator -o /Users/shashishekhar/Library/Developer/Xcode/DerivedData/RestaurantsNearMeIOS-cxlnvzrpmdwxdmausljrqbwijesy/Build/Products/Debug-iphonesimulator/react-native-image-picker/RNImagePickerPrivacyInfo.bundle/Info.plist

ProcessInfoPlistFile /Users/shashishekhar/Library/Developer/Xcode/DerivedData/RestaurantsNearMeIOS-cxlnvzrpmdwxdmausljrqbwijesy/Build/Products/Debug-iphonesimulator/React-Core/React-Core_privacy.bundle/Info.plist /Users/shashishekhar/Desktop/RestaurantsNearMeIOS/ios/Pods/Target\ Support\ Files/React-Core/ResourceBundle-React-Core_privacy-React-Core-Info.plist (in target 'React-Core-React-Core_privacy' from project 'Pods')
    cd /Users/shashishekhar/Desktop/RestaurantsNearMeIOS/ios/Pods
    builtin-infoPlistUtility /Users/shashishekhar/Desktop/RestaurantsNearMeIOS/ios/Pods/Target\ Support\ Files/React-Core/ResourceBundle-React-Core_privacy-React-Core-Info.plist -producttype com.apple.product-type.bundle -expandbuildsettings -format binary -platform iphonesimulator -o /Users/shashishekhar/Library/Developer/Xcode/DerivedData/RestaurantsNearMeIOS-cxlnvzrpmdwxdmausljrqbwijesy/Build/Products/Debug-iphonesimulator/React-Core/React-Core_privacy.bundle/Info.plist

ProcessInfoPlistFile /Users/shashishekhar/Library/Developer/Xcode/DerivedData/RestaurantsNearMeIOS-cxlnvzrpmdwxdmausljrqbwijesy/Build/Products/Debug-iphonesimulator/React-cxxreact/React-cxxreact_privacy.bundle/Info.plist /Users/shashishekhar/Desktop/RestaurantsNearMeIOS/ios/Pods/Target\ Support\ Files/React-cxxreact/ResourceBundle-React-cxxreact_privacy-React-cxxreact-Info.plist (in target 'React-cxxreact-React-cxxreact_privacy' from project 'Pods')
    cd /Users/shashishekhar/Desktop/RestaurantsNearMeIOS/ios/Pods
    builtin-infoPlistUtility /Users/shashishekhar/Desktop/RestaurantsNearMeIOS/ios/Pods/Target\ Support\ Files/React-cxxreact/ResourceBundle-React-cxxreact_privacy-React-cxxreact-Info.plist -producttype com.apple.product-type.bundle -expandbuildsettings -format binary -platform iphonesimulator -o /Users/shashishekhar/Library/Developer/Xcode/DerivedData/RestaurantsNearMeIOS-cxlnvzrpmdwxdmausljrqbwijesy/Build/Products/Debug-iphonesimulator/React-cxxreact/React-cxxreact_privacy.bundle/Info.plist

PhaseScriptExecution Copy\ generated\ compatibility\ header /Users/shashishekhar/Library/Developer/Xcode/DerivedData/RestaurantsNearMeIOS-cxlnvzrpmdwxdmausljrqbwijesy/Build/Intermediates.noindex/Pods.build/Debug-iphonesimulator/SwiftUIIntrospect.build/Script-46EB2E00019CE0.sh (in target 'SwiftUIIntrospect' from project 'Pods')
    cd /Users/shashishekhar/Desktop/RestaurantsNearMeIOS/ios/Pods
    export ACTION\=build
    export AD_HOC_CODE_SIGNING_ALLOWED\=YES
    export ALLOW_BUILD_REQUEST_OVERRIDES\=NO
    export ALLOW_TARGET_PLATFORM_SPECIALIZATION\=NO
    export ALTERNATE_GROUP\=staff
    export ALTERNATE_MODE\=u+w,go-w,a+rX
    export ALTERNATE_OWNER\=shashishekhar
    export ALTERNATIVE_DISTRIBUTION_WEB\=NO
    export ALWAYS_EMBED_SWIFT_STANDARD_LIBRARIES\=NO
    export ALWAYS_SEARCH_USER_PATHS\=NO
    export ALWAYS_USE_SEPARATE_HEADERMAPS\=NO
    export APPLICATION_EXTENSION_API_ONLY\=NO
    export APPLY_RULES_IN_COPY_FILES\=NO
    export APPLY_RULES_IN_COPY_HEADERS\=NO
    export APP_SHORTCUTS_ENABLE_FLEXIBLE_MATCHING\=YES
    export ARCHS\=arm64\ x86_64
    export ARCHS_BASE\=arm64\ x86_64
    export ARCHS_STANDARD\=arm64\ x86_64
    export ARCHS_STANDARD_32_64_BIT\=arm64\ x86_64
    export ARCHS_STANDARD_64_BIT\=arm64\ x86_64
    export ARCHS_STANDARD_INCLUDING_64_BIT\=arm64\ x86_64
    export ARCHS_UNIVERSAL_IPHONE_OS\=arm64\ x86_64
    export AUTOMATICALLY_MERGE_DEPENDENCIES\=NO
    export AUTOMATION_APPLE_EVENTS\=NO
    export AVAILABLE_PLATFORMS\=android\ appletvos\ appletvsimulator\ driverkit\ freebsd\ iphoneos\ iphonesimulator\ linux\ macosx\ none\ openbsd\ qnx\ watchos\ watchsimulator\ webassembly\ xros\ xrsimulator
    export BUILD_ACTIVE_RESOURCES_ONLY\=NO
    export BUILD_COMPONENTS\=headers\ build
    export BUILD_DIR\=/Users/shashishekhar/Library/Developer/Xcode/DerivedData/RestaurantsNearMeIOS-cxlnvzrpmdwxdmausljrqbwijesy/Build/Products
    export BUILD_LIBRARY_FOR_DISTRIBUTION\=NO
    export BUILD_ONLY_KNOWN_LOCALIZATIONS\=NO
    export BUILD_ROOT\=/Users/shashishekhar/Library/Developer/Xcode/DerivedData/RestaurantsNearMeIOS-cxlnvzrpmdwxdmausljrqbwijesy/Build/Products
    export BUILD_STYLE\=
    export BUILD_VARIANTS\=normal
    export BUILT_PRODUCTS_DIR\=/Users/shashishekhar/Library/Developer/Xcode/DerivedData/RestaurantsNearMeIOS-cxlnvzrpmdwxdmausljrqbwijesy/Build/Products/Debug-iphonesimulator/SwiftUIIntrospect
    export BUNDLE_CONTENTS_FOLDER_PATH_deep\=Contents/
    export BUNDLE_EXECUTABLE_FOLDER_NAME_deep\=MacOS
    export BUNDLE_EXTENSIONS_FOLDER_PATH\=Extensions
    export BUNDLE_FORMAT\=shallow
    export BUNDLE_FRAMEWORKS_FOLDER_PATH\=Frameworks
    export BUNDLE_PLUGINS_FOLDER_PATH\=PlugIns
    export BUNDLE_PRIVATE_HEADERS_FOLDER_PATH\=PrivateHeaders
    export BUNDLE_PUBLIC_HEADERS_FOLDER_PATH\=Headers
    export CACHE_ROOT\=/var/folders/n6/7nd1dnm93kng8k7b6j0bk0sc0000gn/C/com.apple.DeveloperTools/26.6-17F113/Xcode
    export CCHROOT\=/var/folders/n6/7nd1dnm93kng8k7b6j0bk0sc0000gn/C/com.apple.DeveloperTools/26.6-17F113/Xcode
    export CHMOD\=/bin/chmod
    export CHOWN\=chown
    export CLANG_ALLOW_NON_MODULAR_INCLUDES_IN_FRAMEWORK_MODULES\=YES
    export CLANG_ANALYZER_LOCALIZABILITY_NONLOCALIZED\=YES
    export CLANG_ANALYZER_NONNULL\=YES
    export CLANG_ANALYZER_NUMBER_OBJECT_CONVERSION\=YES_AGGRESSIVE
    export CLANG_CACHE_FINE_GRAINED_OUTPUTS\=YES
    export CLANG_CXX_LANGUAGE_STANDARD\=c++20
    export CLANG_CXX_LIBRARY\=libc++
    export CLANG_ENABLE_EXPLICIT_MODULES\=YES
    export CLANG_ENABLE_MODULES\=YES
    export CLANG_ENABLE_MODULE_DEBUGGING\=NO
    export CLANG_ENABLE_OBJC_ARC\=YES
    export CLANG_ENABLE_OBJC_WEAK\=NO
    export CLANG_MODULES_BUILD_SESSION_FILE\=/Users/shashishekhar/Library/Developer/Xcode/DerivedData/ModuleCache.noindex/Session.modulevalidation
    export CLANG_WARN_BLOCK_CAPTURE_AUTORELEASING\=YES
    export CLANG_WARN_BOOL_CONVERSION\=YES
    export CLANG_WARN_COMMA\=YES
    export CLANG_WARN_CONSTANT_CONVERSION\=YES
    export CLANG_WARN_DEPRECATED_OBJC_IMPLEMENTATIONS\=YES
    export CLANG_WARN_DIRECT_OBJC_ISA_USAGE\=YES_ERROR
    export CLANG_WARN_DOCUMENTATION_COMMENTS\=YES
    export CLANG_WARN_EMPTY_BODY\=YES
    export CLANG_WARN_ENUM_CONVERSION\=YES
    export CLANG_WARN_INFINITE_RECURSION\=YES
    export CLANG_WARN_INT_CONVERSION\=YES
    export CLANG_WARN_NON_LITERAL_NULL_CONVERSION\=YES
    export CLANG_WARN_OBJC_IMPLICIT_RETAIN_SELF\=YES
    export CLANG_WARN_OBJC_LITERAL_CONVERSION\=YES
    export CLANG_WARN_OBJC_ROOT_CLASS\=YES_ERROR
    export CLANG_WARN_QUOTED_INCLUDE_IN_FRAMEWORK_HEADER\=NO
    export CLANG_WARN_RANGE_LOOP_ANALYSIS\=YES
    export CLANG_WARN_STRICT_PROTOTYPES\=YES
    export CLANG_WARN_SUSPICIOUS_MOVE\=YES
    export CLANG_WARN_UNGUARDED_AVAILABILITY\=YES_AGGRESSIVE
    export CLANG_WARN_UNREACHABLE_CODE\=YES
    export CLANG_WARN__DUPLICATE_METHOD_MATCH\=YES
    export CLASS_FILE_DIR\=/Users/shashishekhar/Library/Developer/Xcode/DerivedData/RestaurantsNearMeIOS-cxlnvzrpmdwxdmausljrqbwijesy/Build/Intermediates.noindex/Pods.build/Debug-iphonesimulator/SwiftUIIntrospect.build/JavaClasses
    export CLEAN_PRECOMPS\=YES
    export CLONE_HEADERS\=NO
    export CODESIGNING_FOLDER_PATH\=/Users/shashishekhar/Library/Developer/Xcode/DerivedData/RestaurantsNearMeIOS-cxlnvzrpmdwxdmausljrqbwijesy/Build/Products/Debug-iphonesimulator/SwiftUIIntrospect/libSwiftUIIntrospect.a
    export CODE_SIGNING_ALLOWED\=NO
    export CODE_SIGNING_REQUIRED\=YES
    export CODE_SIGN_CONTEXT_CLASS\=XCiPhoneSimulatorCodeSignContext
    export CODE_SIGN_IDENTITY\=-
    export CODE_SIGN_INJECT_BASE_ENTITLEMENTS\=YES
    export COLOR_DIAGNOSTICS\=NO
    export COMBINE_HIDPI_IMAGES\=NO
    export COMPILATION_CACHE_CAS_PATH\=/Users/shashishekhar/Library/Developer/Xcode/DerivedData/CompilationCache.noindex
    export COMPILATION_CACHE_KEEP_CAS_DIRECTORY\=YES
    export COMPILER_INDEX_STORE_ENABLE\=Default
    export COMPOSITE_SDK_DIRS\=/Users/shashishekhar/Library/Developer/Xcode/DerivedData/RestaurantsNearMeIOS-cxlnvzrpmdwxdmausljrqbwijesy/Build/Intermediates.noindex/CompositeSDKs
    export COMPRESS_PNG_FILES\=YES
    export CONFIGURATION\=Debug
    export CONFIGURATION_BUILD_DIR\=/Users/shashishekhar/Library/Developer/Xcode/DerivedData/RestaurantsNearMeIOS-cxlnvzrpmdwxdmausljrqbwijesy/Build/Products/Debug-iphonesimulator/SwiftUIIntrospect
    export CONFIGURATION_TEMP_DIR\=/Users/shashishekhar/Library/Developer/Xcode/DerivedData/RestaurantsNearMeIOS-cxlnvzrpmdwxdmausljrqbwijesy/Build/Intermediates.noindex/Pods.build/Debug-iphonesimulator
    export COPYING_PRESERVES_HFS_DATA\=NO
    export COPY_HEADERS_RUN_UNIFDEF\=NO
    export COPY_PHASE_STRIP\=NO
    export CORRESPONDING_DEVICE_PLATFORM_DIR\=/Applications/Xcode.app/Contents/Developer/Platforms/iPhoneOS.platform
    export CORRESPONDING_DEVICE_PLATFORM_NAME\=iphoneos
    export CORRESPONDING_DEVICE_SDK_DIR\=/Applications/Xcode.app/Contents/Developer/Platforms/iPhoneOS.platform/Developer/SDKs/iPhoneOS26.5.sdk
    export CORRESPONDING_DEVICE_SDK_NAME\=iphoneos26.5
    export CP\=/bin/cp
    export CREATE_INFOPLIST_SECTION_IN_BINARY\=NO
    export CURRENT_ARCH\=undefined_arch
    export CURRENT_VARIANT\=normal
    export DEAD_CODE_STRIPPING\=YES
    export DEBUGGING_SYMBOLS\=YES
    export DEBUG_INFORMATION_FORMAT\=dwarf
    export DEBUG_INFORMATION_VERSION\=compiler-default
    export DEFAULT_COMPILER\=com.apple.compilers.llvm.clang.1_0
    export DEFAULT_DEXT_INSTALL_PATH\=/System/Library/DriverExtensions
    export DEFAULT_KEXT_INSTALL_PATH\=/System/Library/Extensions
    export DEFINES_MODULE\=NO
    export DEPLOYMENT_LOCATION\=NO
    export DEPLOYMENT_POSTPROCESSING\=NO
    export DEPLOYMENT_TARGET_SETTING_NAME\=IPHONEOS_DEPLOYMENT_TARGET
    export DEPLOYMENT_TARGET_SUGGESTED_VALUES\=12.0\ 12.1\ 12.2\ 12.3\ 12.4\ 13.0\ 13.1\ 13.2\ 13.3\ 13.4\ 13.5\ 13.6\ 14.0\ 14.1\ 14.2\ 14.3\ 14.4\ 14.5\ 14.6\ 14.7\ 15.0\ 15.1\ 15.2\ 15.3\ 15.4\ 15.5\ 15.6\ 16.0\ 16.1\ 16.2\ 16.3\ 16.4\ 16.5\ 16.6\ 17.0\ 17.1\ 17.2\ 17.3\ 17.4\ 17.5\ 17.6\ 18.0\ 18.1\ 18.2\ 18.3\ 18.4\ 18.5\ 18.6\ 26.0\ 26.2\ 26.3\ 26.4\ 26.5
    export DERIVED_FILES_DIR\=/Users/shashishekhar/Library/Developer/Xcode/DerivedData/RestaurantsNearMeIOS-cxlnvzrpmdwxdmausljrqbwijesy/Build/Intermediates.noindex/Pods.build/Debug-iphonesimulator/SwiftUIIntrospect.build/DerivedSources
    export DERIVED_FILE_DIR\=/Users/shashishekhar/Library/Developer/Xcode/DerivedData/RestaurantsNearMeIOS-cxlnvzrpmdwxdmausljrqbwijesy/Build/Intermediates.noindex/Pods.build/Debug-iphonesimulator/SwiftUIIntrospect.build/DerivedSources
    export DERIVED_SOURCES_DIR\=/Users/shashishekhar/Library/Developer/Xcode/DerivedData/RestaurantsNearMeIOS-cxlnvzrpmdwxdmausljrqbwijesy/Build/Intermediates.noindex/Pods.build/Debug-iphonesimulator/SwiftUIIntrospect.build/DerivedSources
    export DEVELOPER_APPLICATIONS_DIR\=/Applications/Xcode.app/Contents/Developer/Applications
    export DEVELOPER_BIN_DIR\=/Applications/Xcode.app/Contents/Developer/usr/bin
    export DEVELOPER_DIR\=/Applications/Xcode.app/Contents/Developer
    export DEVELOPER_FRAMEWORKS_DIR\=/Applications/Xcode.app/Contents/Developer/Library/Frameworks
    export DEVELOPER_FRAMEWORKS_DIR_QUOTED\=/Applications/Xcode.app/Contents/Developer/Library/Frameworks
    export DEVELOPER_LIBRARY_DIR\=/Applications/Xcode.app/Contents/Developer/Library
    export DEVELOPER_SDK_DIR\=/Applications/Xcode.app/Contents/Developer/Platforms/MacOSX.platform/Developer/SDKs
    export DEVELOPER_TOOLS_DIR\=/Applications/Xcode.app/Contents/Developer/Tools
    export DEVELOPER_USR_DIR\=/Applications/Xcode.app/Contents/Developer/usr
    export DEVELOPMENT_LANGUAGE\=en
    export DIAGNOSE_MISSING_TARGET_DEPENDENCIES\=YES
    export DIFF\=/usr/bin/diff
    export DONT_GENERATE_INFOPLIST_FILE\=NO
    export DSTROOT\=/tmp/Pods.dst
    export DT_TOOLCHAIN_DIR\=/Applications/Xcode.app/Contents/Developer/Toolchains/XcodeDefault.xctoolchain
    export DUMP_DEPENDENCIES\=NO
    export DUMP_DEPENDENCIES_OUTPUT_PATH\=/Users/shashishekhar/Library/Developer/Xcode/DerivedData/RestaurantsNearMeIOS-cxlnvzrpmdwxdmausljrqbwijesy/Build/Intermediates.noindex/Pods.build/Debug-iphonesimulator/SwiftUIIntrospect.build/SwiftUIIntrospect-BuildDependencyInfo.json
    export DWARF_DSYM_FILE_NAME\=libSwiftUIIntrospect.a.dSYM
    export DWARF_DSYM_FILE_SHOULD_ACCOMPANY_PRODUCT\=NO
    export DWARF_DSYM_FOLDER_PATH\=/Users/shashishekhar/Library/Developer/Xcode/DerivedData/RestaurantsNearMeIOS-cxlnvzrpmdwxdmausljrqbwijesy/Build/Products/Debug-iphonesimulator/SwiftUIIntrospect
    export DYNAMIC_LIBRARY_EXTENSION\=dylib
    export EAGER_COMPILATION_ALLOW_SCRIPTS\=NO
    export EAGER_LINKING\=NO
    export EFFECTIVE_PLATFORM_NAME\=-iphonesimulator
    export EFFECTIVE_SWIFT_VERSION\=5
    export EMBEDDED_CONTENT_CONTAINS_SWIFT\=NO
    export EMBED_ASSET_PACKS_IN_PRODUCT_BUNDLE\=NO
    export ENABLE_APP_SANDBOX\=NO
    export ENABLE_CODE_COVERAGE\=YES
    export ENABLE_COHORT_ARCHS\=NO
    export ENABLE_CPLUSPLUS_BOUNDS_SAFE_BUFFERS\=NO
    export ENABLE_C_BOUNDS_SAFETY\=NO
    export ENABLE_DEFAULT_HEADER_SEARCH_PATHS\=YES
    export ENABLE_DEFAULT_SEARCH_PATHS\=YES
    export ENABLE_ENHANCED_SECURITY\=NO
    export ENABLE_HARDENED_RUNTIME\=NO
    export ENABLE_HEADER_DEPENDENCIES\=YES
    export ENABLE_INCOMING_NETWORK_CONNECTIONS\=NO
    export ENABLE_MODULE_VERIFIER\=NO
    export ENABLE_ON_DEMAND_RESOURCES\=NO
    export ENABLE_OUTGOING_NETWORK_CONNECTIONS\=NO
    export ENABLE_POINTER_AUTHENTICATION\=NO
    export ENABLE_PREVIEWS\=NO
    export ENABLE_RESOURCE_ACCESS_AUDIO_INPUT\=NO
    export ENABLE_RESOURCE_ACCESS_BLUETOOTH\=NO
    export ENABLE_RESOURCE_ACCESS_CALENDARS\=NO
    export ENABLE_RESOURCE_ACCESS_CAMERA\=NO
    export ENABLE_RESOURCE_ACCESS_CONTACTS\=NO
    export ENABLE_RESOURCE_ACCESS_LOCATION\=NO
    export ENABLE_RESOURCE_ACCESS_PHOTO_LIBRARY\=NO
    export ENABLE_RESOURCE_ACCESS_PRINTING\=NO
    export ENABLE_RESOURCE_ACCESS_USB\=NO
    export ENABLE_SDK_IMPORTS\=NO
    export ENABLE_SECURITY_COMPILER_WARNINGS\=NO
    export ENABLE_STRICT_OBJC_MSGSEND\=YES
    export ENABLE_TESTABILITY\=YES
    export ENABLE_TESTING_SEARCH_PATHS\=NO
    export ENABLE_USER_SCRIPT_SANDBOXING\=NO
    export ENABLE_XOJIT_PREVIEWS\=YES
    export ENFORCE_VALID_ARCHS\=YES
    export ENTITLEMENTS_DESTINATION\=__entitlements
    export ENTITLEMENTS_REQUIRED\=YES
    export EXCLUDED_INSTALLSRC_SUBDIRECTORY_PATTERNS\=.DS_Store\ .svn\ .git\ .hg\ CVS
    export EXCLUDED_RECURSIVE_SEARCH_PATH_SUBDIRECTORIES\=\*.nib\ \*.lproj\ \*.framework\ \*.gch\ \*.xcode\*\ \*.xcassets\ \*.icon\ \(\*\)\ .DS_Store\ CVS\ .svn\ .git\ .hg\ \*.pbproj\ \*.pbxproj
    export EXECUTABLE_EXTENSION\=a
    export EXECUTABLE_NAME\=libSwiftUIIntrospect.a
    export EXECUTABLE_PATH\=libSwiftUIIntrospect.a
    export EXECUTABLE_PREFIX\=lib
    export EXECUTABLE_SUFFIX\=.a
    export FILE_LIST\=/Users/shashishekhar/Library/Developer/Xcode/DerivedData/RestaurantsNearMeIOS-cxlnvzrpmdwxdmausljrqbwijesy/Build/Intermediates.noindex/Pods.build/Debug-iphonesimulator/SwiftUIIntrospect.build/Objects/LinkFileList
    export FIXED_FILES_DIR\=/Users/shashishekhar/Library/Developer/Xcode/DerivedData/RestaurantsNearMeIOS-cxlnvzrpmdwxdmausljrqbwijesy/Build/Intermediates.noindex/Pods.build/Debug-iphonesimulator/SwiftUIIntrospect.build/FixedFiles
    export FRAMEWORK_FLAG_PREFIX\=-framework
    export FRAMEWORK_SEARCH_PATHS\=/Users/shashishekhar/Library/Developer/Xcode/DerivedData/RestaurantsNearMeIOS-cxlnvzrpmdwxdmausljrqbwijesy/Build/Products/Debug-iphonesimulator/SwiftUIIntrospect\ 
    export FRAMEWORK_VERSION\=A
    export FULL_PRODUCT_NAME\=libSwiftUIIntrospect.a
    export FUSE_BUILD_PHASES\=YES
    export FUSE_BUILD_SCRIPT_PHASES\=NO
    export GCC3_VERSION\=3.3
    export GCC_C_LANGUAGE_STANDARD\=gnu11
    export GCC_DYNAMIC_NO_PIC\=NO
    export GCC_NO_COMMON_BLOCKS\=YES
    export GCC_OBJC_LEGACY_DISPATCH\=YES
    export GCC_OPTIMIZATION_LEVEL\=0
    export GCC_PFE_FILE_C_DIALECTS\=c\ objective-c\ c++\ objective-c++
    export GCC_PREFIX_HEADER\=Target\ Support\ Files/SwiftUIIntrospect/SwiftUIIntrospect-prefix.pch
    export GCC_PREPROCESSOR_DEFINITIONS\=POD_CONFIGURATION_DEBUG\=1\ DEBUG\=1\ \ COCOAPODS\=1
    export GCC_TREAT_WARNINGS_AS_ERRORS\=NO
    export GCC_VERSION\=com.apple.compilers.llvm.clang.1_0
    export GCC_VERSION_IDENTIFIER\=com_apple_compilers_llvm_clang_1_0
    export GCC_WARN_64_TO_32_BIT_CONVERSION\=YES
    export GCC_WARN_ABOUT_RETURN_TYPE\=YES_ERROR
    export GCC_WARN_UNDECLARED_SELECTOR\=YES
    export GCC_WARN_UNINITIALIZED_AUTOS\=YES_AGGRESSIVE
    export GCC_WARN_UNUSED_FUNCTION\=YES
    export GCC_WARN_UNUSED_VARIABLE\=YES
    export GENERATED_MODULEMAP_DIR\=/Users/shashishekhar/Library/Developer/Xcode/DerivedData/RestaurantsNearMeIOS-cxlnvzrpmdwxdmausljrqbwijesy/Build/Intermediates.noindex/GeneratedModuleMaps-iphonesimulator
    export GENERATE_INFOPLIST_FILE\=NO
    export GENERATE_INTERMEDIATE_TEXT_BASED_STUBS\=YES
    export GENERATE_PKGINFO_FILE\=NO
    export GENERATE_PRELINK_OBJECT_FILE\=NO
    export GENERATE_PROFILING_CODE\=NO
    export GENERATE_TEXT_BASED_STUBS\=NO
    export GID\=20
    export GROUP\=staff
    export HEADERMAP_INCLUDES_FLAT_ENTRIES_FOR_TARGET_BEING_BUILT\=YES
    export HEADERMAP_INCLUDES_FRAMEWORK_ENTRIES_FOR_ALL_PRODUCT_TYPES\=YES
    export HEADERMAP_INCLUDES_FRAMEWORK_ENTRIES_FOR_TARGETS_NOT_BEING_BUILT\=YES
    export HEADERMAP_INCLUDES_NONPUBLIC_NONPRIVATE_HEADERS\=YES
    export HEADERMAP_INCLUDES_PROJECT_HEADERS\=YES
    export HEADERMAP_USES_FRAMEWORK_PREFIX_ENTRIES\=YES
    export HEADERMAP_USES_VFS\=NO
    export HEADER_SEARCH_PATHS\=/Users/shashishekhar/Library/Developer/Xcode/DerivedData/RestaurantsNearMeIOS-cxlnvzrpmdwxdmausljrqbwijesy/Build/Products/Debug-iphonesimulator/SwiftUIIntrospect/include\ 
    export HOME\=/Users/shashishekhar
    export HOST_ARCH\=arm64
    export HOST_PLATFORM\=macosx
    export ICONV\=/usr/bin/iconv
    export IMPLICIT_DEPENDENCY_DOMAIN\=default
    export INDEX_STORE_COMPRESS\=NO
    export INDEX_STORE_ONLY_PROJECT_FILES\=NO
    export INFOPLIST_ENABLE_CFBUNDLEICONS_MERGE\=YES
    export INFOPLIST_EXPAND_BUILD_SETTINGS\=YES
    export INFOPLIST_OUTPUT_FORMAT\=binary
    export INFOPLIST_PREPROCESS\=NO
    export INLINE_PRIVATE_FRAMEWORKS\=NO
    export INSTALLAPI_IGNORE_SKIP_INSTALL\=YES
    export INSTALLHDRS_COPY_PHASE\=NO
    export INSTALLHDRS_SCRIPT_PHASE\=NO
    export INSTALL_DIR\=/tmp/Pods.dst/usr/local/lib
    export INSTALL_GROUP\=staff
    export INSTALL_MODE_FLAG\=u+w,go-w,a+rX
    export INSTALL_OWNER\=shashishekhar
    export INSTALL_PATH\=/usr/local/lib
    export INSTALL_ROOT\=/tmp/Pods.dst
    export IPHONEOS_DEPLOYMENT_TARGET\=15.1
    export IS_UNOPTIMIZED_BUILD\=YES
    export JAVAC_DEFAULT_FLAGS\=-J-Xms64m\ -J-XX:NewSize\=4M\ -J-Dfile.encoding\=UTF8
    export JAVA_APP_STUB\=/System/Library/Frameworks/JavaVM.framework/Resources/MacOS/JavaApplicationStub
    export JAVA_ARCHIVE_CLASSES\=YES
    export JAVA_ARCHIVE_TYPE\=JAR
    export JAVA_COMPILER\=/usr/bin/javac
    export JAVA_FRAMEWORK_RESOURCES_DIRS\=Resources
    export JAVA_JAR_FLAGS\=cv
    export JAVA_SOURCE_SUBDIR\=.
    export JAVA_USE_DEPENDENCIES\=YES
    export JAVA_ZIP_FLAGS\=-urg
    export JIKES_DEFAULT_FLAGS\=+E\ +OLDCSO
    export KEEP_PRIVATE_EXTERNS\=NO
    export LD_DEPENDENCY_INFO_FILE\=/Users/shashishekhar/Library/Developer/Xcode/DerivedData/RestaurantsNearMeIOS-cxlnvzrpmdwxdmausljrqbwijesy/Build/Intermediates.noindex/Pods.build/Debug-iphonesimulator/SwiftUIIntrospect.build/Objects-normal/undefined_arch/SwiftUIIntrospect_dependency_info.dat
    export LD_EXPORT_SYMBOLS\=YES
    export LD_GENERATE_MAP_FILE\=NO
    export LD_MAP_FILE_PATH\=/Users/shashishekhar/Library/Developer/Xcode/DerivedData/RestaurantsNearMeIOS-cxlnvzrpmdwxdmausljrqbwijesy/Build/Intermediates.noindex/Pods.build/Debug-iphonesimulator/SwiftUIIntrospect.build/SwiftUIIntrospect-LinkMap-normal-undefined_arch.txt
    export LD_NO_PIE\=NO
    export LD_QUOTE_LINKER_ARGUMENTS_FOR_COMPILER_DRIVER\=YES
    export LD_SHARED_CACHE_ELIGIBLE\=Automatic
    export LD_WARN_DUPLICATE_LIBRARIES\=NO
    export LD_WARN_UNUSED_DYLIBS\=NO
    export LEGACY_DEVELOPER_DIR\=/Applications/Xcode.app/Contents/PlugIns/Xcode3Core.ideplugin/Contents/SharedSupport/Developer
    export LEX\=lex
    export LIBRARY_DEXT_INSTALL_PATH\=/Library/DriverExtensions
    export LIBRARY_FLAG_NOSPACE\=YES
    export LIBRARY_FLAG_PREFIX\=-l
    export LIBRARY_KEXT_INSTALL_PATH\=/Library/Extensions
    export LIBRARY_SEARCH_PATHS\=/Users/shashishekhar/Library/Developer/Xcode/DerivedData/RestaurantsNearMeIOS-cxlnvzrpmdwxdmausljrqbwijesy/Build/Products/Debug-iphonesimulator/SwiftUIIntrospect\ 
    export LINKER_DISPLAYS_MANGLED_NAMES\=NO
    export LINK_FILE_LIST_normal_arm64\=/Users/shashishekhar/Library/Developer/Xcode/DerivedData/RestaurantsNearMeIOS-cxlnvzrpmdwxdmausljrqbwijesy/Build/Intermediates.noindex/Pods.build/Debug-iphonesimulator/SwiftUIIntrospect.build/Objects-normal/arm64/SwiftUIIntrospect.LinkFileList
    export LINK_FILE_LIST_normal_x86_64\=/Users/shashishekhar/Library/Developer/Xcode/DerivedData/RestaurantsNearMeIOS-cxlnvzrpmdwxdmausljrqbwijesy/Build/Intermediates.noindex/Pods.build/Debug-iphonesimulator/SwiftUIIntrospect.build/Objects-normal/x86_64/SwiftUIIntrospect.LinkFileList
    export LINK_OBJC_RUNTIME\=YES
    export LINK_WITH_STANDARD_LIBRARIES\=YES
    export LLVM_TARGET_TRIPLE_OS_VERSION\=ios15.1
    export LLVM_TARGET_TRIPLE_SUFFIX\=-simulator
    export LLVM_TARGET_TRIPLE_VENDOR\=apple
    export LM_AUX_CONST_METADATA_LIST_PATH_normal_arm64\=/Users/shashishekhar/Library/Developer/Xcode/DerivedData/RestaurantsNearMeIOS-cxlnvzrpmdwxdmausljrqbwijesy/Build/Intermediates.noindex/Pods.build/Debug-iphonesimulator/SwiftUIIntrospect.build/Objects-normal/arm64/SwiftUIIntrospect.SwiftConstValuesFileList
    export LM_AUX_CONST_METADATA_LIST_PATH_normal_x86_64\=/Users/shashishekhar/Library/Developer/Xcode/DerivedData/RestaurantsNearMeIOS-cxlnvzrpmdwxdmausljrqbwijesy/Build/Intermediates.noindex/Pods.build/Debug-iphonesimulator/SwiftUIIntrospect.build/Objects-normal/x86_64/SwiftUIIntrospect.SwiftConstValuesFileList
    export LOCALIZATION_EXPORT_SUPPORTED\=YES
    export LOCALIZATION_PREFERS_STRING_CATALOGS\=NO
    export LOCALIZED_STRING_CODE_COMMENTS\=NO
    export LOCALIZED_STRING_MACRO_NAMES\=NSLocalizedString\ CFCopyLocalizedString
    export LOCALIZED_STRING_SWIFTUI_SUPPORT\=YES
    export LOCAL_ADMIN_APPS_DIR\=/Applications/Utilities
    export LOCAL_APPS_DIR\=/Applications
    export LOCAL_DEVELOPER_DIR\=/Library/Developer
    export LOCAL_LIBRARY_DIR\=/Library
    export LOCROOT\=/Users/shashishekhar/Desktop/RestaurantsNearMeIOS/ios/Pods
    export LOCSYMROOT\=/Users/shashishekhar/Desktop/RestaurantsNearMeIOS/ios/Pods
    export MACH_O_TYPE\=staticlib
    export MAC_OS_X_PRODUCT_BUILD_VERSION\=25E246
    export MAC_OS_X_VERSION_ACTUAL\=260400
    export MAC_OS_X_VERSION_MAJOR\=260000
    export MAC_OS_X_VERSION_MINOR\=260400
    export MAKE_MERGEABLE\=NO
    export MERGEABLE_LIBRARY\=NO
    export MERGED_BINARY_TYPE\=none
    export MERGE_LINKED_LIBRARIES\=NO
    export METAL_LIBRARY_FILE_BASE\=default
    export METAL_LIBRARY_OUTPUT_DIR\=/Users/shashishekhar/Library/Developer/Xcode/DerivedData/RestaurantsNearMeIOS-cxlnvzrpmdwxdmausljrqbwijesy/Build/Products/Debug-iphonesimulator/SwiftUIIntrospect/
    export MODULEMAP_FILE\=Headers/Public/SwiftUIIntrospect/SwiftUIIntrospect.modulemap
    export MODULE_CACHE_DIR\=/Users/shashishekhar/Library/Developer/Xcode/DerivedData/ModuleCache.noindex
    export MTL_ENABLE_DEBUG_INFO\=INCLUDE_SOURCE
    export MTL_FAST_MATH\=YES
    export NATIVE_ARCH\=arm64
    export NATIVE_ARCH_32_BIT\=arm
    export NATIVE_ARCH_64_BIT\=arm64
    export NATIVE_ARCH_ACTUAL\=arm64
    export NO_COMMON\=YES
    export OBJC_ABI_VERSION\=2
    export OBJECT_FILE_DIR\=/Users/shashishekhar/Library/Developer/Xcode/DerivedData/RestaurantsNearMeIOS-cxlnvzrpmdwxdmausljrqbwijesy/Build/Intermediates.noindex/Pods.build/Debug-iphonesimulator/SwiftUIIntrospect.build/Objects
    export OBJECT_FILE_DIR_normal\=/Users/shashishekhar/Library/Developer/Xcode/DerivedData/RestaurantsNearMeIOS-cxlnvzrpmdwxdmausljrqbwijesy/Build/Intermediates.noindex/Pods.build/Debug-iphonesimulator/SwiftUIIntrospect.build/Objects-normal
    export OBJROOT\=/Users/shashishekhar/Library/Developer/Xcode/DerivedData/RestaurantsNearMeIOS-cxlnvzrpmdwxdmausljrqbwijesy/Build/Intermediates.noindex
    export ONLY_ACTIVE_ARCH\=NO
    export OS\=MACOS
    export OSAC\=/usr/bin/osacompile
    export OTHER_CFLAGS\=\ -DRCT_REMOVE_LEGACY_ARCH\=1\ -ivfsoverlay\ \"/Users/shashishekhar/Desktop/RestaurantsNearMeIOS/ios/Pods/React-Core-prebuilt/React-VFS.yaml\"
    export OTHER_CPLUSPLUSFLAGS\=\ -DRCT_REMOVE_LEGACY_ARCH\=1\ -ivfsoverlay\ \"/Users/shashishekhar/Desktop/RestaurantsNearMeIOS/ios/Pods/React-Core-prebuilt/React-VFS.yaml\"\ -DRCT_REMOVE_LEGACY_ARCH\=1\ -ivfsoverlay\ \"/Users/shashishekhar/Desktop/RestaurantsNearMeIOS/ios/Pods/React-Core-prebuilt/React-VFS.yaml\"
    export OTHER_SWIFT_FLAGS\=\ -D\ COCOAPODS\ -import-underlying-module\ -Xcc\ -fmodule-map-file\=\"/Users/shashishekhar/Desktop/RestaurantsNearMeIOS/ios/Pods/Headers/Public/SwiftUIIntrospect/SwiftUIIntrospect.modulemap\"\ -Xcc\ -ivfsoverlay\ -Xcc\ \"/Users/shashishekhar/Desktop/RestaurantsNearMeIOS/ios/Pods/React-Core-prebuilt/React-VFS.yaml\"\ -Xcc\ -Wno-incomplete-umbrella
    export PACKAGE_TYPE\=com.apple.package-type.static-library
    export PASCAL_STRINGS\=YES
    export PATH\=/Applications/Xcode.app/Contents/SharedFrameworks/SwiftBuild.framework/Versions/A/PlugIns/SWBBuildService.bundle/Contents/PlugIns/SWBUniversalPlatformPlugin.bundle/Contents/Frameworks/SWBUniversalPlatform.framework/Resources:/Applications/Xcode.app/Contents/Developer/Toolchains/XcodeDefault.xctoolchain/usr/bin:/Applications/Xcode.app/Contents/Developer/Toolchains/XcodeDefault.xctoolchain/usr/local/bin:/Applications/Xcode.app/Contents/Developer/Toolchains/XcodeDefault.xctoolchain/usr/libexec:/Applications/Xcode.app/Contents/Developer/Platforms/iPhoneSimulator.platform/usr/bin:/Applications/Xcode.app/Contents/Developer/Platforms/iPhoneSimulator.platform/usr/local/bin:/Applications/Xcode.app/Contents/Developer/Platforms/iPhoneSimulator.platform/Developer/usr/bin:/Applications/Xcode.app/Contents/Developer/Platforms/iPhoneSimulator.platform/Developer/usr/local/bin:/Applications/Xcode.app/Contents/Developer/usr/bin:/Applications/Xcode.app/Contents/Developer/usr/local/bin:/Users/shashishekhar/Library/Application\ Support/Code/User/globalStorage/github.copilot-chat/debugCommand:/Users/shashishekhar/Library/Application\ Support/Code/User/globalStorage/github.copilot-chat/copilotCli:/usr/local/bin:/System/Cryptexes/App/usr/bin:/usr/bin:/bin:/usr/sbin:/sbin:/var/run/com.apple.security.cryptexd/codex.system/bootstrap/usr/local/bin:/var/run/com.apple.security.cryptexd/codex.system/bootstrap/usr/bin:/var/run/com.apple.security.cryptexd/codex.system/bootstrap/usr/appleinternal/bin:/opt/pkg/env/active/bin:/opt/pmk/env/global/bin:/Library/Apple/usr/bin:/opt/homebrew/bin
    export PATH_PREFIXES_EXCLUDED_FROM_HEADER_DEPENDENCIES\=/usr/include\ /usr/local/include\ /System/Library/Frameworks\ /System/Library/PrivateFrameworks\ /Applications/Xcode.app/Contents/Developer/Headers\ /Applications/Xcode.app/Contents/Developer/SDKs\ /Applications/Xcode.app/Contents/Developer/Platforms
    export PER_ARCH_MODULE_FILE_DIR\=/Users/shashishekhar/Library/Developer/Xcode/DerivedData/RestaurantsNearMeIOS-cxlnvzrpmdwxdmausljrqbwijesy/Build/Intermediates.noindex/Pods.build/Debug-iphonesimulator/SwiftUIIntrospect.build/Objects-normal/undefined_arch
    export PER_ARCH_OBJECT_FILE_DIR\=/Users/shashishekhar/Library/Developer/Xcode/DerivedData/RestaurantsNearMeIOS-cxlnvzrpmdwxdmausljrqbwijesy/Build/Intermediates.noindex/Pods.build/Debug-iphonesimulator/SwiftUIIntrospect.build/Objects-normal/undefined_arch
    export PER_VARIANT_OBJECT_FILE_DIR\=/Users/shashishekhar/Library/Developer/Xcode/DerivedData/RestaurantsNearMeIOS-cxlnvzrpmdwxdmausljrqbwijesy/Build/Intermediates.noindex/Pods.build/Debug-iphonesimulator/SwiftUIIntrospect.build/Objects-normal
    export PKGINFO_FILE_PATH\=/Users/shashishekhar/Library/Developer/Xcode/DerivedData/RestaurantsNearMeIOS-cxlnvzrpmdwxdmausljrqbwijesy/Build/Intermediates.noindex/Pods.build/Debug-iphonesimulator/SwiftUIIntrospect.build/PkgInfo
    export PLATFORM_DEVELOPER_APPLICATIONS_DIR\=/Applications/Xcode.app/Contents/Developer/Platforms/iPhoneSimulator.platform/Developer/Applications
    export PLATFORM_DEVELOPER_BIN_DIR\=/Applications/Xcode.app/Contents/Developer/Platforms/iPhoneSimulator.platform/Developer/usr/bin
    export PLATFORM_DEVELOPER_LIBRARY_DIR\=/Applications/Xcode.app/Contents/Developer/Platforms/iPhoneSimulator.platform/Developer/Library
    export PLATFORM_DEVELOPER_SDK_DIR\=/Applications/Xcode.app/Contents/Developer/Platforms/iPhoneSimulator.platform/Developer/SDKs
    export PLATFORM_DEVELOPER_TOOLS_DIR\=/Applications/Xcode.app/Contents/Developer/Platforms/iPhoneSimulator.platform/Developer/Tools
    export PLATFORM_DEVELOPER_USR_DIR\=/Applications/Xcode.app/Contents/Developer/Platforms/iPhoneSimulator.platform/Developer/usr
    export PLATFORM_DIR\=/Applications/Xcode.app/Contents/Developer/Platforms/iPhoneSimulator.platform
    export PLATFORM_DISPLAY_NAME\=iOS\ Simulator
    export PLATFORM_FAMILY_NAME\=iOS
    export PLATFORM_NAME\=iphonesimulator
    export PLATFORM_PREFERRED_ARCH\=x86_64
    export PLATFORM_PRODUCT_BUILD_VERSION\=23F81a
    export PLATFORM_REQUIRES_SWIFT_AUTOLINK_EXTRACT\=NO
    export PLATFORM_REQUIRES_SWIFT_MODULEWRAP\=NO
    export PLATFORM_USES_DSYMS\=YES
    export PLIST_FILE_OUTPUT_FORMAT\=binary
    export PODFILE_DIR\=/Users/shashishekhar/Desktop/RestaurantsNearMeIOS/ios/Pods/..
    export PODS_BUILD_DIR\=/Users/shashishekhar/Library/Developer/Xcode/DerivedData/RestaurantsNearMeIOS-cxlnvzrpmdwxdmausljrqbwijesy/Build/Products
    export PODS_CONFIGURATION_BUILD_DIR\=/Users/shashishekhar/Library/Developer/Xcode/DerivedData/RestaurantsNearMeIOS-cxlnvzrpmdwxdmausljrqbwijesy/Build/Products/Debug-iphonesimulator
    export PODS_DEVELOPMENT_LANGUAGE\=en
    export PODS_ROOT\=/Users/shashishekhar/Desktop/RestaurantsNearMeIOS/ios/Pods
    export PODS_TARGET_SRCROOT\=/Users/shashishekhar/Desktop/RestaurantsNearMeIOS/ios/Pods/SwiftUIIntrospect
    export PODS_XCFRAMEWORKS_BUILD_DIR\=/Users/shashishekhar/Library/Developer/Xcode/DerivedData/RestaurantsNearMeIOS-cxlnvzrpmdwxdmausljrqbwijesy/Build/Products/Debug-iphonesimulator/XCFrameworkIntermediates
    export PRECOMPS_INCLUDE_HEADERS_FROM_BUILT_PRODUCTS_DIR\=YES
    export PRECOMP_DESTINATION_DIR\=/Users/shashishekhar/Library/Developer/Xcode/DerivedData/RestaurantsNearMeIOS-cxlnvzrpmdwxdmausljrqbwijesy/Build/Intermediates.noindex/Pods.build/Debug-iphonesimulator/SwiftUIIntrospect.build/PrefixHeaders
    export PROCESSED_INFOPLIST_PATH\=/Users/shashishekhar/Library/Developer/Xcode/DerivedData/RestaurantsNearMeIOS-cxlnvzrpmdwxdmausljrqbwijesy/Build/Intermediates.noindex/Pods.build/Debug-iphonesimulator/SwiftUIIntrospect.build/Objects-normal/undefined_arch/Processed-Info.plist
    export PRODUCT_BUNDLE_IDENTIFIER\=org.cocoapods.SwiftUIIntrospect
    export PRODUCT_MODULE_NAME\=SwiftUIIntrospect
    export PRODUCT_NAME\=SwiftUIIntrospect
    export PRODUCT_SETTINGS_PATH\=
    export PRODUCT_TYPE\=com.apple.product-type.library.static
    export PROFILING_CODE\=NO
    export PROJECT\=Pods
    export PROJECT_DERIVED_FILE_DIR\=/Users/shashishekhar/Library/Developer/Xcode/DerivedData/RestaurantsNearMeIOS-cxlnvzrpmdwxdmausljrqbwijesy/Build/Intermediates.noindex/Pods.build/DerivedSources
    export PROJECT_DIR\=/Users/shashishekhar/Desktop/RestaurantsNearMeIOS/ios/Pods
    export PROJECT_FILE_PATH\=/Users/shashishekhar/Desktop/RestaurantsNearMeIOS/ios/Pods/Pods.xcodeproj
    export PROJECT_GUID\=8699adb1dd336b26511df848a716bd42
    export PROJECT_NAME\=Pods
    export PROJECT_TEMP_DIR\=/Users/shashishekhar/Library/Developer/Xcode/DerivedData/RestaurantsNearMeIOS-cxlnvzrpmdwxdmausljrqbwijesy/Build/Intermediates.noindex/Pods.build
    export PROJECT_TEMP_ROOT\=/Users/shashishekhar/Library/Developer/Xcode/DerivedData/RestaurantsNearMeIOS-cxlnvzrpmdwxdmausljrqbwijesy/Build/Intermediates.noindex
    export REACT_NATIVE_PATH\=/Users/shashishekhar/Desktop/RestaurantsNearMeIOS/ios/Pods/../../node_modules/react-native
    export RECOMMENDED_IPHONEOS_DEPLOYMENT_TARGET\=15.0
    export RECURSIVE_SEARCH_PATHS_FOLLOW_SYMLINKS\=YES
    export REMOVE_CVS_FROM_RESOURCES\=YES
    export REMOVE_GIT_FROM_RESOURCES\=YES
    export REMOVE_HEADERS_FROM_EMBEDDED_BUNDLES\=YES
    export REMOVE_HG_FROM_RESOURCES\=YES
    export REMOVE_STATIC_EXECUTABLES_FROM_EMBEDDED_BUNDLES\=YES
    export REMOVE_SVN_FROM_RESOURCES\=YES
    export RESCHEDULE_INDEPENDENT_HEADERS_PHASES\=YES
    export REZ_COLLECTOR_DIR\=/Users/shashishekhar/Library/Developer/Xcode/DerivedData/RestaurantsNearMeIOS-cxlnvzrpmdwxdmausljrqbwijesy/Build/Intermediates.noindex/Pods.build/Debug-iphonesimulator/SwiftUIIntrospect.build/ResourceManagerResources
    export REZ_EXECUTABLE\=YES
    export REZ_OBJECTS_DIR\=/Users/shashishekhar/Library/Developer/Xcode/DerivedData/RestaurantsNearMeIOS-cxlnvzrpmdwxdmausljrqbwijesy/Build/Intermediates.noindex/Pods.build/Debug-iphonesimulator/SwiftUIIntrospect.build/ResourceManagerResources/Objects
    export REZ_SEARCH_PATHS\=/Users/shashishekhar/Library/Developer/Xcode/DerivedData/RestaurantsNearMeIOS-cxlnvzrpmdwxdmausljrqbwijesy/Build/Products/Debug-iphonesimulator/SwiftUIIntrospect\ 
    export RPATH_ORIGIN\=@loader_path
    export RUNTIME_EXCEPTION_ALLOW_DYLD_ENVIRONMENT_VARIABLES\=NO
    export RUNTIME_EXCEPTION_ALLOW_JIT\=NO
    export RUNTIME_EXCEPTION_ALLOW_UNSIGNED_EXECUTABLE_MEMORY\=NO
    export RUNTIME_EXCEPTION_DEBUGGING_TOOL\=NO
    export RUNTIME_EXCEPTION_DISABLE_EXECUTABLE_PAGE_PROTECTION\=NO
    export RUNTIME_EXCEPTION_DISABLE_LIBRARY_VALIDATION\=NO
    export SCANNING_PCM_KEEP_CACHE_DIRECTORY\=YES
    export SCAN_ALL_SOURCE_FILES_FOR_INCLUDES\=NO
    export SCRIPT_INPUT_FILE_0\=/Users/shashishekhar/Library/Developer/Xcode/DerivedData/RestaurantsNearMeIOS-cxlnvzrpmdwxdmausljrqbwijesy/Build/Intermediates.noindex/Pods.build/Debug-iphonesimulator/SwiftUIIntrospect.build/DerivedSources/SwiftUIIntrospect-Swift.h
    export SCRIPT_INPUT_FILE_1\=/Users/shashishekhar/Desktop/RestaurantsNearMeIOS/ios/Pods/Headers/Public/SwiftUIIntrospect/SwiftUIIntrospect.modulemap
    export SCRIPT_INPUT_FILE_2\=/Users/shashishekhar/Desktop/RestaurantsNearMeIOS/ios/Pods/Headers/Public/SwiftUIIntrospect/SwiftUIIntrospect-umbrella.h
    export SCRIPT_INPUT_FILE_COUNT\=3
    export SCRIPT_INPUT_FILE_LIST_COUNT\=0
    export SCRIPT_OUTPUT_FILE_0\=/Users/shashishekhar/Library/Developer/Xcode/DerivedData/RestaurantsNearMeIOS-cxlnvzrpmdwxdmausljrqbwijesy/Build/Products/Debug-iphonesimulator/SwiftUIIntrospect/SwiftUIIntrospect.modulemap
    export SCRIPT_OUTPUT_FILE_1\=/Users/shashishekhar/Library/Developer/Xcode/DerivedData/RestaurantsNearMeIOS-cxlnvzrpmdwxdmausljrqbwijesy/Build/Products/Debug-iphonesimulator/SwiftUIIntrospect/SwiftUIIntrospect-umbrella.h
    export SCRIPT_OUTPUT_FILE_2\=/Users/shashishekhar/Library/Developer/Xcode/DerivedData/RestaurantsNearMeIOS-cxlnvzrpmdwxdmausljrqbwijesy/Build/Products/Debug-iphonesimulator/SwiftUIIntrospect/Swift\ Compatibility\ Header/SwiftUIIntrospect-Swift.h
    export SCRIPT_OUTPUT_FILE_COUNT\=3
    export SCRIPT_OUTPUT_FILE_LIST_COUNT\=0
    export SDKROOT\=/Applications/Xcode.app/Contents/Developer/Platforms/iPhoneSimulator.platform/Developer/SDKs/iPhoneSimulator26.5.sdk
    export SDK_DIR\=/Applications/Xcode.app/Contents/Developer/Platforms/iPhoneSimulator.platform/Developer/SDKs/iPhoneSimulator26.5.sdk
    export SDK_DIR_iphonesimulator\=/Applications/Xcode.app/Contents/Developer/Platforms/iPhoneSimulator.platform/Developer/SDKs/iPhoneSimulator26.5.sdk
    export SDK_DIR_iphonesimulator26_5\=/Applications/Xcode.app/Contents/Developer/Platforms/iPhoneSimulator.platform/Developer/SDKs/iPhoneSimulator26.5.sdk
    export SDK_NAME\=iphonesimulator26.5
    export SDK_NAMES\=iphonesimulator26.5
    export SDK_PRODUCT_BUILD_VERSION\=23F81a
    export SDK_STAT_CACHE_DIR\=/Users/shashishekhar/Library/Developer/Xcode/DerivedData
    export SDK_STAT_CACHE_ENABLE\=YES
    export SDK_STAT_CACHE_PATH\=/Users/shashishekhar/Library/Developer/Xcode/DerivedData/SDKStatCaches.noindex/iphonesimulator26.5-23F81a-6cfe768891a92b912361537c460fe42b.sdkstatcache
    export SDK_VERSION\=26.5
    export SDK_VERSION_ACTUAL\=260500
    export SDK_VERSION_MAJOR\=260000
    export SDK_VERSION_MINOR\=260500
    export SED\=/usr/bin/sed
    export SEPARATE_STRIP\=NO
    export SEPARATE_SYMBOL_EDIT\=NO
    export SET_DIR_MODE_OWNER_GROUP\=YES
    export SET_FILE_MODE_OWNER_GROUP\=NO
    export SHALLOW_BUNDLE\=NO
    export SHARED_DERIVED_FILE_DIR\=/Users/shashishekhar/Library/Developer/Xcode/DerivedData/RestaurantsNearMeIOS-cxlnvzrpmdwxdmausljrqbwijesy/Build/Products/Debug-iphonesimulator/SwiftUIIntrospect/DerivedSources
    export SHARED_PRECOMPS_DIR\=/Users/shashishekhar/Library/Developer/Xcode/DerivedData/RestaurantsNearMeIOS-cxlnvzrpmdwxdmausljrqbwijesy/Build/Intermediates.noindex/PrecompiledHeaders
    export SKIP_INSTALL\=YES
    export SKIP_MERGEABLE_LIBRARY_BUNDLE_HOOK\=NO
    export SOURCE_ROOT\=/Users/shashishekhar/Desktop/RestaurantsNearMeIOS/ios/Pods
    export SRCROOT\=/Users/shashishekhar/Desktop/RestaurantsNearMeIOS/ios/Pods
    export STRINGSDATA_DIR\=/Users/shashishekhar/Library/Developer/Xcode/DerivedData/RestaurantsNearMeIOS-cxlnvzrpmdwxdmausljrqbwijesy/Build/Intermediates.noindex/Pods.build/Debug-iphonesimulator/SwiftUIIntrospect.build/Objects-normal/undefined_arch
    export STRINGSDATA_ROOT\=/Users/shashishekhar/Library/Developer/Xcode/DerivedData/RestaurantsNearMeIOS-cxlnvzrpmdwxdmausljrqbwijesy/Build/Intermediates.noindex/Pods.build/Debug-iphonesimulator/SwiftUIIntrospect.build
    export STRINGS_FILE_INFOPLIST_RENAME\=YES
    export STRINGS_FILE_OUTPUT_ENCODING\=binary
    export STRING_CATALOG_GENERATE_SYMBOLS\=NO
    export STRIP_BITCODE_FROM_COPIED_FILES\=NO
    export STRIP_INSTALLED_PRODUCT\=NO
    export STRIP_STYLE\=debugging
    export STRIP_SWIFT_SYMBOLS\=YES
    export SUPPORTED_DEVICE_FAMILIES\=1,2
    export SUPPORTED_PLATFORMS\=iphoneos\ iphonesimulator
    export SUPPORTS_TEXT_BASED_API\=NO
    export SUPPRESS_WARNINGS\=NO
    export SWIFT_ACTIVE_COMPILATION_CONDITIONS\=\ DEBUG\ 
    export SWIFT_EMIT_CONST_VALUE_PROTOCOLS\=AnyResolverProviding\ AppEntity\ AppEnum\ AppExtension\ AppIntent\ AppIntentsPackage\ AppShortcutProviding\ AppShortcutsProvider\ AppUnionValue\ AppUnionValueCasesProviding\ DynamicOptionsProvider\ EntityQuery\ ExtensionPointDefining\ IntentValueQuery\ Resolver\ TransientEntity\ _AssistantIntentsProvider\ _GenerativeFunctionExtractable\ _IntentValueRepresentable
    export SWIFT_EMIT_LOC_STRINGS\=NO
    export SWIFT_ENABLE_EXPLICIT_MODULES\=NO
    export SWIFT_INSTALL_OBJC_HEADER\=YES
    export SWIFT_OPTIMIZATION_LEVEL\=-Onone
    export SWIFT_PLATFORM_TARGET_PREFIX\=ios
    export SWIFT_RESPONSE_FILE_PATH_normal_arm64\=/Users/shashishekhar/Library/Developer/Xcode/DerivedData/RestaurantsNearMeIOS-cxlnvzrpmdwxdmausljrqbwijesy/Build/Intermediates.noindex/Pods.build/Debug-iphonesimulator/SwiftUIIntrospect.build/Objects-normal/arm64/SwiftUIIntrospect.SwiftFileList
    export SWIFT_RESPONSE_FILE_PATH_normal_x86_64\=/Users/shashishekhar/Library/Developer/Xcode/DerivedData/RestaurantsNearMeIOS-cxlnvzrpmdwxdmausljrqbwijesy/Build/Intermediates.noindex/Pods.build/Debug-iphonesimulator/SwiftUIIntrospect.build/Objects-normal/x86_64/SwiftUIIntrospect.SwiftFileList
    export SWIFT_VERSION\=5.7
    export SYMROOT\=/Users/shashishekhar/Library/Developer/Xcode/DerivedData/RestaurantsNearMeIOS-cxlnvzrpmdwxdmausljrqbwijesy/Build/Products
    export SYSTEM_ADMIN_APPS_DIR\=/Applications/Utilities
    export SYSTEM_APPS_DIR\=/Applications
    export SYSTEM_CORE_SERVICES_DIR\=/System/Library/CoreServices
    export SYSTEM_DEMOS_DIR\=/Applications/Extras
    export SYSTEM_DEVELOPER_APPS_DIR\=/Applications/Xcode.app/Contents/Developer/Applications
    export SYSTEM_DEVELOPER_BIN_DIR\=/Applications/Xcode.app/Contents/Developer/usr/bin
    export SYSTEM_DEVELOPER_DEMOS_DIR\=/Applications/Xcode.app/Contents/Developer/Applications/Utilities/Built\ Examples
    export SYSTEM_DEVELOPER_DIR\=/Applications/Xcode.app/Contents/Developer
    export SYSTEM_DEVELOPER_DOC_DIR\=/Applications/Xcode.app/Contents/Developer/ADC\ Reference\ Library
    export SYSTEM_DEVELOPER_GRAPHICS_TOOLS_DIR\=/Applications/Xcode.app/Contents/Developer/Applications/Graphics\ Tools
    export SYSTEM_DEVELOPER_JAVA_TOOLS_DIR\=/Applications/Xcode.app/Contents/Developer/Applications/Java\ Tools
    export SYSTEM_DEVELOPER_PERFORMANCE_TOOLS_DIR\=/Applications/Xcode.app/Contents/Developer/Applications/Performance\ Tools
    export SYSTEM_DEVELOPER_RELEASENOTES_DIR\=/Applications/Xcode.app/Contents/Developer/ADC\ Reference\ Library/releasenotes
    export SYSTEM_DEVELOPER_TOOLS\=/Applications/Xcode.app/Contents/Developer/Tools
    export SYSTEM_DEVELOPER_TOOLS_DOC_DIR\=/Applications/Xcode.app/Contents/Developer/ADC\ Reference\ Library/documentation/DeveloperTools
    export SYSTEM_DEVELOPER_TOOLS_RELEASENOTES_DIR\=/Applications/Xcode.app/Contents/Developer/ADC\ Reference\ Library/releasenotes/DeveloperTools
    export SYSTEM_DEVELOPER_USR_DIR\=/Applications/Xcode.app/Contents/Developer/usr
    export SYSTEM_DEVELOPER_UTILITIES_DIR\=/Applications/Xcode.app/Contents/Developer/Applications/Utilities
    export SYSTEM_DEXT_INSTALL_PATH\=/System/Library/DriverExtensions
    export SYSTEM_DOCUMENTATION_DIR\=/Library/Documentation
    export SYSTEM_KEXT_INSTALL_PATH\=/System/Library/Extensions
    export SYSTEM_LIBRARY_DIR\=/System/Library
    export TAPI_DEMANGLE\=YES
    export TAPI_ENABLE_PROJECT_HEADERS\=NO
    export TAPI_LANGUAGE\=objective-c
    export TAPI_LANGUAGE_STANDARD\=compiler-default
    export TAPI_USE_SRCROOT\=YES
    export TAPI_VERIFY_MODE\=Pedantic
    export TARGETED_DEVICE_FAMILY\=1,2
    export TARGETNAME\=SwiftUIIntrospect
    export TARGET_BUILD_DIR\=/Users/shashishekhar/Library/Developer/Xcode/DerivedData/RestaurantsNearMeIOS-cxlnvzrpmdwxdmausljrqbwijesy/Build/Products/Debug-iphonesimulator/SwiftUIIntrospect
    export TARGET_NAME\=SwiftUIIntrospect
    export TARGET_TEMP_DIR\=/Users/shashishekhar/Library/Developer/Xcode/DerivedData/RestaurantsNearMeIOS-cxlnvzrpmdwxdmausljrqbwijesy/Build/Intermediates.noindex/Pods.build/Debug-iphonesimulator/SwiftUIIntrospect.build
    export TEMP_DIR\=/Users/shashishekhar/Library/Developer/Xcode/DerivedData/RestaurantsNearMeIOS-cxlnvzrpmdwxdmausljrqbwijesy/Build/Intermediates.noindex/Pods.build/Debug-iphonesimulator/SwiftUIIntrospect.build
    export TEMP_FILES_DIR\=/Users/shashishekhar/Library/Developer/Xcode/DerivedData/RestaurantsNearMeIOS-cxlnvzrpmdwxdmausljrqbwijesy/Build/Intermediates.noindex/Pods.build/Debug-iphonesimulator/SwiftUIIntrospect.build
    export TEMP_FILE_DIR\=/Users/shashishekhar/Library/Developer/Xcode/DerivedData/RestaurantsNearMeIOS-cxlnvzrpmdwxdmausljrqbwijesy/Build/Intermediates.noindex/Pods.build/Debug-iphonesimulator/SwiftUIIntrospect.build
    export TEMP_ROOT\=/Users/shashishekhar/Library/Developer/Xcode/DerivedData/RestaurantsNearMeIOS-cxlnvzrpmdwxdmausljrqbwijesy/Build/Intermediates.noindex
    export TEMP_SANDBOX_DIR\=/Users/shashishekhar/Library/Developer/Xcode/DerivedData/RestaurantsNearMeIOS-cxlnvzrpmdwxdmausljrqbwijesy/Build/Intermediates.noindex/TemporaryTaskSandboxes
    export TEST_FRAMEWORK_SEARCH_PATHS\=\ /Applications/Xcode.app/Contents/Developer/Platforms/iPhoneSimulator.platform/Developer/Library/Frameworks\ /Applications/Xcode.app/Contents/Developer/Platforms/iPhoneSimulator.platform/Developer/SDKs/iPhoneSimulator26.5.sdk/Developer/Library/Frameworks
    export TEST_LIBRARY_SEARCH_PATHS\=\ /Applications/Xcode.app/Contents/Developer/Platforms/iPhoneSimulator.platform/Developer/usr/lib
    export TOOLCHAINS\=com.apple.dt.toolchain.XcodeDefault
    export TOOLCHAIN_DIR\=/Applications/Xcode.app/Contents/Developer/Toolchains/XcodeDefault.xctoolchain
    export TREAT_MISSING_BASELINES_AS_TEST_FAILURES\=NO
    export TREAT_MISSING_SCRIPT_PHASE_OUTPUTS_AS_ERRORS\=NO
    export UID\=501
    export UNINSTALLED_PRODUCTS_DIR\=/Users/shashishekhar/Library/Developer/Xcode/DerivedData/RestaurantsNearMeIOS-cxlnvzrpmdwxdmausljrqbwijesy/Build/Intermediates.noindex/UninstalledProducts
    export UNSTRIPPED_PRODUCT\=NO
    export USER\=shashishekhar
    export USER_APPS_DIR\=/Users/shashishekhar/Applications
    export USER_LIBRARY_DIR\=/Users/shashishekhar/Library
    export USE_DYNAMIC_NO_PIC\=YES
    export USE_HEADERMAP\=YES
    export USE_HEADER_SYMLINKS\=NO
    export USE_HERMES\=true
    export USE_RECURSIVE_SCRIPT_INPUTS_IN_SCRIPT_PHASES\=YES
    export VALIDATE_DEVELOPMENT_ASSET_PATHS\=YES_ERROR
    export VALIDATE_PRODUCT\=NO
    export VALID_ARCHS\=arm64\ x86_64
    export VERBOSE_PBXCP\=NO
    export VERSION_INFO_BUILDER\=shashishekhar
    export VERSION_INFO_FILE\=SwiftUIIntrospect_vers.c
    export VERSION_INFO_STRING\=\"@\(\#\)PROGRAM:SwiftUIIntrospect\ \ PROJECT:Pods-\"
    export WORKSPACE_DIR\=/Users/shashishekhar/Desktop/RestaurantsNearMeIOS/ios
    export WRAP_ASSET_PACKS_IN_SEPARATE_DIRECTORIES\=NO
    export XCODE_APP_SUPPORT_DIR\=/Applications/Xcode.app/Contents/Developer/Library/Xcode
    export XCODE_PRODUCT_BUILD_VERSION\=17F113
    export XCODE_VERSION_ACTUAL\=2660
    export XCODE_VERSION_MAJOR\=2600
    export XCODE_VERSION_MINOR\=2660
    export XPCSERVICES_FOLDER_PATH\=/XPCServices
    export YACC\=yacc
    export _DISCOVER_COMMAND_LINE_LINKER_INPUTS\=YES
    export _DISCOVER_COMMAND_LINE_LINKER_INPUTS_INCLUDE_WL\=YES
    export _LD_MULTIARCH\=YES
    export __DIAGNOSE_DEPRECATED_ARCHS\=YES
    export __ORIGINAL_SDK_DEFINED_LLVM_TARGET_TRIPLE_SYS\=ios
    export arch\=undefined_arch
    export variant\=normal
    /bin/sh -c /Users/shashishekhar/Library/Developer/Xcode/DerivedData/RestaurantsNearMeIOS-cxlnvzrpmdwxdmausljrqbwijesy/Build/Intermediates.noindex/Pods.build/Debug-iphonesimulator/SwiftUIIntrospect.build/Script-46EB2E00019CE0.sh

PhaseScriptExecution [CP]\ Copy\ XCFrameworks /Users/shashishekhar/Library/Developer/Xcode/DerivedData/RestaurantsNearMeIOS-cxlnvzrpmdwxdmausljrqbwijesy/Build/Intermediates.noindex/Pods.build/Debug-iphonesimulator/hermes-engine.build/Script-46EB2E0001AF80.sh (in target 'hermes-engine' from project 'Pods')
    cd /Users/shashishekhar/Desktop/RestaurantsNearMeIOS/ios/Pods
    /bin/sh -c /Users/shashishekhar/Library/Developer/Xcode/DerivedData/RestaurantsNearMeIOS-cxlnvzrpmdwxdmausljrqbwijesy/Build/Intermediates.noindex/Pods.build/Debug-iphonesimulator/hermes-engine.build/Script-46EB2E0001AF80.sh
Selected xcframework slice ios-arm64_x86_64-simulator
rsync --delete -av --filter P .*.?????? --links --filter "- CVS/" --filter "- .svn/" --filter "- .git/" --filter "- .hg/" "/Users/shashishekhar/Desktop/RestaurantsNearMeIOS/ios/Pods/hermes-engine/destroot/Library/Frameworks/universal/hermesvm.xcframework/ios-arm64_x86_64-simulator/*" "/Users/shashishekhar/Library/Developer/Xcode/DerivedData/RestaurantsNearMeIOS-cxlnvzrpmdwxdmausljrqbwijesy/Build/Products/Debug-iphonesimulator/XCFrameworkIntermediates/hermes-engine/Pre-built"
Transfer starting: 3 files

sent 267 bytes  received 20 bytes  2870000 bytes/sec
total size is 12205354  speedup is 42527.22
Copied /Users/shashishekhar/Desktop/RestaurantsNearMeIOS/ios/Pods/hermes-engine/destroot/Library/Frameworks/universal/hermesvm.xcframework/ios-arm64_x86_64-simulator to /Users/shashishekhar/Library/Developer/Xcode/DerivedData/RestaurantsNearMeIOS-cxlnvzrpmdwxdmausljrqbwijesy/Build/Products/Debug-iphonesimulator/XCFrameworkIntermediates/hermes-engine/Pre-built

PhaseScriptExecution [CP]\ Copy\ XCFrameworks /Users/shashishekhar/Library/Developer/Xcode/DerivedData/RestaurantsNearMeIOS-cxlnvzrpmdwxdmausljrqbwijesy/Build/Intermediates.noindex/Pods.build/Debug-iphonesimulator/ReactNativeDependencies.build/Script-46EB2E0001AF60.sh (in target 'ReactNativeDependencies' from project 'Pods')
    cd /Users/shashishekhar/Desktop/RestaurantsNearMeIOS/ios/Pods
    /bin/sh -c /Users/shashishekhar/Library/Developer/Xcode/DerivedData/RestaurantsNearMeIOS-cxlnvzrpmdwxdmausljrqbwijesy/Build/Intermediates.noindex/Pods.build/Debug-iphonesimulator/ReactNativeDependencies.build/Script-46EB2E0001AF60.sh
Selected xcframework slice ios-arm64_x86_64-simulator
rsync --delete -av --filter P .*.?????? --links --filter "- CVS/" --filter "- .svn/" --filter "- .git/" --filter "- .hg/" "/Users/shashishekhar/Desktop/RestaurantsNearMeIOS/ios/Pods/ReactNativeDependencies/framework/packages/react-native/ReactNativeDependencies.xcframework/ios-arm64_x86_64-simulator/*" "/Users/shashishekhar/Library/Developer/Xcode/DerivedData/RestaurantsNearMeIOS-cxlnvzrpmdwxdmausljrqbwijesy/Build/Products/Debug-iphonesimulator/XCFrameworkIntermediates/ReactNativeDependencies"
Transfer starting: 32 files

sent 3646 bytes  received 20 bytes  1745714 bytes/sec
total size is 6978742  speedup is 1903.64
Copied /Users/shashishekhar/Desktop/RestaurantsNearMeIOS/ios/Pods/ReactNativeDependencies/framework/packages/react-native/ReactNativeDependencies.xcframework/ios-arm64_x86_64-simulator to /Users/shashishekhar/Library/Developer/Xcode/DerivedData/RestaurantsNearMeIOS-cxlnvzrpmdwxdmausljrqbwijesy/Build/Products/Debug-iphonesimulator/XCFrameworkIntermediates/ReactNativeDependencies

note: Run script build phase '[CP-User] [RNCore] Replace React Native Core for the right configuration, if needed' will be run during every build because the option to run the script phase "Based on dependency analysis" is unchecked. (in target 'React-Core-prebuilt' from project 'Pods')
PhaseScriptExecution [CP-User]\ [RNCore]\ Replace\ React\ Native\ Core\ for\ the\ right\ configuration,\ if\ needed /Users/shashishekhar/Library/Developer/Xcode/DerivedData/RestaurantsNearMeIOS-cxlnvzrpmdwxdmausljrqbwijesy/Build/Intermediates.noindex/Pods.build/Debug-iphonesimulator/React-Core-prebuilt.build/Script-46EB2E0001AF30.sh (in target 'React-Core-prebuilt' from project 'Pods')
    cd /Users/shashishekhar/Desktop/RestaurantsNearMeIOS/ios/Pods
    export ACTION\=build
    export AD_HOC_CODE_SIGNING_ALLOWED\=YES
    export ALLOW_BUILD_REQUEST_OVERRIDES\=NO
    export ALLOW_TARGET_PLATFORM_SPECIALIZATION\=NO
    export ALTERNATE_GROUP\=staff
    export ALTERNATE_MODE\=u+w,go-w,a+rX
    export ALTERNATE_OWNER\=shashishekhar
    export ALTERNATIVE_DISTRIBUTION_WEB\=NO
    export ALWAYS_EMBED_SWIFT_STANDARD_LIBRARIES\=NO
    export ALWAYS_SEARCH_USER_PATHS\=NO
    export ALWAYS_USE_SEPARATE_HEADERMAPS\=NO
    export APPLICATION_EXTENSION_API_ONLY\=NO
    export APPLY_RULES_IN_COPY_FILES\=NO
    export APPLY_RULES_IN_COPY_HEADERS\=NO
    export APP_SHORTCUTS_ENABLE_FLEXIBLE_MATCHING\=YES
    export ARCHS\=arm64\ x86_64
    export ARCHS_BASE\=arm64\ x86_64
    export ARCHS_STANDARD\=arm64\ x86_64
    export ARCHS_STANDARD_32_64_BIT\=arm64\ x86_64
    export ARCHS_STANDARD_64_BIT\=arm64\ x86_64
    export ARCHS_STANDARD_INCLUDING_64_BIT\=arm64\ x86_64
    export ARCHS_UNIVERSAL_IPHONE_OS\=arm64\ x86_64
    export ASSETCATALOG_COMPILER_APPICON_NAME\=AppIcon
    export ASSETCATALOG_COMPILER_GLOBAL_ACCENT_COLOR_NAME\=AccentColor
    export AUTOMATICALLY_MERGE_DEPENDENCIES\=NO
    export AUTOMATION_APPLE_EVENTS\=NO
    export AVAILABLE_PLATFORMS\=android\ appletvos\ appletvsimulator\ driverkit\ freebsd\ iphoneos\ iphonesimulator\ linux\ macosx\ none\ openbsd\ qnx\ watchos\ watchsimulator\ webassembly\ xros\ xrsimulator
    export BUILD_ACTIVE_RESOURCES_ONLY\=NO
    export BUILD_COMPONENTS\=headers\ build
    export BUILD_DIR\=/Users/shashishekhar/Library/Developer/Xcode/DerivedData/RestaurantsNearMeIOS-cxlnvzrpmdwxdmausljrqbwijesy/Build/Products
    export BUILD_LIBRARY_FOR_DISTRIBUTION\=NO
    export BUILD_ONLY_KNOWN_LOCALIZATIONS\=NO
    export BUILD_ROOT\=/Users/shashishekhar/Library/Developer/Xcode/DerivedData/RestaurantsNearMeIOS-cxlnvzrpmdwxdmausljrqbwijesy/Build/Products
    export BUILD_STYLE\=
    export BUILD_VARIANTS\=normal
    export BUILT_PRODUCTS_DIR\=/Users/shashishekhar/Library/Developer/Xcode/DerivedData/RestaurantsNearMeIOS-cxlnvzrpmdwxdmausljrqbwijesy/Build/Products/Debug-iphonesimulator/React-Core-prebuilt
    export BUNDLE_CONTENTS_FOLDER_PATH_deep\=Contents/
    export BUNDLE_EXECUTABLE_FOLDER_NAME_deep\=MacOS
    export BUNDLE_EXTENSIONS_FOLDER_PATH\=Extensions
    export BUNDLE_FORMAT\=shallow
    export BUNDLE_FRAMEWORKS_FOLDER_PATH\=Frameworks
    export BUNDLE_PLUGINS_FOLDER_PATH\=PlugIns
    export BUNDLE_PRIVATE_HEADERS_FOLDER_PATH\=PrivateHeaders
    export BUNDLE_PUBLIC_HEADERS_FOLDER_PATH\=Headers
    export CACHE_ROOT\=/var/folders/n6/7nd1dnm93kng8k7b6j0bk0sc0000gn/C/com.apple.DeveloperTools/26.6-17F113/Xcode
    export CCHROOT\=/var/folders/n6/7nd1dnm93kng8k7b6j0bk0sc0000gn/C/com.apple.DeveloperTools/26.6-17F113/Xcode
    export CHMOD\=/bin/chmod
    export CHOWN\=chown
    export CLANG_ALLOW_NON_MODULAR_INCLUDES_IN_FRAMEWORK_MODULES\=YES
    export CLANG_ANALYZER_LOCALIZABILITY_NONLOCALIZED\=YES
    export CLANG_ANALYZER_NONNULL\=YES
    export CLANG_ANALYZER_NUMBER_OBJECT_CONVERSION\=YES_AGGRESSIVE
    export CLANG_CACHE_FINE_GRAINED_OUTPUTS\=YES
    export CLANG_CXX_LANGUAGE_STANDARD\=c++20
    export CLANG_CXX_LIBRARY\=libc++
    export CLANG_ENABLE_EXPLICIT_MODULES\=YES
    export CLANG_ENABLE_MODULES\=YES
    export CLANG_ENABLE_OBJC_ARC\=YES
    export CLANG_ENABLE_OBJC_WEAK\=NO
    export CLANG_MODULES_BUILD_SESSION_FILE\=/Users/shashishekhar/Library/Developer/Xcode/DerivedData/ModuleCache.noindex/Session.modulevalidation
    export CLANG_WARN_BLOCK_CAPTURE_AUTORELEASING\=YES
    export CLANG_WARN_BOOL_CONVERSION\=YES
    export CLANG_WARN_COMMA\=YES
    export CLANG_WARN_CONSTANT_CONVERSION\=YES
    export CLANG_WARN_DEPRECATED_OBJC_IMPLEMENTATIONS\=YES
    export CLANG_WARN_DIRECT_OBJC_ISA_USAGE\=YES_ERROR
    export CLANG_WARN_DOCUMENTATION_COMMENTS\=YES
    export CLANG_WARN_EMPTY_BODY\=YES
    export CLANG_WARN_ENUM_CONVERSION\=YES
    export CLANG_WARN_INFINITE_RECURSION\=YES
    export CLANG_WARN_INT_CONVERSION\=YES
    export CLANG_WARN_NON_LITERAL_NULL_CONVERSION\=YES
    export CLANG_WARN_OBJC_IMPLICIT_RETAIN_SELF\=YES
    export CLANG_WARN_OBJC_LITERAL_CONVERSION\=YES
    export CLANG_WARN_OBJC_ROOT_CLASS\=YES_ERROR
    export CLANG_WARN_QUOTED_INCLUDE_IN_FRAMEWORK_HEADER\=NO
    export CLANG_WARN_RANGE_LOOP_ANALYSIS\=YES
    export CLANG_WARN_STRICT_PROTOTYPES\=YES
    export CLANG_WARN_SUSPICIOUS_MOVE\=YES
    export CLANG_WARN_UNGUARDED_AVAILABILITY\=YES_AGGRESSIVE
    export CLANG_WARN_UNREACHABLE_CODE\=YES
    export CLANG_WARN__DUPLICATE_METHOD_MATCH\=YES
    export CLASS_FILE_DIR\=/Users/shashishekhar/Library/Developer/Xcode/DerivedData/RestaurantsNearMeIOS-cxlnvzrpmdwxdmausljrqbwijesy/Build/Intermediates.noindex/Pods.build/Debug-iphonesimulator/React-Core-prebuilt.build/JavaClasses
    export CLEAN_PRECOMPS\=YES
    export CLONE_HEADERS\=NO
    export CODESIGNING_FOLDER_PATH\=/Users/shashishekhar/Library/Developer/Xcode/DerivedData/RestaurantsNearMeIOS-cxlnvzrpmdwxdmausljrqbwijesy/Build/Products/Debug-iphonesimulator/React-Core-prebuilt/
    export CODE_SIGNING_ALLOWED\=NO
    export CODE_SIGNING_REQUIRED\=YES
    export CODE_SIGN_CONTEXT_CLASS\=XCiPhoneSimulatorCodeSignContext
    export CODE_SIGN_IDENTITY\=-
    export CODE_SIGN_INJECT_BASE_ENTITLEMENTS\=YES
    export COLOR_DIAGNOSTICS\=NO
    export COMBINE_HIDPI_IMAGES\=NO
    export COMPILATION_CACHE_CAS_PATH\=/Users/shashishekhar/Library/Developer/Xcode/DerivedData/CompilationCache.noindex
    export COMPILATION_CACHE_KEEP_CAS_DIRECTORY\=YES
    export COMPILER_INDEX_STORE_ENABLE\=Default
    export COMPOSITE_SDK_DIRS\=/Users/shashishekhar/Library/Developer/Xcode/DerivedData/RestaurantsNearMeIOS-cxlnvzrpmdwxdmausljrqbwijesy/Build/Intermediates.noindex/CompositeSDKs
    export COMPRESS_PNG_FILES\=YES
    export CONFIGURATION\=Debug
    export CONFIGURATION_BUILD_DIR\=/Users/shashishekhar/Library/Developer/Xcode/DerivedData/RestaurantsNearMeIOS-cxlnvzrpmdwxdmausljrqbwijesy/Build/Products/Debug-iphonesimulator/React-Core-prebuilt
    export CONFIGURATION_TEMP_DIR\=/Users/shashishekhar/Library/Developer/Xcode/DerivedData/RestaurantsNearMeIOS-cxlnvzrpmdwxdmausljrqbwijesy/Build/Intermediates.noindex/Pods.build/Debug-iphonesimulator
    export COPYING_PRESERVES_HFS_DATA\=NO
    export COPY_HEADERS_RUN_UNIFDEF\=NO
    export COPY_PHASE_STRIP\=NO
    export CORRESPONDING_DEVICE_PLATFORM_DIR\=/Applications/Xcode.app/Contents/Developer/Platforms/iPhoneOS.platform
    export CORRESPONDING_DEVICE_PLATFORM_NAME\=iphoneos
    export CORRESPONDING_DEVICE_SDK_DIR\=/Applications/Xcode.app/Contents/Developer/Platforms/iPhoneOS.platform/Developer/SDKs/iPhoneOS26.5.sdk
    export CORRESPONDING_DEVICE_SDK_NAME\=iphoneos26.5
    export CP\=/bin/cp
    export CREATE_INFOPLIST_SECTION_IN_BINARY\=NO
    export CURRENT_ARCH\=undefined_arch
    export CURRENT_VARIANT\=normal
    export DEAD_CODE_STRIPPING\=YES
    export DEBUGGING_SYMBOLS\=YES
    export DEBUG_INFORMATION_FORMAT\=dwarf
    export DEBUG_INFORMATION_VERSION\=compiler-default
    export DEFAULT_COMPILER\=com.apple.compilers.llvm.clang.1_0
    export DEFAULT_DEXT_INSTALL_PATH\=/System/Library/DriverExtensions
    export DEFAULT_KEXT_INSTALL_PATH\=/System/Library/Extensions
    export DEFINES_MODULE\=NO
    export DEPLOYMENT_LOCATION\=NO
    export DEPLOYMENT_POSTPROCESSING\=NO
    export DEPLOYMENT_TARGET_SETTING_NAME\=IPHONEOS_DEPLOYMENT_TARGET
    export DEPLOYMENT_TARGET_SUGGESTED_VALUES\=12.0\ 12.1\ 12.2\ 12.3\ 12.4\ 13.0\ 13.1\ 13.2\ 13.3\ 13.4\ 13.5\ 13.6\ 14.0\ 14.1\ 14.2\ 14.3\ 14.4\ 14.5\ 14.6\ 14.7\ 15.0\ 15.1\ 15.2\ 15.3\ 15.4\ 15.5\ 15.6\ 16.0\ 16.1\ 16.2\ 16.3\ 16.4\ 16.5\ 16.6\ 17.0\ 17.1\ 17.2\ 17.3\ 17.4\ 17.5\ 17.6\ 18.0\ 18.1\ 18.2\ 18.3\ 18.4\ 18.5\ 18.6\ 26.0\ 26.2\ 26.3\ 26.4\ 26.5
    export DERIVED_FILES_DIR\=/Users/shashishekhar/Library/Developer/Xcode/DerivedData/RestaurantsNearMeIOS-cxlnvzrpmdwxdmausljrqbwijesy/Build/Intermediates.noindex/Pods.build/Debug-iphonesimulator/React-Core-prebuilt.build/DerivedSources
    export DERIVED_FILE_DIR\=/Users/shashishekhar/Library/Developer/Xcode/DerivedData/RestaurantsNearMeIOS-cxlnvzrpmdwxdmausljrqbwijesy/Build/Intermediates.noindex/Pods.build/Debug-iphonesimulator/React-Core-prebuilt.build/DerivedSources
    export DERIVED_SOURCES_DIR\=/Users/shashishekhar/Library/Developer/Xcode/DerivedData/RestaurantsNearMeIOS-cxlnvzrpmdwxdmausljrqbwijesy/Build/Intermediates.noindex/Pods.build/Debug-iphonesimulator/React-Core-prebuilt.build/DerivedSources
    export DEVELOPER_APPLICATIONS_DIR\=/Applications/Xcode.app/Contents/Developer/Applications
    export DEVELOPER_BIN_DIR\=/Applications/Xcode.app/Contents/Developer/usr/bin
    export DEVELOPER_DIR\=/Applications/Xcode.app/Contents/Developer
    export DEVELOPER_FRAMEWORKS_DIR\=/Applications/Xcode.app/Contents/Developer/Library/Frameworks
    export DEVELOPER_FRAMEWORKS_DIR_QUOTED\=/Applications/Xcode.app/Contents/Developer/Library/Frameworks
    export DEVELOPER_LIBRARY_DIR\=/Applications/Xcode.app/Contents/Developer/Library
    export DEVELOPER_SDK_DIR\=/Applications/Xcode.app/Contents/Developer/Platforms/MacOSX.platform/Developer/SDKs
    export DEVELOPER_TOOLS_DIR\=/Applications/Xcode.app/Contents/Developer/Tools
    export DEVELOPER_USR_DIR\=/Applications/Xcode.app/Contents/Developer/usr
    export DEVELOPMENT_LANGUAGE\=en
    export DIAGNOSE_MISSING_TARGET_DEPENDENCIES\=YES
    export DIFF\=/usr/bin/diff
    export DONT_GENERATE_INFOPLIST_FILE\=NO
    export DSTROOT\=/tmp/Pods.dst
    export DT_TOOLCHAIN_DIR\=/Applications/Xcode.app/Contents/Developer/Toolchains/XcodeDefault.xctoolchain
    export DUMP_DEPENDENCIES\=NO
    export DUMP_DEPENDENCIES_OUTPUT_PATH\=/Users/shashishekhar/Library/Developer/Xcode/DerivedData/RestaurantsNearMeIOS-cxlnvzrpmdwxdmausljrqbwijesy/Build/Intermediates.noindex/Pods.build/Debug-iphonesimulator/React-Core-prebuilt.build/React-Core-prebuilt-BuildDependencyInfo.json
    export DWARF_DSYM_FILE_NAME\=.dSYM
    export DWARF_DSYM_FILE_SHOULD_ACCOMPANY_PRODUCT\=NO
    export DWARF_DSYM_FOLDER_PATH\=/Users/shashishekhar/Library/Developer/Xcode/DerivedData/RestaurantsNearMeIOS-cxlnvzrpmdwxdmausljrqbwijesy/Build/Products/Debug-iphonesimulator/React-Core-prebuilt
    export DYNAMIC_LIBRARY_EXTENSION\=dylib
    export EAGER_COMPILATION_ALLOW_SCRIPTS\=NO
    export EAGER_LINKING\=NO
    export EFFECTIVE_PLATFORM_NAME\=-iphonesimulator
    export EFFECTIVE_SWIFT_VERSION\=5
    export EMBEDDED_CONTENT_CONTAINS_SWIFT\=NO
    export EMBED_ASSET_PACKS_IN_PRODUCT_BUNDLE\=NO
    export ENABLE_APP_SANDBOX\=NO
    export ENABLE_CODE_COVERAGE\=YES
    export ENABLE_COHORT_ARCHS\=NO
    export ENABLE_CPLUSPLUS_BOUNDS_SAFE_BUFFERS\=NO
    export ENABLE_C_BOUNDS_SAFETY\=NO
    export ENABLE_DEFAULT_HEADER_SEARCH_PATHS\=YES
    export ENABLE_DEFAULT_SEARCH_PATHS\=YES
    export ENABLE_ENHANCED_SECURITY\=NO
    export ENABLE_HARDENED_RUNTIME\=NO
    export ENABLE_HEADER_DEPENDENCIES\=YES
    export ENABLE_INCOMING_NETWORK_CONNECTIONS\=NO
    export ENABLE_ON_DEMAND_RESOURCES\=NO
    export ENABLE_OUTGOING_NETWORK_CONNECTIONS\=NO
    export ENABLE_POINTER_AUTHENTICATION\=NO
    export ENABLE_PREVIEWS\=NO
    export ENABLE_RESOURCE_ACCESS_AUDIO_INPUT\=NO
    export ENABLE_RESOURCE_ACCESS_BLUETOOTH\=NO
    export ENABLE_RESOURCE_ACCESS_CALENDARS\=NO
    export ENABLE_RESOURCE_ACCESS_CAMERA\=NO
    export ENABLE_RESOURCE_ACCESS_CONTACTS\=NO
    export ENABLE_RESOURCE_ACCESS_LOCATION\=NO
    export ENABLE_RESOURCE_ACCESS_PHOTO_LIBRARY\=NO
    export ENABLE_RESOURCE_ACCESS_PRINTING\=NO
    export ENABLE_RESOURCE_ACCESS_USB\=NO
    export ENABLE_SDK_IMPORTS\=NO
    export ENABLE_SECURITY_COMPILER_WARNINGS\=NO
    export ENABLE_STRICT_OBJC_MSGSEND\=YES
    export ENABLE_TESTABILITY\=YES
    export ENABLE_TESTING_SEARCH_PATHS\=NO
    export ENABLE_USER_SCRIPT_SANDBOXING\=NO
    export ENABLE_XOJIT_PREVIEWS\=YES
    export ENFORCE_VALID_ARCHS\=YES
    export ENTITLEMENTS_DESTINATION\=__entitlements
    export ENTITLEMENTS_REQUIRED\=YES
    export EXCLUDED_INSTALLSRC_SUBDIRECTORY_PATTERNS\=.DS_Store\ .svn\ .git\ .hg\ CVS
    export EXCLUDED_RECURSIVE_SEARCH_PATH_SUBDIRECTORIES\=\*.nib\ \*.lproj\ \*.framework\ \*.gch\ \*.xcode\*\ \*.xcassets\ \*.icon\ \(\*\)\ .DS_Store\ CVS\ .svn\ .git\ .hg\ \*.pbproj\ \*.pbxproj
    export FILE_LIST\=/Users/shashishekhar/Library/Developer/Xcode/DerivedData/RestaurantsNearMeIOS-cxlnvzrpmdwxdmausljrqbwijesy/Build/Intermediates.noindex/Pods.build/Debug-iphonesimulator/React-Core-prebuilt.build/Objects/LinkFileList
    export FIXED_FILES_DIR\=/Users/shashishekhar/Library/Developer/Xcode/DerivedData/RestaurantsNearMeIOS-cxlnvzrpmdwxdmausljrqbwijesy/Build/Intermediates.noindex/Pods.build/Debug-iphonesimulator/React-Core-prebuilt.build/FixedFiles
    export FRAMEWORK_SEARCH_PATHS\=\ \"/Users/shashishekhar/Desktop/RestaurantsNearMeIOS/ios/Pods/React-Core-prebuilt\"\ \"/Users/shashishekhar/Desktop/RestaurantsNearMeIOS/ios/Pods/ReactNativeDependencies/framework/packages/react-native\"\ \"/Users/shashishekhar/Library/Developer/Xcode/DerivedData/RestaurantsNearMeIOS-cxlnvzrpmdwxdmausljrqbwijesy/Build/Products/Debug-iphonesimulator/XCFrameworkIntermediates/React-Core-prebuilt\"\ \"/Users/shashishekhar/Library/Developer/Xcode/DerivedData/RestaurantsNearMeIOS-cxlnvzrpmdwxdmausljrqbwijesy/Build/Products/Debug-iphonesimulator/XCFrameworkIntermediates/ReactNativeDependencies\"
    export FRAMEWORK_VERSION\=A
    export FUSE_BUILD_PHASES\=YES
    export FUSE_BUILD_SCRIPT_PHASES\=NO
    export GCC3_VERSION\=3.3
    export GCC_C_LANGUAGE_STANDARD\=gnu11
    export GCC_DYNAMIC_NO_PIC\=NO
    export GCC_NO_COMMON_BLOCKS\=YES
    export GCC_OBJC_LEGACY_DISPATCH\=YES
    export GCC_OPTIMIZATION_LEVEL\=0
    export GCC_PFE_FILE_C_DIALECTS\=c\ objective-c\ c++\ objective-c++
    export GCC_PREPROCESSOR_DEFINITIONS\=POD_CONFIGURATION_DEBUG\=1\ DEBUG\=1\ \ COCOAPODS\=1
    export GCC_TREAT_WARNINGS_AS_ERRORS\=NO
    export GCC_VERSION\=com.apple.compilers.llvm.clang.1_0
    export GCC_VERSION_IDENTIFIER\=com_apple_compilers_llvm_clang_1_0
    export GCC_WARN_64_TO_32_BIT_CONVERSION\=YES
    export GCC_WARN_ABOUT_RETURN_TYPE\=YES_ERROR
    export GCC_WARN_UNDECLARED_SELECTOR\=YES
    export GCC_WARN_UNINITIALIZED_AUTOS\=YES_AGGRESSIVE
    export GCC_WARN_UNUSED_FUNCTION\=YES
    export GCC_WARN_UNUSED_VARIABLE\=YES
    export GENERATED_MODULEMAP_DIR\=/Users/shashishekhar/Library/Developer/Xcode/DerivedData/RestaurantsNearMeIOS-cxlnvzrpmdwxdmausljrqbwijesy/Build/Intermediates.noindex/GeneratedModuleMaps-iphonesimulator
    export GENERATE_INFOPLIST_FILE\=NO
    export GENERATE_INTERMEDIATE_TEXT_BASED_STUBS\=YES
    export GENERATE_PKGINFO_FILE\=NO
    export GENERATE_PRELINK_OBJECT_FILE\=NO
    export GENERATE_PROFILING_CODE\=NO
    export GENERATE_TEXT_BASED_STUBS\=NO
    export GID\=20
    export GROUP\=staff
    export HEADERMAP_INCLUDES_FLAT_ENTRIES_FOR_TARGET_BEING_BUILT\=YES
    export HEADERMAP_INCLUDES_FRAMEWORK_ENTRIES_FOR_ALL_PRODUCT_TYPES\=YES
    export HEADERMAP_INCLUDES_FRAMEWORK_ENTRIES_FOR_TARGETS_NOT_BEING_BUILT\=YES
    export HEADERMAP_INCLUDES_NONPUBLIC_NONPRIVATE_HEADERS\=YES
    export HEADERMAP_INCLUDES_PROJECT_HEADERS\=YES
    export HEADERMAP_USES_FRAMEWORK_PREFIX_ENTRIES\=YES
    export HEADERMAP_USES_VFS\=NO
    export HEADER_SEARCH_PATHS\=\ \"/Users/shashishekhar/Desktop/RestaurantsNearMeIOS/ios/Pods/Headers/Private\"\ \"/Users/shashishekhar/Desktop/RestaurantsNearMeIOS/ios/Pods/Headers/Private/React-Core-prebuilt\"\ \"/Users/shashishekhar/Desktop/RestaurantsNearMeIOS/ios/Pods/Headers/Public\"\ \"/Users/shashishekhar/Desktop/RestaurantsNearMeIOS/ios/Pods/Headers/Public/React-Core-prebuilt\"\ \"/Users/shashishekhar/Desktop/RestaurantsNearMeIOS/ios/Pods/Headers/Public/ReactNativeDependencies\"\ /Users/shashishekhar/Desktop/RestaurantsNearMeIOS/ios/Pods/ReactNativeDependencies
    export HOME\=/Users/shashishekhar
    export HOST_ARCH\=arm64
    export HOST_PLATFORM\=macosx
    export ICONV\=/usr/bin/iconv
    export IMPLICIT_DEPENDENCY_DOMAIN\=default
    export INDEX_STORE_COMPRESS\=NO
    export INDEX_STORE_ONLY_PROJECT_FILES\=NO
    export INFOPLIST_ENABLE_CFBUNDLEICONS_MERGE\=YES
    export INFOPLIST_EXPAND_BUILD_SETTINGS\=YES
    export INFOPLIST_OUTPUT_FORMAT\=binary
    export INFOPLIST_PREPROCESS\=NO
    export INLINE_PRIVATE_FRAMEWORKS\=NO
    export INSTALLAPI_IGNORE_SKIP_INSTALL\=YES
    export INSTALLHDRS_COPY_PHASE\=NO
    export INSTALLHDRS_SCRIPT_PHASE\=NO
    export INSTALL_DIR\=/tmp/Pods.dst
    export INSTALL_GROUP\=staff
    export INSTALL_MODE_FLAG\=u+w,go-w,a+rX
    export INSTALL_OWNER\=shashishekhar
    export INSTALL_ROOT\=/tmp/Pods.dst
    export IPHONEOS_DEPLOYMENT_TARGET\=15.1
    export IS_UNOPTIMIZED_BUILD\=YES
    export JAVAC_DEFAULT_FLAGS\=-J-Xms64m\ -J-XX:NewSize\=4M\ -J-Dfile.encoding\=UTF8
    export JAVA_APP_STUB\=/System/Library/Frameworks/JavaVM.framework/Resources/MacOS/JavaApplicationStub
    export JAVA_ARCHIVE_CLASSES\=YES
    export JAVA_ARCHIVE_TYPE\=JAR
    export JAVA_COMPILER\=/usr/bin/javac
    export JAVA_FRAMEWORK_RESOURCES_DIRS\=Resources
    export JAVA_JAR_FLAGS\=cv
    export JAVA_SOURCE_SUBDIR\=.
    export JAVA_USE_DEPENDENCIES\=YES
    export JAVA_ZIP_FLAGS\=-urg
    export JIKES_DEFAULT_FLAGS\=+E\ +OLDCSO
    export KEEP_PRIVATE_EXTERNS\=NO
    export LD_DEPENDENCY_INFO_FILE\=/Users/shashishekhar/Library/Developer/Xcode/DerivedData/RestaurantsNearMeIOS-cxlnvzrpmdwxdmausljrqbwijesy/Build/Intermediates.noindex/Pods.build/Debug-iphonesimulator/React-Core-prebuilt.build/Objects-normal/undefined_arch/React-Core-prebuilt_dependency_info.dat
    export LD_EXPORT_SYMBOLS\=YES
    export LD_GENERATE_MAP_FILE\=NO
    export LD_MAP_FILE_PATH\=/Users/shashishekhar/Library/Developer/Xcode/DerivedData/RestaurantsNearMeIOS-cxlnvzrpmdwxdmausljrqbwijesy/Build/Intermediates.noindex/Pods.build/Debug-iphonesimulator/React-Core-prebuilt.build/React-Core-prebuilt-LinkMap-normal-undefined_arch.txt
    export LD_NO_PIE\=NO
    export LD_QUOTE_LINKER_ARGUMENTS_FOR_COMPILER_DRIVER\=YES
    export LD_RUNPATH_SEARCH_PATHS\=\ @executable_path/Frameworks
    export LD_SHARED_CACHE_ELIGIBLE\=Automatic
    export LD_WARN_DUPLICATE_LIBRARIES\=NO
    export LD_WARN_UNUSED_DYLIBS\=NO
    export LEGACY_DEVELOPER_DIR\=/Applications/Xcode.app/Contents/PlugIns/Xcode3Core.ideplugin/Contents/SharedSupport/Developer
    export LEX\=lex
    export LIBRARY_DEXT_INSTALL_PATH\=/Library/DriverExtensions
    export LIBRARY_FLAG_NOSPACE\=YES
    export LIBRARY_KEXT_INSTALL_PATH\=/Library/Extensions
    export LINKER_DISPLAYS_MANGLED_NAMES\=NO
    export LINK_FILE_LIST_normal_arm64\=/Users/shashishekhar/Library/Developer/Xcode/DerivedData/RestaurantsNearMeIOS-cxlnvzrpmdwxdmausljrqbwijesy/Build/Intermediates.noindex/Pods.build/Debug-iphonesimulator/React-Core-prebuilt.build/Objects-normal/arm64/React-Core-prebuilt.LinkFileList
    export LINK_FILE_LIST_normal_x86_64\=/Users/shashishekhar/Library/Developer/Xcode/DerivedData/RestaurantsNearMeIOS-cxlnvzrpmdwxdmausljrqbwijesy/Build/Intermediates.noindex/Pods.build/Debug-iphonesimulator/React-Core-prebuilt.build/Objects-normal/x86_64/React-Core-prebuilt.LinkFileList
    export LINK_OBJC_RUNTIME\=YES
    export LINK_WITH_STANDARD_LIBRARIES\=YES
    export LLVM_TARGET_TRIPLE_OS_VERSION\=ios15.1
    export LLVM_TARGET_TRIPLE_SUFFIX\=-simulator
    export LLVM_TARGET_TRIPLE_VENDOR\=apple
    export LM_AUX_CONST_METADATA_LIST_PATH_normal_arm64\=/Users/shashishekhar/Library/Developer/Xcode/DerivedData/RestaurantsNearMeIOS-cxlnvzrpmdwxdmausljrqbwijesy/Build/Intermediates.noindex/Pods.build/Debug-iphonesimulator/React-Core-prebuilt.build/Objects-normal/arm64/React-Core-prebuilt.SwiftConstValuesFileList
    export LM_AUX_CONST_METADATA_LIST_PATH_normal_x86_64\=/Users/shashishekhar/Library/Developer/Xcode/DerivedData/RestaurantsNearMeIOS-cxlnvzrpmdwxdmausljrqbwijesy/Build/Intermediates.noindex/Pods.build/Debug-iphonesimulator/React-Core-prebuilt.build/Objects-normal/x86_64/React-Core-prebuilt.SwiftConstValuesFileList
    export LOCALIZATION_EXPORT_SUPPORTED\=YES
    export LOCALIZATION_PREFERS_STRING_CATALOGS\=NO
    export LOCALIZED_STRING_CODE_COMMENTS\=NO
    export LOCALIZED_STRING_MACRO_NAMES\=NSLocalizedString\ CFCopyLocalizedString
    export LOCALIZED_STRING_SWIFTUI_SUPPORT\=YES
    export LOCAL_ADMIN_APPS_DIR\=/Applications/Utilities
    export LOCAL_APPS_DIR\=/Applications
    export LOCAL_DEVELOPER_DIR\=/Library/Developer
    export LOCAL_LIBRARY_DIR\=/Library
    export LOCROOT\=/Users/shashishekhar/Desktop/RestaurantsNearMeIOS/ios/Pods
    export LOCSYMROOT\=/Users/shashishekhar/Desktop/RestaurantsNearMeIOS/ios/Pods
    export MAC_OS_X_PRODUCT_BUILD_VERSION\=25E246
    export MAC_OS_X_VERSION_ACTUAL\=260400
    export MAC_OS_X_VERSION_MAJOR\=260000
    export MAC_OS_X_VERSION_MINOR\=260400
    export MAKE_MERGEABLE\=NO
    export MERGEABLE_LIBRARY\=NO
    export MERGED_BINARY_TYPE\=none
    export MERGE_LINKED_LIBRARIES\=NO
    export METAL_LIBRARY_FILE_BASE\=default
    export METAL_LIBRARY_OUTPUT_DIR\=/Users/shashishekhar/Library/Developer/Xcode/DerivedData/RestaurantsNearMeIOS-cxlnvzrpmdwxdmausljrqbwijesy/Build/Products/Debug-iphonesimulator/React-Core-prebuilt/
    export MODULE_CACHE_DIR\=/Users/shashishekhar/Library/Developer/Xcode/DerivedData/ModuleCache.noindex
    export MTL_ENABLE_DEBUG_INFO\=INCLUDE_SOURCE
    export MTL_FAST_MATH\=YES
    export NATIVE_ARCH\=arm64
    export NATIVE_ARCH_32_BIT\=arm
    export NATIVE_ARCH_64_BIT\=arm64
    export NATIVE_ARCH_ACTUAL\=arm64
    export NO_COMMON\=YES
    export OBJC_ABI_VERSION\=2
    export OBJECT_FILE_DIR\=/Users/shashishekhar/Library/Developer/Xcode/DerivedData/RestaurantsNearMeIOS-cxlnvzrpmdwxdmausljrqbwijesy/Build/Intermediates.noindex/Pods.build/Debug-iphonesimulator/React-Core-prebuilt.build/Objects
    export OBJECT_FILE_DIR_normal\=/Users/shashishekhar/Library/Developer/Xcode/DerivedData/RestaurantsNearMeIOS-cxlnvzrpmdwxdmausljrqbwijesy/Build/Intermediates.noindex/Pods.build/Debug-iphonesimulator/React-Core-prebuilt.build/Objects-normal
    export OBJROOT\=/Users/shashishekhar/Library/Developer/Xcode/DerivedData/RestaurantsNearMeIOS-cxlnvzrpmdwxdmausljrqbwijesy/Build/Intermediates.noindex
    export ONLY_ACTIVE_ARCH\=NO
    export OS\=MACOS
    export OSAC\=/usr/bin/osacompile
    export OTHER_CFLAGS\=\ -DRCT_REMOVE_LEGACY_ARCH\=1\ -ivfsoverlay\ \"/Users/shashishekhar/Desktop/RestaurantsNearMeIOS/ios/Pods/React-Core-prebuilt/React-VFS.yaml\"
    export OTHER_CPLUSPLUSFLAGS\=\ -DRCT_REMOVE_LEGACY_ARCH\=1\ -ivfsoverlay\ \"/Users/shashishekhar/Desktop/RestaurantsNearMeIOS/ios/Pods/React-Core-prebuilt/React-VFS.yaml\"\ -DRCT_REMOVE_LEGACY_ARCH\=1\ -ivfsoverlay\ \"/Users/shashishekhar/Desktop/RestaurantsNearMeIOS/ios/Pods/React-Core-prebuilt/React-VFS.yaml\"\ -DRCT_NEW_ARCH_ENABLED\=1\ \ 
    export OTHER_SWIFT_FLAGS\=\ -Xcc\ -ivfsoverlay\ -Xcc\ \"/Users/shashishekhar/Desktop/RestaurantsNearMeIOS/ios/Pods/React-Core-prebuilt/React-VFS.yaml\"\ -Xcc\ -Wno-incomplete-umbrella
    export PASCAL_STRINGS\=YES
    export PATH\=/Applications/Xcode.app/Contents/SharedFrameworks/SwiftBuild.framework/Versions/A/PlugIns/SWBBuildService.bundle/Contents/PlugIns/SWBUniversalPlatformPlugin.bundle/Contents/Frameworks/SWBUniversalPlatform.framework/Resources:/Applications/Xcode.app/Contents/Developer/Toolchains/XcodeDefault.xctoolchain/usr/bin:/Applications/Xcode.app/Contents/Developer/Toolchains/XcodeDefault.xctoolchain/usr/local/bin:/Applications/Xcode.app/Contents/Developer/Toolchains/XcodeDefault.xctoolchain/usr/libexec:/Applications/Xcode.app/Contents/Developer/Platforms/iPhoneSimulator.platform/usr/bin:/Applications/Xcode.app/Contents/Developer/Platforms/iPhoneSimulator.platform/usr/local/bin:/Applications/Xcode.app/Contents/Developer/Platforms/iPhoneSimulator.platform/Developer/usr/bin:/Applications/Xcode.app/Contents/Developer/Platforms/iPhoneSimulator.platform/Developer/usr/local/bin:/Applications/Xcode.app/Contents/Developer/usr/bin:/Applications/Xcode.app/Contents/Developer/usr/local/bin:/Users/shashishekhar/Library/Application\ Support/Code/User/globalStorage/github.copilot-chat/debugCommand:/Users/shashishekhar/Library/Application\ Support/Code/User/globalStorage/github.copilot-chat/copilotCli:/usr/local/bin:/System/Cryptexes/App/usr/bin:/usr/bin:/bin:/usr/sbin:/sbin:/var/run/com.apple.security.cryptexd/codex.system/bootstrap/usr/local/bin:/var/run/com.apple.security.cryptexd/codex.system/bootstrap/usr/bin:/var/run/com.apple.security.cryptexd/codex.system/bootstrap/usr/appleinternal/bin:/opt/pkg/env/active/bin:/opt/pmk/env/global/bin:/Library/Apple/usr/bin:/opt/homebrew/bin
    export PATH_PREFIXES_EXCLUDED_FROM_HEADER_DEPENDENCIES\=/usr/include\ /usr/local/include\ /System/Library/Frameworks\ /System/Library/PrivateFrameworks\ /Applications/Xcode.app/Contents/Developer/Headers\ /Applications/Xcode.app/Contents/Developer/SDKs\ /Applications/Xcode.app/Contents/Developer/Platforms
    export PER_ARCH_MODULE_FILE_DIR\=/Users/shashishekhar/Library/Developer/Xcode/DerivedData/RestaurantsNearMeIOS-cxlnvzrpmdwxdmausljrqbwijesy/Build/Intermediates.noindex/Pods.build/Debug-iphonesimulator/React-Core-prebuilt.build/Objects-normal/undefined_arch
    export PER_ARCH_OBJECT_FILE_DIR\=/Users/shashishekhar/Library/Developer/Xcode/DerivedData/RestaurantsNearMeIOS-cxlnvzrpmdwxdmausljrqbwijesy/Build/Intermediates.noindex/Pods.build/Debug-iphonesimulator/React-Core-prebuilt.build/Objects-normal/undefined_arch
    export PER_VARIANT_OBJECT_FILE_DIR\=/Users/shashishekhar/Library/Developer/Xcode/DerivedData/RestaurantsNearMeIOS-cxlnvzrpmdwxdmausljrqbwijesy/Build/Intermediates.noindex/Pods.build/Debug-iphonesimulator/React-Core-prebuilt.build/Objects-normal
    export PKGINFO_FILE_PATH\=/Users/shashishekhar/Library/Developer/Xcode/DerivedData/RestaurantsNearMeIOS-cxlnvzrpmdwxdmausljrqbwijesy/Build/Intermediates.noindex/Pods.build/Debug-iphonesimulator/React-Core-prebuilt.build/PkgInfo
    export PLATFORM_DEVELOPER_APPLICATIONS_DIR\=/Applications/Xcode.app/Contents/Developer/Platforms/iPhoneSimulator.platform/Developer/Applications
    export PLATFORM_DEVELOPER_BIN_DIR\=/Applications/Xcode.app/Contents/Developer/Platforms/iPhoneSimulator.platform/Developer/usr/bin
    export PLATFORM_DEVELOPER_LIBRARY_DIR\=/Applications/Xcode.app/Contents/Developer/Platforms/iPhoneSimulator.platform/Developer/Library
    export PLATFORM_DEVELOPER_SDK_DIR\=/Applications/Xcode.app/Contents/Developer/Platforms/iPhoneSimulator.platform/Developer/SDKs
    export PLATFORM_DEVELOPER_TOOLS_DIR\=/Applications/Xcode.app/Contents/Developer/Platforms/iPhoneSimulator.platform/Developer/Tools
    export PLATFORM_DEVELOPER_USR_DIR\=/Applications/Xcode.app/Contents/Developer/Platforms/iPhoneSimulator.platform/Developer/usr
    export PLATFORM_DIR\=/Applications/Xcode.app/Contents/Developer/Platforms/iPhoneSimulator.platform
    export PLATFORM_DISPLAY_NAME\=iOS\ Simulator
    export PLATFORM_FAMILY_NAME\=iOS
    export PLATFORM_NAME\=iphonesimulator
    export PLATFORM_PREFERRED_ARCH\=x86_64
    export PLATFORM_PRODUCT_BUILD_VERSION\=23F81a
    export PLATFORM_REQUIRES_SWIFT_AUTOLINK_EXTRACT\=NO
    export PLATFORM_REQUIRES_SWIFT_MODULEWRAP\=NO
    export PLATFORM_USES_DSYMS\=YES
    export PLIST_FILE_OUTPUT_FORMAT\=binary
    export PODFILE_DIR\=/Users/shashishekhar/Desktop/RestaurantsNearMeIOS/ios/Pods/..
    export PODS_BUILD_DIR\=/Users/shashishekhar/Library/Developer/Xcode/DerivedData/RestaurantsNearMeIOS-cxlnvzrpmdwxdmausljrqbwijesy/Build/Products
    export PODS_CONFIGURATION_BUILD_DIR\=/Users/shashishekhar/Library/Developer/Xcode/DerivedData/RestaurantsNearMeIOS-cxlnvzrpmdwxdmausljrqbwijesy/Build/Products/Debug-iphonesimulator
    export PODS_DEVELOPMENT_LANGUAGE\=en
    export PODS_ROOT\=/Users/shashishekhar/Desktop/RestaurantsNearMeIOS/ios/Pods
    export PODS_TARGET_SRCROOT\=/Users/shashishekhar/Desktop/RestaurantsNearMeIOS/ios/Pods/React-Core-prebuilt
    export PODS_XCFRAMEWORKS_BUILD_DIR\=/Users/shashishekhar/Library/Developer/Xcode/DerivedData/RestaurantsNearMeIOS-cxlnvzrpmdwxdmausljrqbwijesy/Build/Products/Debug-iphonesimulator/XCFrameworkIntermediates
    export PRECOMPS_INCLUDE_HEADERS_FROM_BUILT_PRODUCTS_DIR\=YES
    export PRECOMP_DESTINATION_DIR\=/Users/shashishekhar/Library/Developer/Xcode/DerivedData/RestaurantsNearMeIOS-cxlnvzrpmdwxdmausljrqbwijesy/Build/Intermediates.noindex/Pods.build/Debug-iphonesimulator/React-Core-prebuilt.build/PrefixHeaders
    export PROCESSED_INFOPLIST_PATH\=/Users/shashishekhar/Library/Developer/Xcode/DerivedData/RestaurantsNearMeIOS-cxlnvzrpmdwxdmausljrqbwijesy/Build/Intermediates.noindex/Pods.build/Debug-iphonesimulator/React-Core-prebuilt.build/Objects-normal/undefined_arch/Processed-Info.plist
    export PRODUCT_BUNDLE_IDENTIFIER\=org.cocoapods.React-Core-prebuilt
    export PRODUCT_MODULE_NAME\=React_Core_prebuilt
    export PRODUCT_NAME\=React-Core-prebuilt
    export PRODUCT_SETTINGS_PATH\=
    export PROFILING_CODE\=NO
    export PROJECT\=Pods
    export PROJECT_DERIVED_FILE_DIR\=/Users/shashishekhar/Library/Developer/Xcode/DerivedData/RestaurantsNearMeIOS-cxlnvzrpmdwxdmausljrqbwijesy/Build/Intermediates.noindex/Pods.build/DerivedSources
    export PROJECT_DIR\=/Users/shashishekhar/Desktop/RestaurantsNearMeIOS/ios/Pods
    export PROJECT_FILE_PATH\=/Users/shashishekhar/Desktop/RestaurantsNearMeIOS/ios/Pods/Pods.xcodeproj
    export PROJECT_GUID\=8699adb1dd336b26511df848a716bd42
    export PROJECT_NAME\=Pods
    export PROJECT_TEMP_DIR\=/Users/shashishekhar/Library/Developer/Xcode/DerivedData/RestaurantsNearMeIOS-cxlnvzrpmdwxdmausljrqbwijesy/Build/Intermediates.noindex/Pods.build
    export PROJECT_TEMP_ROOT\=/Users/shashishekhar/Library/Developer/Xcode/DerivedData/RestaurantsNearMeIOS-cxlnvzrpmdwxdmausljrqbwijesy/Build/Intermediates.noindex
    export REACT_NATIVE_PATH\=/Users/shashishekhar/Desktop/RestaurantsNearMeIOS/ios/Pods/../../node_modules/react-native
    export RECOMMENDED_IPHONEOS_DEPLOYMENT_TARGET\=15.0
    export RECURSIVE_SEARCH_PATHS_FOLLOW_SYMLINKS\=YES
    export REMOVE_CVS_FROM_RESOURCES\=YES
    export REMOVE_GIT_FROM_RESOURCES\=YES
    export REMOVE_HEADERS_FROM_EMBEDDED_BUNDLES\=YES
    export REMOVE_HG_FROM_RESOURCES\=YES
    export REMOVE_STATIC_EXECUTABLES_FROM_EMBEDDED_BUNDLES\=YES
    export REMOVE_SVN_FROM_RESOURCES\=YES
    export RESCHEDULE_INDEPENDENT_HEADERS_PHASES\=YES
    export REZ_COLLECTOR_DIR\=/Users/shashishekhar/Library/Developer/Xcode/DerivedData/RestaurantsNearMeIOS-cxlnvzrpmdwxdmausljrqbwijesy/Build/Intermediates.noindex/Pods.build/Debug-iphonesimulator/React-Core-prebuilt.build/ResourceManagerResources
    export REZ_OBJECTS_DIR\=/Users/shashishekhar/Library/Developer/Xcode/DerivedData/RestaurantsNearMeIOS-cxlnvzrpmdwxdmausljrqbwijesy/Build/Intermediates.noindex/Pods.build/Debug-iphonesimulator/React-Core-prebuilt.build/ResourceManagerResources/Objects
    export RPATH_ORIGIN\=@loader_path
    export RUNTIME_EXCEPTION_ALLOW_DYLD_ENVIRONMENT_VARIABLES\=NO
    export RUNTIME_EXCEPTION_ALLOW_JIT\=NO
    export RUNTIME_EXCEPTION_ALLOW_UNSIGNED_EXECUTABLE_MEMORY\=NO
    export RUNTIME_EXCEPTION_DEBUGGING_TOOL\=NO
    export RUNTIME_EXCEPTION_DISABLE_EXECUTABLE_PAGE_PROTECTION\=NO
    export RUNTIME_EXCEPTION_DISABLE_LIBRARY_VALIDATION\=NO
    export SCANNING_PCM_KEEP_CACHE_DIRECTORY\=YES
    export SCAN_ALL_SOURCE_FILES_FOR_INCLUDES\=NO
    export SCRIPT_INPUT_FILE_COUNT\=0
    export SCRIPT_INPUT_FILE_LIST_COUNT\=0
    export SCRIPT_OUTPUT_FILE_COUNT\=0
    export SCRIPT_OUTPUT_FILE_LIST_COUNT\=0
    export SDKROOT\=/Applications/Xcode.app/Contents/Developer/Platforms/iPhoneSimulator.platform/Developer/SDKs/iPhoneSimulator26.5.sdk
    export SDK_DIR\=/Applications/Xcode.app/Contents/Developer/Platforms/iPhoneSimulator.platform/Developer/SDKs/iPhoneSimulator26.5.sdk
    export SDK_DIR_iphonesimulator\=/Applications/Xcode.app/Contents/Developer/Platforms/iPhoneSimulator.platform/Developer/SDKs/iPhoneSimulator26.5.sdk
    export SDK_DIR_iphonesimulator26_5\=/Applications/Xcode.app/Contents/Developer/Platforms/iPhoneSimulator.platform/Developer/SDKs/iPhoneSimulator26.5.sdk
    export SDK_NAME\=iphonesimulator26.5
    export SDK_NAMES\=iphonesimulator26.5
    export SDK_PRODUCT_BUILD_VERSION\=23F81a
    export SDK_STAT_CACHE_DIR\=/Users/shashishekhar/Library/Developer/Xcode/DerivedData
    export SDK_STAT_CACHE_ENABLE\=YES
    export SDK_STAT_CACHE_PATH\=/Users/shashishekhar/Library/Developer/Xcode/DerivedData/SDKStatCaches.noindex/iphonesimulator26.5-23F81a-6cfe768891a92b912361537c460fe42b.sdkstatcache
    export SDK_VERSION\=26.5
    export SDK_VERSION_ACTUAL\=260500
    export SDK_VERSION_MAJOR\=260000
    export SDK_VERSION_MINOR\=260500
    export SED\=/usr/bin/sed
    export SEPARATE_STRIP\=NO
    export SEPARATE_SYMBOL_EDIT\=NO
    export SET_DIR_MODE_OWNER_GROUP\=YES
    export SET_FILE_MODE_OWNER_GROUP\=NO
    export SHALLOW_BUNDLE\=NO
    export SHARED_DERIVED_FILE_DIR\=/Users/shashishekhar/Library/Developer/Xcode/DerivedData/RestaurantsNearMeIOS-cxlnvzrpmdwxdmausljrqbwijesy/Build/Products/Debug-iphonesimulator/React-Core-prebuilt/DerivedSources
    export SHARED_PRECOMPS_DIR\=/Users/shashishekhar/Library/Developer/Xcode/DerivedData/RestaurantsNearMeIOS-cxlnvzrpmdwxdmausljrqbwijesy/Build/Intermediates.noindex/PrecompiledHeaders
    export SKIP_INSTALL\=YES
    export SKIP_MERGEABLE_LIBRARY_BUNDLE_HOOK\=NO
    export SOURCE_ROOT\=/Users/shashishekhar/Desktop/RestaurantsNearMeIOS/ios/Pods
    export SRCROOT\=/Users/shashishekhar/Desktop/RestaurantsNearMeIOS/ios/Pods
    export STRINGSDATA_DIR\=/Users/shashishekhar/Library/Developer/Xcode/DerivedData/RestaurantsNearMeIOS-cxlnvzrpmdwxdmausljrqbwijesy/Build/Intermediates.noindex/Pods.build/Debug-iphonesimulator/React-Core-prebuilt.build/Objects-normal/undefined_arch
    export STRINGSDATA_ROOT\=/Users/shashishekhar/Library/Developer/Xcode/DerivedData/RestaurantsNearMeIOS-cxlnvzrpmdwxdmausljrqbwijesy/Build/Intermediates.noindex/Pods.build/Debug-iphonesimulator/React-Core-prebuilt.build
    export STRINGS_FILE_INFOPLIST_RENAME\=YES
    export STRINGS_FILE_OUTPUT_ENCODING\=binary
    export STRING_CATALOG_GENERATE_SYMBOLS\=NO
    export STRIP_BITCODE_FROM_COPIED_FILES\=NO
    export STRIP_INSTALLED_PRODUCT\=NO
    export STRIP_STYLE\=all
    export STRIP_SWIFT_SYMBOLS\=YES
    export SUPPORTED_DEVICE_FAMILIES\=1,2
    export SUPPORTED_PLATFORMS\=iphoneos\ iphonesimulator
    export SUPPORTS_TEXT_BASED_API\=NO
    export SUPPRESS_WARNINGS\=NO
    export SWIFT_ACTIVE_COMPILATION_CONDITIONS\=\ DEBUG
    export SWIFT_EMIT_CONST_VALUE_PROTOCOLS\=AnyResolverProviding\ AppEntity\ AppEnum\ AppExtension\ AppIntent\ AppIntentsPackage\ AppShortcutProviding\ AppShortcutsProvider\ AppUnionValue\ AppUnionValueCasesProviding\ DynamicOptionsProvider\ EntityQuery\ ExtensionPointDefining\ IntentValueQuery\ Resolver\ TransientEntity\ _AssistantIntentsProvider\ _GenerativeFunctionExtractable\ _IntentValueRepresentable
    export SWIFT_EMIT_LOC_STRINGS\=NO
    export SWIFT_ENABLE_EXPLICIT_MODULES\=NO
    export SWIFT_OPTIMIZATION_LEVEL\=-Onone
    export SWIFT_PLATFORM_TARGET_PREFIX\=ios
    export SWIFT_RESPONSE_FILE_PATH_normal_arm64\=/Users/shashishekhar/Library/Developer/Xcode/DerivedData/RestaurantsNearMeIOS-cxlnvzrpmdwxdmausljrqbwijesy/Build/Intermediates.noindex/Pods.build/Debug-iphonesimulator/React-Core-prebuilt.build/Objects-normal/arm64/React-Core-prebuilt.SwiftFileList
    export SWIFT_RESPONSE_FILE_PATH_normal_x86_64\=/Users/shashishekhar/Library/Developer/Xcode/DerivedData/RestaurantsNearMeIOS-cxlnvzrpmdwxdmausljrqbwijesy/Build/Intermediates.noindex/Pods.build/Debug-iphonesimulator/React-Core-prebuilt.build/Objects-normal/x86_64/React-Core-prebuilt.SwiftFileList
    export SWIFT_VERSION\=5.0
    export SYMROOT\=/Users/shashishekhar/Library/Developer/Xcode/DerivedData/RestaurantsNearMeIOS-cxlnvzrpmdwxdmausljrqbwijesy/Build/Products
    export SYSTEM_ADMIN_APPS_DIR\=/Applications/Utilities
    export SYSTEM_APPS_DIR\=/Applications
    export SYSTEM_CORE_SERVICES_DIR\=/System/Library/CoreServices
    export SYSTEM_DEMOS_DIR\=/Applications/Extras
    export SYSTEM_DEVELOPER_APPS_DIR\=/Applications/Xcode.app/Contents/Developer/Applications
    export SYSTEM_DEVELOPER_BIN_DIR\=/Applications/Xcode.app/Contents/Developer/usr/bin
    export SYSTEM_DEVELOPER_DEMOS_DIR\=/Applications/Xcode.app/Contents/Developer/Applications/Utilities/Built\ Examples
    export SYSTEM_DEVELOPER_DIR\=/Applications/Xcode.app/Contents/Developer
    export SYSTEM_DEVELOPER_DOC_DIR\=/Applications/Xcode.app/Contents/Developer/ADC\ Reference\ Library
    export SYSTEM_DEVELOPER_GRAPHICS_TOOLS_DIR\=/Applications/Xcode.app/Contents/Developer/Applications/Graphics\ Tools
    export SYSTEM_DEVELOPER_JAVA_TOOLS_DIR\=/Applications/Xcode.app/Contents/Developer/Applications/Java\ Tools
    export SYSTEM_DEVELOPER_PERFORMANCE_TOOLS_DIR\=/Applications/Xcode.app/Contents/Developer/Applications/Performance\ Tools
    export SYSTEM_DEVELOPER_RELEASENOTES_DIR\=/Applications/Xcode.app/Contents/Developer/ADC\ Reference\ Library/releasenotes
    export SYSTEM_DEVELOPER_TOOLS\=/Applications/Xcode.app/Contents/Developer/Tools
    export SYSTEM_DEVELOPER_TOOLS_DOC_DIR\=/Applications/Xcode.app/Contents/Developer/ADC\ Reference\ Library/documentation/DeveloperTools
    export SYSTEM_DEVELOPER_TOOLS_RELEASENOTES_DIR\=/Applications/Xcode.app/Contents/Developer/ADC\ Reference\ Library/releasenotes/DeveloperTools
    export SYSTEM_DEVELOPER_USR_DIR\=/Applications/Xcode.app/Contents/Developer/usr
    export SYSTEM_DEVELOPER_UTILITIES_DIR\=/Applications/Xcode.app/Contents/Developer/Applications/Utilities
    export SYSTEM_DEXT_INSTALL_PATH\=/System/Library/DriverExtensions
    export SYSTEM_DOCUMENTATION_DIR\=/Library/Documentation
    export SYSTEM_KEXT_INSTALL_PATH\=/System/Library/Extensions
    export SYSTEM_LIBRARY_DIR\=/System/Library
    export TAPI_DEMANGLE\=YES
    export TAPI_ENABLE_PROJECT_HEADERS\=NO
    export TAPI_LANGUAGE\=objective-c
    export TAPI_LANGUAGE_STANDARD\=compiler-default
    export TAPI_USE_SRCROOT\=YES
    export TAPI_VERIFY_MODE\=Pedantic
    export TARGETED_DEVICE_FAMILY\=1,2
    export TARGETNAME\=React-Core-prebuilt
    export TARGET_BUILD_DIR\=/Users/shashishekhar/Library/Developer/Xcode/DerivedData/RestaurantsNearMeIOS-cxlnvzrpmdwxdmausljrqbwijesy/Build/Products/Debug-iphonesimulator/React-Core-prebuilt
    export TARGET_NAME\=React-Core-prebuilt
    export TARGET_TEMP_DIR\=/Users/shashishekhar/Library/Developer/Xcode/DerivedData/RestaurantsNearMeIOS-cxlnvzrpmdwxdmausljrqbwijesy/Build/Intermediates.noindex/Pods.build/Debug-iphonesimulator/React-Core-prebuilt.build
    export TEMP_DIR\=/Users/shashishekhar/Library/Developer/Xcode/DerivedData/RestaurantsNearMeIOS-cxlnvzrpmdwxdmausljrqbwijesy/Build/Intermediates.noindex/Pods.build/Debug-iphonesimulator/React-Core-prebuilt.build
    export TEMP_FILES_DIR\=/Users/shashishekhar/Library/Developer/Xcode/DerivedData/RestaurantsNearMeIOS-cxlnvzrpmdwxdmausljrqbwijesy/Build/Intermediates.noindex/Pods.build/Debug-iphonesimulator/React-Core-prebuilt.build
    export TEMP_FILE_DIR\=/Users/shashishekhar/Library/Developer/Xcode/DerivedData/RestaurantsNearMeIOS-cxlnvzrpmdwxdmausljrqbwijesy/Build/Intermediates.noindex/Pods.build/Debug-iphonesimulator/React-Core-prebuilt.build
    export TEMP_ROOT\=/Users/shashishekhar/Library/Developer/Xcode/DerivedData/RestaurantsNearMeIOS-cxlnvzrpmdwxdmausljrqbwijesy/Build/Intermediates.noindex
    export TEMP_SANDBOX_DIR\=/Users/shashishekhar/Library/Developer/Xcode/DerivedData/RestaurantsNearMeIOS-cxlnvzrpmdwxdmausljrqbwijesy/Build/Intermediates.noindex/TemporaryTaskSandboxes
    export TEST_FRAMEWORK_SEARCH_PATHS\=\ /Applications/Xcode.app/Contents/Developer/Platforms/iPhoneSimulator.platform/Developer/Library/Frameworks\ /Applications/Xcode.app/Contents/Developer/Platforms/iPhoneSimulator.platform/Developer/SDKs/iPhoneSimulator26.5.sdk/Developer/Library/Frameworks
    export TEST_LIBRARY_SEARCH_PATHS\=\ /Applications/Xcode.app/Contents/Developer/Platforms/iPhoneSimulator.platform/Developer/usr/lib
    export TOOLCHAINS\=com.apple.dt.toolchain.XcodeDefault
    export TOOLCHAIN_DIR\=/Applications/Xcode.app/Contents/Developer/Toolchains/XcodeDefault.xctoolchain
    export TREAT_MISSING_BASELINES_AS_TEST_FAILURES\=NO
    export TREAT_MISSING_SCRIPT_PHASE_OUTPUTS_AS_ERRORS\=NO
    export UID\=501
    export UNINSTALLED_PRODUCTS_DIR\=/Users/shashishekhar/Library/Developer/Xcode/DerivedData/RestaurantsNearMeIOS-cxlnvzrpmdwxdmausljrqbwijesy/Build/Intermediates.noindex/UninstalledProducts
    export UNSTRIPPED_PRODUCT\=NO
    export USER\=shashishekhar
    export USER_APPS_DIR\=/Users/shashishekhar/Applications
    export USER_LIBRARY_DIR\=/Users/shashishekhar/Library
    export USE_DYNAMIC_NO_PIC\=YES
    export USE_HEADERMAP\=YES
    export USE_HEADER_SYMLINKS\=NO
    export USE_HERMES\=true
    export USE_RECURSIVE_SCRIPT_INPUTS_IN_SCRIPT_PHASES\=YES
    export VALIDATE_DEVELOPMENT_ASSET_PATHS\=YES_ERROR
    export VALIDATE_PRODUCT\=NO
    export VALID_ARCHS\=arm64\ x86_64
    export VERBOSE_PBXCP\=NO
    export VERSION_INFO_BUILDER\=shashishekhar
    export VERSION_INFO_FILE\=React-Core-prebuilt_vers.c
    export VERSION_INFO_STRING\=\"@\(\#\)PROGRAM:React-Core-prebuilt\ \ PROJECT:Pods-\"
    export WORKSPACE_DIR\=/Users/shashishekhar/Desktop/RestaurantsNearMeIOS/ios
    export WRAP_ASSET_PACKS_IN_SEPARATE_DIRECTORIES\=NO
    export XCODE_APP_SUPPORT_DIR\=/Applications/Xcode.app/Contents/Developer/Library/Xcode
    export XCODE_PRODUCT_BUILD_VERSION\=17F113
    export XCODE_VERSION_ACTUAL\=2660
    export XCODE_VERSION_MAJOR\=2600
    export XCODE_VERSION_MINOR\=2660
    export XPCSERVICES_FOLDER_PATH\=/XPCServices
    export YACC\=yacc
    export _DISCOVER_COMMAND_LINE_LINKER_INPUTS\=YES
    export _DISCOVER_COMMAND_LINE_LINKER_INPUTS_INCLUDE_WL\=YES
    export _LD_MULTIARCH\=YES
    export __DIAGNOSE_DEPRECATED_ARCHS\=YES
    export __ORIGINAL_SDK_DEFINED_LLVM_TARGET_TRIPLE_SYS\=ios
    export arch\=undefined_arch
    export variant\=normal
    /bin/sh -c /Users/shashishekhar/Library/Developer/Xcode/DerivedData/RestaurantsNearMeIOS-cxlnvzrpmdwxdmausljrqbwijesy/Build/Intermediates.noindex/Pods.build/Debug-iphonesimulator/React-Core-prebuilt.build/Script-46EB2E0001AF30.sh
Node found at: /opt/homebrew/Cellar/node/26.5.0/bin/node
No previous build detected, but Debug Configuration. No need to replace React-Core-prebuilt

PhaseScriptExecution [CP]\ Copy\ XCFrameworks /Users/shashishekhar/Library/Developer/Xcode/DerivedData/RestaurantsNearMeIOS-cxlnvzrpmdwxdmausljrqbwijesy/Build/Intermediates.noindex/Pods.build/Debug-iphonesimulator/React-Core-prebuilt.build/Script-46EB2E0001AF20.sh (in target 'React-Core-prebuilt' from project 'Pods')
    cd /Users/shashishekhar/Desktop/RestaurantsNearMeIOS/ios/Pods
    /bin/sh -c /Users/shashishekhar/Library/Developer/Xcode/DerivedData/RestaurantsNearMeIOS-cxlnvzrpmdwxdmausljrqbwijesy/Build/Intermediates.noindex/Pods.build/Debug-iphonesimulator/React-Core-prebuilt.build/Script-46EB2E0001AF20.sh
Selected xcframework slice ios-arm64_x86_64-simulator
rsync --delete -av --filter P .*.?????? --links --filter "- CVS/" --filter "- .svn/" --filter "- .git/" --filter "- .hg/" "/Users/shashishekhar/Desktop/RestaurantsNearMeIOS/ios/Pods/React-Core-prebuilt/React.xcframework/ios-arm64_x86_64-simulator/*" "/Users/shashishekhar/Library/Developer/Xcode/DerivedData/RestaurantsNearMeIOS-cxlnvzrpmdwxdmausljrqbwijesy/Build/Products/Debug-iphonesimulator/XCFrameworkIntermediates/React-Core-prebuilt"
Transfer starting: 1431 files

sent 138965 bytes  received 20 bytes  2102647 bytes/sec
total size is 140208114  speedup is 1008.80
Copied /Users/shashishekhar/Desktop/RestaurantsNearMeIOS/ios/Pods/React-Core-prebuilt/React.xcframework/ios-arm64_x86_64-simulator to /Users/shashishekhar/Library/Developer/Xcode/DerivedData/RestaurantsNearMeIOS-cxlnvzrpmdwxdmausljrqbwijesy/Build/Products/Debug-iphonesimulator/XCFrameworkIntermediates/React-Core-prebuilt

note: Run script build phase '[CP-User] [RN]Check FBReactNativeSpec' will be run during every build because the option to run the script phase "Based on dependency analysis" is unchecked. (in target 'React-RCTFBReactNativeSpec' from project 'Pods')
PhaseScriptExecution [CP-User]\ [RN]Check\ FBReactNativeSpec /Users/shashishekhar/Library/Developer/Xcode/DerivedData/RestaurantsNearMeIOS-cxlnvzrpmdwxdmausljrqbwijesy/Build/Intermediates.noindex/Pods.build/Debug-iphonesimulator/React-RCTFBReactNativeSpec.build/Script-46EB2E0001AF40.sh (in target 'React-RCTFBReactNativeSpec' from project 'Pods')
    cd /Users/shashishekhar/Desktop/RestaurantsNearMeIOS/ios/Pods
    export ACTION\=build
    export AD_HOC_CODE_SIGNING_ALLOWED\=YES
    export ALLOW_BUILD_REQUEST_OVERRIDES\=NO
    export ALLOW_TARGET_PLATFORM_SPECIALIZATION\=NO
    export ALTERNATE_GROUP\=staff
    export ALTERNATE_MODE\=u+w,go-w,a+rX
    export ALTERNATE_OWNER\=shashishekhar
    export ALTERNATIVE_DISTRIBUTION_WEB\=NO
    export ALWAYS_EMBED_SWIFT_STANDARD_LIBRARIES\=NO
    export ALWAYS_SEARCH_USER_PATHS\=NO
    export ALWAYS_USE_SEPARATE_HEADERMAPS\=NO
    export APPLICATION_EXTENSION_API_ONLY\=NO
    export APPLY_RULES_IN_COPY_FILES\=NO
    export APPLY_RULES_IN_COPY_HEADERS\=NO
    export APP_SHORTCUTS_ENABLE_FLEXIBLE_MATCHING\=YES
    export ARCHS\=arm64\ x86_64
    export ARCHS_BASE\=arm64\ x86_64
    export ARCHS_STANDARD\=arm64\ x86_64
    export ARCHS_STANDARD_32_64_BIT\=arm64\ x86_64
    export ARCHS_STANDARD_64_BIT\=arm64\ x86_64
    export ARCHS_STANDARD_INCLUDING_64_BIT\=arm64\ x86_64
    export ARCHS_UNIVERSAL_IPHONE_OS\=arm64\ x86_64
    export ASSETCATALOG_COMPILER_APPICON_NAME\=AppIcon
    export ASSETCATALOG_COMPILER_GLOBAL_ACCENT_COLOR_NAME\=AccentColor
    export AUTOMATICALLY_MERGE_DEPENDENCIES\=NO
    export AUTOMATION_APPLE_EVENTS\=NO
    export AVAILABLE_PLATFORMS\=android\ appletvos\ appletvsimulator\ driverkit\ freebsd\ iphoneos\ iphonesimulator\ linux\ macosx\ none\ openbsd\ qnx\ watchos\ watchsimulator\ webassembly\ xros\ xrsimulator
    export BUILD_ACTIVE_RESOURCES_ONLY\=NO
    export BUILD_COMPONENTS\=headers\ build
    export BUILD_DIR\=/Users/shashishekhar/Library/Developer/Xcode/DerivedData/RestaurantsNearMeIOS-cxlnvzrpmdwxdmausljrqbwijesy/Build/Products
    export BUILD_LIBRARY_FOR_DISTRIBUTION\=NO
    export BUILD_ONLY_KNOWN_LOCALIZATIONS\=NO
    export BUILD_ROOT\=/Users/shashishekhar/Library/Developer/Xcode/DerivedData/RestaurantsNearMeIOS-cxlnvzrpmdwxdmausljrqbwijesy/Build/Products
    export BUILD_STYLE\=
    export BUILD_VARIANTS\=normal
    export BUILT_PRODUCTS_DIR\=/Users/shashishekhar/Library/Developer/Xcode/DerivedData/RestaurantsNearMeIOS-cxlnvzrpmdwxdmausljrqbwijesy/Build/Products/Debug-iphonesimulator/React-RCTFBReactNativeSpec
    export BUNDLE_CONTENTS_FOLDER_PATH_deep\=Contents/
    export BUNDLE_EXECUTABLE_FOLDER_NAME_deep\=MacOS
    export BUNDLE_EXTENSIONS_FOLDER_PATH\=Extensions
    export BUNDLE_FORMAT\=shallow
    export BUNDLE_FRAMEWORKS_FOLDER_PATH\=Frameworks
    export BUNDLE_PLUGINS_FOLDER_PATH\=PlugIns
    export BUNDLE_PRIVATE_HEADERS_FOLDER_PATH\=PrivateHeaders
    export BUNDLE_PUBLIC_HEADERS_FOLDER_PATH\=Headers
    export CACHE_ROOT\=/var/folders/n6/7nd1dnm93kng8k7b6j0bk0sc0000gn/C/com.apple.DeveloperTools/26.6-17F113/Xcode
    export CCHROOT\=/var/folders/n6/7nd1dnm93kng8k7b6j0bk0sc0000gn/C/com.apple.DeveloperTools/26.6-17F113/Xcode
    export CHMOD\=/bin/chmod
    export CHOWN\=chown
    export CLANG_ALLOW_NON_MODULAR_INCLUDES_IN_FRAMEWORK_MODULES\=YES
    export CLANG_ANALYZER_LOCALIZABILITY_NONLOCALIZED\=YES
    export CLANG_ANALYZER_NONNULL\=YES
    export CLANG_ANALYZER_NUMBER_OBJECT_CONVERSION\=YES_AGGRESSIVE
    export CLANG_CACHE_FINE_GRAINED_OUTPUTS\=YES
    export CLANG_CXX_LANGUAGE_STANDARD\=c++20
    export CLANG_CXX_LIBRARY\=libc++
    export CLANG_ENABLE_EXPLICIT_MODULES\=YES
    export CLANG_ENABLE_MODULES\=YES
    export CLANG_ENABLE_OBJC_ARC\=YES
    export CLANG_ENABLE_OBJC_WEAK\=NO
    export CLANG_MODULES_BUILD_SESSION_FILE\=/Users/shashishekhar/Library/Developer/Xcode/DerivedData/ModuleCache.noindex/Session.modulevalidation
    export CLANG_WARN_BLOCK_CAPTURE_AUTORELEASING\=YES
    export CLANG_WARN_BOOL_CONVERSION\=YES
    export CLANG_WARN_COMMA\=YES
    export CLANG_WARN_CONSTANT_CONVERSION\=YES
    export CLANG_WARN_DEPRECATED_OBJC_IMPLEMENTATIONS\=YES
    export CLANG_WARN_DIRECT_OBJC_ISA_USAGE\=YES_ERROR
    export CLANG_WARN_DOCUMENTATION_COMMENTS\=YES
    export CLANG_WARN_EMPTY_BODY\=YES
    export CLANG_WARN_ENUM_CONVERSION\=YES
    export CLANG_WARN_INFINITE_RECURSION\=YES
    export CLANG_WARN_INT_CONVERSION\=YES
    export CLANG_WARN_NON_LITERAL_NULL_CONVERSION\=YES
    export CLANG_WARN_OBJC_IMPLICIT_RETAIN_SELF\=YES
    export CLANG_WARN_OBJC_LITERAL_CONVERSION\=YES
    export CLANG_WARN_OBJC_ROOT_CLASS\=YES_ERROR
    export CLANG_WARN_QUOTED_INCLUDE_IN_FRAMEWORK_HEADER\=NO
    export CLANG_WARN_RANGE_LOOP_ANALYSIS\=YES
    export CLANG_WARN_STRICT_PROTOTYPES\=YES
    export CLANG_WARN_SUSPICIOUS_MOVE\=YES
    export CLANG_WARN_UNGUARDED_AVAILABILITY\=YES_AGGRESSIVE
    export CLANG_WARN_UNREACHABLE_CODE\=YES
    export CLANG_WARN__DUPLICATE_METHOD_MATCH\=YES
    export CLASS_FILE_DIR\=/Users/shashishekhar/Library/Developer/Xcode/DerivedData/RestaurantsNearMeIOS-cxlnvzrpmdwxdmausljrqbwijesy/Build/Intermediates.noindex/Pods.build/Debug-iphonesimulator/React-RCTFBReactNativeSpec.build/JavaClasses
    export CLEAN_PRECOMPS\=YES
    export CLONE_HEADERS\=NO
    export CODESIGNING_FOLDER_PATH\=/Users/shashishekhar/Library/Developer/Xcode/DerivedData/RestaurantsNearMeIOS-cxlnvzrpmdwxdmausljrqbwijesy/Build/Products/Debug-iphonesimulator/React-RCTFBReactNativeSpec/
    export CODE_SIGNING_ALLOWED\=NO
    export CODE_SIGNING_REQUIRED\=YES
    export CODE_SIGN_CONTEXT_CLASS\=XCiPhoneSimulatorCodeSignContext
    export CODE_SIGN_IDENTITY\=-
    export CODE_SIGN_INJECT_BASE_ENTITLEMENTS\=YES
    export COLOR_DIAGNOSTICS\=NO
    export COMBINE_HIDPI_IMAGES\=NO
    export COMPILATION_CACHE_CAS_PATH\=/Users/shashishekhar/Library/Developer/Xcode/DerivedData/CompilationCache.noindex
    export COMPILATION_CACHE_KEEP_CAS_DIRECTORY\=YES
    export COMPILER_INDEX_STORE_ENABLE\=Default
    export COMPOSITE_SDK_DIRS\=/Users/shashishekhar/Library/Developer/Xcode/DerivedData/RestaurantsNearMeIOS-cxlnvzrpmdwxdmausljrqbwijesy/Build/Intermediates.noindex/CompositeSDKs
    export COMPRESS_PNG_FILES\=YES
    export CONFIGURATION\=Debug
    export CONFIGURATION_BUILD_DIR\=/Users/shashishekhar/Library/Developer/Xcode/DerivedData/RestaurantsNearMeIOS-cxlnvzrpmdwxdmausljrqbwijesy/Build/Products/Debug-iphonesimulator/React-RCTFBReactNativeSpec
    export CONFIGURATION_TEMP_DIR\=/Users/shashishekhar/Library/Developer/Xcode/DerivedData/RestaurantsNearMeIOS-cxlnvzrpmdwxdmausljrqbwijesy/Build/Intermediates.noindex/Pods.build/Debug-iphonesimulator
    export COPYING_PRESERVES_HFS_DATA\=NO
    export COPY_HEADERS_RUN_UNIFDEF\=NO
    export COPY_PHASE_STRIP\=NO
    export CORRESPONDING_DEVICE_PLATFORM_DIR\=/Applications/Xcode.app/Contents/Developer/Platforms/iPhoneOS.platform
    export CORRESPONDING_DEVICE_PLATFORM_NAME\=iphoneos
    export CORRESPONDING_DEVICE_SDK_DIR\=/Applications/Xcode.app/Contents/Developer/Platforms/iPhoneOS.platform/Developer/SDKs/iPhoneOS26.5.sdk
    export CORRESPONDING_DEVICE_SDK_NAME\=iphoneos26.5
    export CP\=/bin/cp
    export CREATE_INFOPLIST_SECTION_IN_BINARY\=NO
    export CURRENT_ARCH\=undefined_arch
    export CURRENT_VARIANT\=normal
    export DEAD_CODE_STRIPPING\=YES
    export DEBUGGING_SYMBOLS\=YES
    export DEBUG_INFORMATION_FORMAT\=dwarf
    export DEBUG_INFORMATION_VERSION\=compiler-default
    export DEFAULT_COMPILER\=com.apple.compilers.llvm.clang.1_0
    export DEFAULT_DEXT_INSTALL_PATH\=/System/Library/DriverExtensions
    export DEFAULT_KEXT_INSTALL_PATH\=/System/Library/Extensions
    export DEFINES_MODULE\=NO
    export DEPLOYMENT_LOCATION\=NO
    export DEPLOYMENT_POSTPROCESSING\=NO
    export DEPLOYMENT_TARGET_SETTING_NAME\=IPHONEOS_DEPLOYMENT_TARGET
    export DEPLOYMENT_TARGET_SUGGESTED_VALUES\=12.0\ 12.1\ 12.2\ 12.3\ 12.4\ 13.0\ 13.1\ 13.2\ 13.3\ 13.4\ 13.5\ 13.6\ 14.0\ 14.1\ 14.2\ 14.3\ 14.4\ 14.5\ 14.6\ 14.7\ 15.0\ 15.1\ 15.2\ 15.3\ 15.4\ 15.5\ 15.6\ 16.0\ 16.1\ 16.2\ 16.3\ 16.4\ 16.5\ 16.6\ 17.0\ 17.1\ 17.2\ 17.3\ 17.4\ 17.5\ 17.6\ 18.0\ 18.1\ 18.2\ 18.3\ 18.4\ 18.5\ 18.6\ 26.0\ 26.2\ 26.3\ 26.4\ 26.5
    export DERIVED_FILES_DIR\=/Users/shashishekhar/Library/Developer/Xcode/DerivedData/RestaurantsNearMeIOS-cxlnvzrpmdwxdmausljrqbwijesy/Build/Intermediates.noindex/Pods.build/Debug-iphonesimulator/React-RCTFBReactNativeSpec.build/DerivedSources
    export DERIVED_FILE_DIR\=/Users/shashishekhar/Library/Developer/Xcode/DerivedData/RestaurantsNearMeIOS-cxlnvzrpmdwxdmausljrqbwijesy/Build/Intermediates.noindex/Pods.build/Debug-iphonesimulator/React-RCTFBReactNativeSpec.build/DerivedSources
    export DERIVED_SOURCES_DIR\=/Users/shashishekhar/Library/Developer/Xcode/DerivedData/RestaurantsNearMeIOS-cxlnvzrpmdwxdmausljrqbwijesy/Build/Intermediates.noindex/Pods.build/Debug-iphonesimulator/React-RCTFBReactNativeSpec.build/DerivedSources
    export DEVELOPER_APPLICATIONS_DIR\=/Applications/Xcode.app/Contents/Developer/Applications
    export DEVELOPER_BIN_DIR\=/Applications/Xcode.app/Contents/Developer/usr/bin
    export DEVELOPER_DIR\=/Applications/Xcode.app/Contents/Developer
    export DEVELOPER_FRAMEWORKS_DIR\=/Applications/Xcode.app/Contents/Developer/Library/Frameworks
    export DEVELOPER_FRAMEWORKS_DIR_QUOTED\=/Applications/Xcode.app/Contents/Developer/Library/Frameworks
    export DEVELOPER_LIBRARY_DIR\=/Applications/Xcode.app/Contents/Developer/Library
    export DEVELOPER_SDK_DIR\=/Applications/Xcode.app/Contents/Developer/Platforms/MacOSX.platform/Developer/SDKs
    export DEVELOPER_TOOLS_DIR\=/Applications/Xcode.app/Contents/Developer/Tools
    export DEVELOPER_USR_DIR\=/Applications/Xcode.app/Contents/Developer/usr
    export DEVELOPMENT_LANGUAGE\=en
    export DIAGNOSE_MISSING_TARGET_DEPENDENCIES\=YES
    export DIFF\=/usr/bin/diff
    export DONT_GENERATE_INFOPLIST_FILE\=NO
    export DSTROOT\=/tmp/Pods.dst
    export DT_TOOLCHAIN_DIR\=/Applications/Xcode.app/Contents/Developer/Toolchains/XcodeDefault.xctoolchain
    export DUMP_DEPENDENCIES\=NO
    export DUMP_DEPENDENCIES_OUTPUT_PATH\=/Users/shashishekhar/Library/Developer/Xcode/DerivedData/RestaurantsNearMeIOS-cxlnvzrpmdwxdmausljrqbwijesy/Build/Intermediates.noindex/Pods.build/Debug-iphonesimulator/React-RCTFBReactNativeSpec.build/React-RCTFBReactNativeSpec-BuildDependencyInfo.json
    export DWARF_DSYM_FILE_NAME\=.dSYM
    export DWARF_DSYM_FILE_SHOULD_ACCOMPANY_PRODUCT\=NO
    export DWARF_DSYM_FOLDER_PATH\=/Users/shashishekhar/Library/Developer/Xcode/DerivedData/RestaurantsNearMeIOS-cxlnvzrpmdwxdmausljrqbwijesy/Build/Products/Debug-iphonesimulator/React-RCTFBReactNativeSpec
    export DYNAMIC_LIBRARY_EXTENSION\=dylib
    export EAGER_COMPILATION_ALLOW_SCRIPTS\=NO
    export EAGER_LINKING\=NO
    export EFFECTIVE_PLATFORM_NAME\=-iphonesimulator
    export EFFECTIVE_SWIFT_VERSION\=5
    export EMBEDDED_CONTENT_CONTAINS_SWIFT\=NO
    export EMBED_ASSET_PACKS_IN_PRODUCT_BUNDLE\=NO
    export ENABLE_APP_SANDBOX\=NO
    export ENABLE_CODE_COVERAGE\=YES
    export ENABLE_COHORT_ARCHS\=NO
    export ENABLE_CPLUSPLUS_BOUNDS_SAFE_BUFFERS\=NO
    export ENABLE_C_BOUNDS_SAFETY\=NO
    export ENABLE_DEFAULT_HEADER_SEARCH_PATHS\=YES
    export ENABLE_DEFAULT_SEARCH_PATHS\=YES
    export ENABLE_ENHANCED_SECURITY\=NO
    export ENABLE_HARDENED_RUNTIME\=NO
    export ENABLE_HEADER_DEPENDENCIES\=YES
    export ENABLE_INCOMING_NETWORK_CONNECTIONS\=NO
    export ENABLE_ON_DEMAND_RESOURCES\=NO
    export ENABLE_OUTGOING_NETWORK_CONNECTIONS\=NO
    export ENABLE_POINTER_AUTHENTICATION\=NO
    export ENABLE_PREVIEWS\=NO
    export ENABLE_RESOURCE_ACCESS_AUDIO_INPUT\=NO
    export ENABLE_RESOURCE_ACCESS_BLUETOOTH\=NO
    export ENABLE_RESOURCE_ACCESS_CALENDARS\=NO
    export ENABLE_RESOURCE_ACCESS_CAMERA\=NO
    export ENABLE_RESOURCE_ACCESS_CONTACTS\=NO
    export ENABLE_RESOURCE_ACCESS_LOCATION\=NO
    export ENABLE_RESOURCE_ACCESS_PHOTO_LIBRARY\=NO
    export ENABLE_RESOURCE_ACCESS_PRINTING\=NO
    export ENABLE_RESOURCE_ACCESS_USB\=NO
    export ENABLE_SDK_IMPORTS\=NO
    export ENABLE_SECURITY_COMPILER_WARNINGS\=NO
    export ENABLE_STRICT_OBJC_MSGSEND\=YES
    export ENABLE_TESTABILITY\=YES
    export ENABLE_TESTING_SEARCH_PATHS\=NO
    export ENABLE_USER_SCRIPT_SANDBOXING\=NO
    export ENABLE_XOJIT_PREVIEWS\=YES
    export ENFORCE_VALID_ARCHS\=YES
    export ENTITLEMENTS_DESTINATION\=__entitlements
    export ENTITLEMENTS_REQUIRED\=YES
    export EXCLUDED_INSTALLSRC_SUBDIRECTORY_PATTERNS\=.DS_Store\ .svn\ .git\ .hg\ CVS
    export EXCLUDED_RECURSIVE_SEARCH_PATH_SUBDIRECTORIES\=\*.nib\ \*.lproj\ \*.framework\ \*.gch\ \*.xcode\*\ \*.xcassets\ \*.icon\ \(\*\)\ .DS_Store\ CVS\ .svn\ .git\ .hg\ \*.pbproj\ \*.pbxproj
    export FILE_LIST\=/Users/shashishekhar/Library/Developer/Xcode/DerivedData/RestaurantsNearMeIOS-cxlnvzrpmdwxdmausljrqbwijesy/Build/Intermediates.noindex/Pods.build/Debug-iphonesimulator/React-RCTFBReactNativeSpec.build/Objects/LinkFileList
    export FIXED_FILES_DIR\=/Users/shashishekhar/Library/Developer/Xcode/DerivedData/RestaurantsNearMeIOS-cxlnvzrpmdwxdmausljrqbwijesy/Build/Intermediates.noindex/Pods.build/Debug-iphonesimulator/React-RCTFBReactNativeSpec.build/FixedFiles
    export FRAMEWORK_SEARCH_PATHS\=\ \"/Users/shashishekhar/Desktop/RestaurantsNearMeIOS/ios/Pods/React-Core-prebuilt\"\ \"/Users/shashishekhar/Desktop/RestaurantsNearMeIOS/ios/Pods/ReactNativeDependencies/framework/packages/react-native\"\ \"/Users/shashishekhar/Desktop/RestaurantsNearMeIOS/ios/Pods/hermes-engine/destroot/Library/Frameworks/universal\"\ \"/Users/shashishekhar/Library/Developer/Xcode/DerivedData/RestaurantsNearMeIOS-cxlnvzrpmdwxdmausljrqbwijesy/Build/Products/Debug-iphonesimulator/XCFrameworkIntermediates/React-Core-prebuilt\"\ \"/Users/shashishekhar/Library/Developer/Xcode/DerivedData/RestaurantsNearMeIOS-cxlnvzrpmdwxdmausljrqbwijesy/Build/Products/Debug-iphonesimulator/XCFrameworkIntermediates/ReactNativeDependencies\"\ \"/Users/shashishekhar/Library/Developer/Xcode/DerivedData/RestaurantsNearMeIOS-cxlnvzrpmdwxdmausljrqbwijesy/Build/Products/Debug-iphonesimulator/XCFrameworkIntermediates/hermes-engine/Pre-built\"
    export FRAMEWORK_VERSION\=A
    export FUSE_BUILD_PHASES\=YES
    export FUSE_BUILD_SCRIPT_PHASES\=NO
    export GCC3_VERSION\=3.3
    export GCC_C_LANGUAGE_STANDARD\=gnu11
    export GCC_DYNAMIC_NO_PIC\=NO
    export GCC_NO_COMMON_BLOCKS\=YES
    export GCC_OBJC_LEGACY_DISPATCH\=YES
    export GCC_OPTIMIZATION_LEVEL\=0
    export GCC_PFE_FILE_C_DIALECTS\=c\ objective-c\ c++\ objective-c++
    export GCC_PREPROCESSOR_DEFINITIONS\=POD_CONFIGURATION_DEBUG\=1\ DEBUG\=1\ \ COCOAPODS\=1
    export GCC_TREAT_WARNINGS_AS_ERRORS\=NO
    export GCC_VERSION\=com.apple.compilers.llvm.clang.1_0
    export GCC_VERSION_IDENTIFIER\=com_apple_compilers_llvm_clang_1_0
    export GCC_WARN_64_TO_32_BIT_CONVERSION\=YES
    export GCC_WARN_ABOUT_RETURN_TYPE\=YES_ERROR
    export GCC_WARN_UNDECLARED_SELECTOR\=YES
    export GCC_WARN_UNINITIALIZED_AUTOS\=YES_AGGRESSIVE
    export GCC_WARN_UNUSED_FUNCTION\=YES
    export GCC_WARN_UNUSED_VARIABLE\=YES
    export GENERATED_MODULEMAP_DIR\=/Users/shashishekhar/Library/Developer/Xcode/DerivedData/RestaurantsNearMeIOS-cxlnvzrpmdwxdmausljrqbwijesy/Build/Intermediates.noindex/GeneratedModuleMaps-iphonesimulator
    export GENERATE_INFOPLIST_FILE\=NO
    export GENERATE_INTERMEDIATE_TEXT_BASED_STUBS\=YES
    export GENERATE_PKGINFO_FILE\=NO
    export GENERATE_PRELINK_OBJECT_FILE\=NO
    export GENERATE_PROFILING_CODE\=NO
    export GENERATE_TEXT_BASED_STUBS\=NO
    export GID\=20
    export GROUP\=staff
    export HEADERMAP_INCLUDES_FLAT_ENTRIES_FOR_TARGET_BEING_BUILT\=YES
    export HEADERMAP_INCLUDES_FRAMEWORK_ENTRIES_FOR_ALL_PRODUCT_TYPES\=YES
    export HEADERMAP_INCLUDES_FRAMEWORK_ENTRIES_FOR_TARGETS_NOT_BEING_BUILT\=YES
    export HEADERMAP_INCLUDES_NONPUBLIC_NONPRIVATE_HEADERS\=YES
    export HEADERMAP_INCLUDES_PROJECT_HEADERS\=YES
    export HEADERMAP_USES_FRAMEWORK_PREFIX_ENTRIES\=YES
    export HEADERMAP_USES_VFS\=NO
    export HEADER_SEARCH_PATHS\=\ \"/Users/shashishekhar/Desktop/RestaurantsNearMeIOS/ios/Pods/Headers/Private\"\ \"/Users/shashishekhar/Desktop/RestaurantsNearMeIOS/ios/Pods/Headers/Private/React-RCTFBReactNativeSpec\"\ \"/Users/shashishekhar/Desktop/RestaurantsNearMeIOS/ios/Pods/Headers/Public\"\ \"/Users/shashishekhar/Desktop/RestaurantsNearMeIOS/ios/Pods/Headers/Public/FBLazyVector\"\ \"/Users/shashishekhar/Desktop/RestaurantsNearMeIOS/ios/Pods/Headers/Public/RCTDeprecation\"\ \"/Users/shashishekhar/Desktop/RestaurantsNearMeIOS/ios/Pods/Headers/Public/RCTRequired\"\ \"/Users/shashishekhar/Desktop/RestaurantsNearMeIOS/ios/Pods/Headers/Public/RCTTypeSafety\"\ \"/Users/shashishekhar/Desktop/RestaurantsNearMeIOS/ios/Pods/Headers/Public/React-Core\"\ \"/Users/shashishekhar/Desktop/RestaurantsNearMeIOS/ios/Pods/Headers/Public/React-Core-prebuilt\"\ \"/Users/shashishekhar/Desktop/RestaurantsNearMeIOS/ios/Pods/Headers/Public/React-Fabric\"\ \"/Users/shashishekhar/Desktop/RestaurantsNearMeIOS/ios/Pods/Headers/Public/React-NativeModulesApple\"\ \"/Users/shashishekhar/Desktop/RestaurantsNearMeIOS/ios/Pods/Headers/Public/React-RCTFBReactNativeSpec\"\ \"/Users/shashishekhar/Desktop/RestaurantsNearMeIOS/ios/Pods/Headers/Public/React-callinvoker\"\ \"/Users/shashishekhar/Desktop/RestaurantsNearMeIOS/ios/Pods/Headers/Public/React-cxxreact\"\ \"/Users/shashishekhar/Desktop/RestaurantsNearMeIOS/ios/Pods/Headers/Public/React-debug\"\ \"/Users/shashishekhar/Desktop/RestaurantsNearMeIOS/ios/Pods/Headers/Public/React-featureflags\"\ \"/Users/shashishekhar/Desktop/RestaurantsNearMeIOS/ios/Pods/Headers/Public/React-graphics\"\ \"/Users/shashishekhar/Desktop/RestaurantsNearMeIOS/ios/Pods/Headers/Public/React-hermes\"\ \"/Users/shashishekhar/Desktop/RestaurantsNearMeIOS/ios/Pods/Headers/Public/React-jserrorhandler\"\ \"/Users/shashishekhar/Desktop/RestaurantsNearMeIOS/ios/Pods/Headers/Public/React-jsi\"\ \"/Users/shashishekhar/Desktop/RestaurantsNearMeIOS/ios/Pods/Headers/Public/React-jsiexecutor\"\ \"/Users/shashishekhar/Desktop/RestaurantsNearMeIOS/ios/Pods/Headers/Public/React-jsinspector\"\ \"/Users/shashishekhar/Desktop/RestaurantsNearMeIOS/ios/Pods/Headers/Public/React-jsinspectorcdp\"\ \"/Users/shashishekhar/Desktop/RestaurantsNearMeIOS/ios/Pods/Headers/Public/React-jsinspectornetwork\"\ \"/Users/shashishekhar/Desktop/RestaurantsNearMeIOS/ios/Pods/Headers/Public/React-jsinspectortracing\"\ \"/Users/shashishekhar/Desktop/RestaurantsNearMeIOS/ios/Pods/Headers/Public/React-jsitooling\"\ \"/Users/shashishekhar/Desktop/RestaurantsNearMeIOS/ios/Pods/Headers/Public/React-logger\"\ \"/Users/shashishekhar/Desktop/RestaurantsNearMeIOS/ios/Pods/Headers/Public/React-oscompat\"\ \"/Users/shashishekhar/Desktop/RestaurantsNearMeIOS/ios/Pods/Headers/Public/React-perflogger\"\ \"/Users/shashishekhar/Desktop/RestaurantsNearMeIOS/ios/Pods/Headers/Public/React-performancecdpmetrics\"\ \"/Users/shashishekhar/Desktop/RestaurantsNearMeIOS/ios/Pods/Headers/Public/React-performancetimeline\"\ \"/Users/shashishekhar/Desktop/RestaurantsNearMeIOS/ios/Pods/Headers/Public/React-rendererconsistency\"\ \"/Users/shashishekhar/Desktop/RestaurantsNearMeIOS/ios/Pods/Headers/Public/React-renderercss\"\ \"/Users/shashishekhar/Desktop/RestaurantsNearMeIOS/ios/Pods/Headers/Public/React-rendererdebug\"\ \"/Users/shashishekhar/Desktop/RestaurantsNearMeIOS/ios/Pods/Headers/Public/React-runtimeexecutor\"\ \"/Users/shashishekhar/Desktop/RestaurantsNearMeIOS/ios/Pods/Headers/Public/React-runtimescheduler\"\ \"/Users/shashishekhar/Desktop/RestaurantsNearMeIOS/ios/Pods/Headers/Public/React-timing\"\ \"/Users/shashishekhar/Desktop/RestaurantsNearMeIOS/ios/Pods/Headers/Public/React-utils\"\ \"/Users/shashishekhar/Desktop/RestaurantsNearMeIOS/ios/Pods/Headers/Public/ReactCommon\"\ \"/Users/shashishekhar/Desktop/RestaurantsNearMeIOS/ios/Pods/Headers/Public/ReactNativeDependencies\"\ \"/Users/shashishekhar/Desktop/RestaurantsNearMeIOS/ios/Pods/Headers/Public/Yoga\"\ \"/Users/shashishekhar/Desktop/RestaurantsNearMeIOS/ios/Pods/Headers/Public/hermes-engine\"\ \"/Users/shashishekhar/Desktop/RestaurantsNearMeIOS/ios/Pods/../../node_modules/react-native/React/FBReactNativeSpec\"\ \"/Users/shashishekhar/Desktop/RestaurantsNearMeIOS/ios/Pods/Headers/Private/Yoga\"\ \"/Users/shashishekhar/Desktop/RestaurantsNearMeIOS/ios/Pods/ReactCommon\"\ \"/Users/shashishekhar/Desktop/RestaurantsNearMeIOS/ios/Pods/ReactCommon/react/nativemodule/core\"\ \"/Users/shashishekhar/Desktop/RestaurantsNearMeIOS/ios/Pods/ReactCommon\"\ \"/Users/shashishekhar/Desktop/RestaurantsNearMeIOS/ios/Pods/ReactCommon/react/nativemodule/bridging\"\ \"/Users/shashishekhar/Desktop/RestaurantsNearMeIOS/ios/Pods/../../node_modules/react-native/React/FBReactNativeSpec\"\ \"/Users/shashishekhar/Desktop/RestaurantsNearMeIOS/ios/Pods/Headers/Private/Yoga\"\ \"/Users/shashishekhar/Desktop/RestaurantsNearMeIOS/ios/Pods/ReactCommon\"\ \"/Users/shashishekhar/Desktop/RestaurantsNearMeIOS/ios/Pods/ReactCommon/react/nativemodule/core\"\ \"/Users/shashishekhar/Desktop/RestaurantsNearMeIOS/ios/Pods/ReactCommon\"\ \"/Users/shashishekhar/Desktop/RestaurantsNearMeIOS/ios/Pods/ReactCommon/react/nativemodule/bridging\"\ \"/Users/shashishekhar/Desktop/RestaurantsNearMeIOS/ios/Pods/React-featureflags\"\ \"/Users/shashishekhar/Desktop/RestaurantsNearMeIOS/ios/Pods/React-debug\"\ \"/Users/shashishekhar/Desktop/RestaurantsNearMeIOS/ios/Pods/React-rendererdebug\"\ \"/Users/shashishekhar/Desktop/RestaurantsNearMeIOS/ios/Pods/React-utils\"\ \"/Users/shashishekhar/Desktop/RestaurantsNearMeIOS/ios/Pods/React-graphics\"\ \"/Users/shashishekhar/Desktop/RestaurantsNearMeIOS/ios/Pods/React-graphics/react/renderer/graphics/platform/ios\"\ \"/Users/shashishekhar/Desktop/RestaurantsNearMeIOS/ios/Pods/React-Fabric\"\ \"/Users/shashishekhar/Desktop/RestaurantsNearMeIOS/ios/Pods/React-Fabric/react/renderer/components/view/platform/cxx\"
    export HOME\=/Users/shashishekhar
    export HOST_ARCH\=arm64
    export HOST_PLATFORM\=macosx
    export ICONV\=/usr/bin/iconv
    export IMPLICIT_DEPENDENCY_DOMAIN\=default
    export INDEX_STORE_COMPRESS\=NO
    export INDEX_STORE_ONLY_PROJECT_FILES\=NO
    export INFOPLIST_ENABLE_CFBUNDLEICONS_MERGE\=YES
    export INFOPLIST_EXPAND_BUILD_SETTINGS\=YES
    export INFOPLIST_OUTPUT_FORMAT\=binary
    export INFOPLIST_PREPROCESS\=NO
    export INLINE_PRIVATE_FRAMEWORKS\=NO
    export INSTALLAPI_IGNORE_SKIP_INSTALL\=YES
    export INSTALLHDRS_COPY_PHASE\=NO
    export INSTALLHDRS_SCRIPT_PHASE\=NO
    export INSTALL_DIR\=/tmp/Pods.dst
    export INSTALL_GROUP\=staff
    export INSTALL_MODE_FLAG\=u+w,go-w,a+rX
    export INSTALL_OWNER\=shashishekhar
    export INSTALL_ROOT\=/tmp/Pods.dst
    export IPHONEOS_DEPLOYMENT_TARGET\=15.1
    export IS_UNOPTIMIZED_BUILD\=YES
    export JAVAC_DEFAULT_FLAGS\=-J-Xms64m\ -J-XX:NewSize\=4M\ -J-Dfile.encoding\=UTF8
    export JAVA_APP_STUB\=/System/Library/Frameworks/JavaVM.framework/Resources/MacOS/JavaApplicationStub
    export JAVA_ARCHIVE_CLASSES\=YES
    export JAVA_ARCHIVE_TYPE\=JAR
    export JAVA_COMPILER\=/usr/bin/javac
    export JAVA_FRAMEWORK_RESOURCES_DIRS\=Resources
    export JAVA_JAR_FLAGS\=cv
    export JAVA_SOURCE_SUBDIR\=.
    export JAVA_USE_DEPENDENCIES\=YES
    export JAVA_ZIP_FLAGS\=-urg
    export JIKES_DEFAULT_FLAGS\=+E\ +OLDCSO
    export KEEP_PRIVATE_EXTERNS\=NO
    export LD_DEPENDENCY_INFO_FILE\=/Users/shashishekhar/Library/Developer/Xcode/DerivedData/RestaurantsNearMeIOS-cxlnvzrpmdwxdmausljrqbwijesy/Build/Intermediates.noindex/Pods.build/Debug-iphonesimulator/React-RCTFBReactNativeSpec.build/Objects-normal/undefined_arch/React-RCTFBReactNativeSpec_dependency_info.dat
    export LD_EXPORT_SYMBOLS\=YES
    export LD_GENERATE_MAP_FILE\=NO
    export LD_MAP_FILE_PATH\=/Users/shashishekhar/Library/Developer/Xcode/DerivedData/RestaurantsNearMeIOS-cxlnvzrpmdwxdmausljrqbwijesy/Build/Intermediates.noindex/Pods.build/Debug-iphonesimulator/React-RCTFBReactNativeSpec.build/React-RCTFBReactNativeSpec-LinkMap-normal-undefined_arch.txt
    export LD_NO_PIE\=NO
    export LD_QUOTE_LINKER_ARGUMENTS_FOR_COMPILER_DRIVER\=YES
    export LD_RUNPATH_SEARCH_PATHS\=\ @executable_path/Frameworks
    export LD_SHARED_CACHE_ELIGIBLE\=Automatic
    export LD_WARN_DUPLICATE_LIBRARIES\=NO
    export LD_WARN_UNUSED_DYLIBS\=NO
    export LEGACY_DEVELOPER_DIR\=/Applications/Xcode.app/Contents/PlugIns/Xcode3Core.ideplugin/Contents/SharedSupport/Developer
    export LEX\=lex
    export LIBRARY_DEXT_INSTALL_PATH\=/Library/DriverExtensions
    export LIBRARY_FLAG_NOSPACE\=YES
    export LIBRARY_KEXT_INSTALL_PATH\=/Library/Extensions
    export LINKER_DISPLAYS_MANGLED_NAMES\=NO
    export LINK_FILE_LIST_normal_arm64\=/Users/shashishekhar/Library/Developer/Xcode/DerivedData/RestaurantsNearMeIOS-cxlnvzrpmdwxdmausljrqbwijesy/Build/Intermediates.noindex/Pods.build/Debug-iphonesimulator/React-RCTFBReactNativeSpec.build/Objects-normal/arm64/React-RCTFBReactNativeSpec.LinkFileList
    export LINK_FILE_LIST_normal_x86_64\=/Users/shashishekhar/Library/Developer/Xcode/DerivedData/RestaurantsNearMeIOS-cxlnvzrpmdwxdmausljrqbwijesy/Build/Intermediates.noindex/Pods.build/Debug-iphonesimulator/React-RCTFBReactNativeSpec.build/Objects-normal/x86_64/React-RCTFBReactNativeSpec.LinkFileList
    export LINK_OBJC_RUNTIME\=YES
    export LINK_WITH_STANDARD_LIBRARIES\=YES
    export LLVM_TARGET_TRIPLE_OS_VERSION\=ios15.1
    export LLVM_TARGET_TRIPLE_SUFFIX\=-simulator
    export LLVM_TARGET_TRIPLE_VENDOR\=apple
    export LM_AUX_CONST_METADATA_LIST_PATH_normal_arm64\=/Users/shashishekhar/Library/Developer/Xcode/DerivedData/RestaurantsNearMeIOS-cxlnvzrpmdwxdmausljrqbwijesy/Build/Intermediates.noindex/Pods.build/Debug-iphonesimulator/React-RCTFBReactNativeSpec.build/Objects-normal/arm64/React-RCTFBReactNativeSpec.SwiftConstValuesFileList
    export LM_AUX_CONST_METADATA_LIST_PATH_normal_x86_64\=/Users/shashishekhar/Library/Developer/Xcode/DerivedData/RestaurantsNearMeIOS-cxlnvzrpmdwxdmausljrqbwijesy/Build/Intermediates.noindex/Pods.build/Debug-iphonesimulator/React-RCTFBReactNativeSpec.build/Objects-normal/x86_64/React-RCTFBReactNativeSpec.SwiftConstValuesFileList
    export LOCALIZATION_EXPORT_SUPPORTED\=YES
    export LOCALIZATION_PREFERS_STRING_CATALOGS\=NO
    export LOCALIZED_STRING_CODE_COMMENTS\=NO
    export LOCALIZED_STRING_MACRO_NAMES\=NSLocalizedString\ CFCopyLocalizedString
    export LOCALIZED_STRING_SWIFTUI_SUPPORT\=YES
    export LOCAL_ADMIN_APPS_DIR\=/Applications/Utilities
    export LOCAL_APPS_DIR\=/Applications
    export LOCAL_DEVELOPER_DIR\=/Library/Developer
    export LOCAL_LIBRARY_DIR\=/Library
    export LOCROOT\=/Users/shashishekhar/Desktop/RestaurantsNearMeIOS/ios/Pods
    export LOCSYMROOT\=/Users/shashishekhar/Desktop/RestaurantsNearMeIOS/ios/Pods
    export MAC_OS_X_PRODUCT_BUILD_VERSION\=25E246
    export MAC_OS_X_VERSION_ACTUAL\=260400
    export MAC_OS_X_VERSION_MAJOR\=260000
    export MAC_OS_X_VERSION_MINOR\=260400
    export MAKE_MERGEABLE\=NO
    export MERGEABLE_LIBRARY\=NO
    export MERGED_BINARY_TYPE\=none
    export MERGE_LINKED_LIBRARIES\=NO
    export METAL_LIBRARY_FILE_BASE\=default
    export METAL_LIBRARY_OUTPUT_DIR\=/Users/shashishekhar/Library/Developer/Xcode/DerivedData/RestaurantsNearMeIOS-cxlnvzrpmdwxdmausljrqbwijesy/Build/Products/Debug-iphonesimulator/React-RCTFBReactNativeSpec/
    export MODULE_CACHE_DIR\=/Users/shashishekhar/Library/Developer/Xcode/DerivedData/ModuleCache.noindex
    export MTL_ENABLE_DEBUG_INFO\=INCLUDE_SOURCE
    export MTL_FAST_MATH\=YES
    export NATIVE_ARCH\=arm64
    export NATIVE_ARCH_32_BIT\=arm
    export NATIVE_ARCH_64_BIT\=arm64
    export NATIVE_ARCH_ACTUAL\=arm64
    export NO_COMMON\=YES
    export OBJC_ABI_VERSION\=2
    export OBJECT_FILE_DIR\=/Users/shashishekhar/Library/Developer/Xcode/DerivedData/RestaurantsNearMeIOS-cxlnvzrpmdwxdmausljrqbwijesy/Build/Intermediates.noindex/Pods.build/Debug-iphonesimulator/React-RCTFBReactNativeSpec.build/Objects
    export OBJECT_FILE_DIR_normal\=/Users/shashishekhar/Library/Developer/Xcode/DerivedData/RestaurantsNearMeIOS-cxlnvzrpmdwxdmausljrqbwijesy/Build/Intermediates.noindex/Pods.build/Debug-iphonesimulator/React-RCTFBReactNativeSpec.build/Objects-normal
    export OBJROOT\=/Users/shashishekhar/Library/Developer/Xcode/DerivedData/RestaurantsNearMeIOS-cxlnvzrpmdwxdmausljrqbwijesy/Build/Intermediates.noindex
    export ONLY_ACTIVE_ARCH\=NO
    export OS\=MACOS
    export OSAC\=/usr/bin/osacompile
    export OTHER_CFLAGS\=\ -DRCT_REMOVE_LEGACY_ARCH\=1\ -ivfsoverlay\ /Users/shashishekhar/Desktop/RestaurantsNearMeIOS/ios/Pods/React-Core-prebuilt/React-VFS.yaml
    export OTHER_CPLUSPLUSFLAGS\=\ -DRCT_REMOVE_LEGACY_ARCH\=1\ -ivfsoverlay\ /Users/shashishekhar/Desktop/RestaurantsNearMeIOS/ios/Pods/React-Core-prebuilt/React-VFS.yaml\ -DRCT_REMOVE_LEGACY_ARCH\=1\ -ivfsoverlay\ /Users/shashishekhar/Desktop/RestaurantsNearMeIOS/ios/Pods/React-Core-prebuilt/React-VFS.yaml
    export OTHER_SWIFT_FLAGS\=\ -Xcc\ -ivfsoverlay\ -Xcc\ /Users/shashishekhar/Desktop/RestaurantsNearMeIOS/ios/Pods/React-Core-prebuilt/React-VFS.yaml
    export PASCAL_STRINGS\=YES
    export PATH\=/Applications/Xcode.app/Contents/SharedFrameworks/SwiftBuild.framework/Versions/A/PlugIns/SWBBuildService.bundle/Contents/PlugIns/SWBUniversalPlatformPlugin.bundle/Contents/Frameworks/SWBUniversalPlatform.framework/Resources:/Applications/Xcode.app/Contents/Developer/Toolchains/XcodeDefault.xctoolchain/usr/bin:/Applications/Xcode.app/Contents/Developer/Toolchains/XcodeDefault.xctoolchain/usr/local/bin:/Applications/Xcode.app/Contents/Developer/Toolchains/XcodeDefault.xctoolchain/usr/libexec:/Applications/Xcode.app/Contents/Developer/Platforms/iPhoneSimulator.platform/usr/bin:/Applications/Xcode.app/Contents/Developer/Platforms/iPhoneSimulator.platform/usr/local/bin:/Applications/Xcode.app/Contents/Developer/Platforms/iPhoneSimulator.platform/Developer/usr/bin:/Applications/Xcode.app/Contents/Developer/Platforms/iPhoneSimulator.platform/Developer/usr/local/bin:/Applications/Xcode.app/Contents/Developer/usr/bin:/Applications/Xcode.app/Contents/Developer/usr/local/bin:/Users/shashishekhar/Library/Application\ Support/Code/User/globalStorage/github.copilot-chat/debugCommand:/Users/shashishekhar/Library/Application\ Support/Code/User/globalStorage/github.copilot-chat/copilotCli:/usr/local/bin:/System/Cryptexes/App/usr/bin:/usr/bin:/bin:/usr/sbin:/sbin:/var/run/com.apple.security.cryptexd/codex.system/bootstrap/usr/local/bin:/var/run/com.apple.security.cryptexd/codex.system/bootstrap/usr/bin:/var/run/com.apple.security.cryptexd/codex.system/bootstrap/usr/appleinternal/bin:/opt/pkg/env/active/bin:/opt/pmk/env/global/bin:/Library/Apple/usr/bin:/opt/homebrew/bin
    export PATH_PREFIXES_EXCLUDED_FROM_HEADER_DEPENDENCIES\=/usr/include\ /usr/local/include\ /System/Library/Frameworks\ /System/Library/PrivateFrameworks\ /Applications/Xcode.app/Contents/Developer/Headers\ /Applications/Xcode.app/Contents/Developer/SDKs\ /Applications/Xcode.app/Contents/Developer/Platforms
    export PER_ARCH_MODULE_FILE_DIR\=/Users/shashishekhar/Library/Developer/Xcode/DerivedData/RestaurantsNearMeIOS-cxlnvzrpmdwxdmausljrqbwijesy/Build/Intermediates.noindex/Pods.build/Debug-iphonesimulator/React-RCTFBReactNativeSpec.build/Objects-normal/undefined_arch
    export PER_ARCH_OBJECT_FILE_DIR\=/Users/shashishekhar/Library/Developer/Xcode/DerivedData/RestaurantsNearMeIOS-cxlnvzrpmdwxdmausljrqbwijesy/Build/Intermediates.noindex/Pods.build/Debug-iphonesimulator/React-RCTFBReactNativeSpec.build/Objects-normal/undefined_arch
    export PER_VARIANT_OBJECT_FILE_DIR\=/Users/shashishekhar/Library/Developer/Xcode/DerivedData/RestaurantsNearMeIOS-cxlnvzrpmdwxdmausljrqbwijesy/Build/Intermediates.noindex/Pods.build/Debug-iphonesimulator/React-RCTFBReactNativeSpec.build/Objects-normal
    export PKGINFO_FILE_PATH\=/Users/shashishekhar/Library/Developer/Xcode/DerivedData/RestaurantsNearMeIOS-cxlnvzrpmdwxdmausljrqbwijesy/Build/Intermediates.noindex/Pods.build/Debug-iphonesimulator/React-RCTFBReactNativeSpec.build/PkgInfo
    export PLATFORM_DEVELOPER_APPLICATIONS_DIR\=/Applications/Xcode.app/Contents/Developer/Platforms/iPhoneSimulator.platform/Developer/Applications
    export PLATFORM_DEVELOPER_BIN_DIR\=/Applications/Xcode.app/Contents/Developer/Platforms/iPhoneSimulator.platform/Developer/usr/bin
    export PLATFORM_DEVELOPER_LIBRARY_DIR\=/Applications/Xcode.app/Contents/Developer/Platforms/iPhoneSimulator.platform/Developer/Library
    export PLATFORM_DEVELOPER_SDK_DIR\=/Applications/Xcode.app/Contents/Developer/Platforms/iPhoneSimulator.platform/Developer/SDKs
    export PLATFORM_DEVELOPER_TOOLS_DIR\=/Applications/Xcode.app/Contents/Developer/Platforms/iPhoneSimulator.platform/Developer/Tools
    export PLATFORM_DEVELOPER_USR_DIR\=/Applications/Xcode.app/Contents/Developer/Platforms/iPhoneSimulator.platform/Developer/usr
    export PLATFORM_DIR\=/Applications/Xcode.app/Contents/Developer/Platforms/iPhoneSimulator.platform
    export PLATFORM_DISPLAY_NAME\=iOS\ Simulator
    export PLATFORM_FAMILY_NAME\=iOS
    export PLATFORM_NAME\=iphonesimulator
    export PLATFORM_PREFERRED_ARCH\=x86_64
    export PLATFORM_PRODUCT_BUILD_VERSION\=23F81a
    export PLATFORM_REQUIRES_SWIFT_AUTOLINK_EXTRACT\=NO
    export PLATFORM_REQUIRES_SWIFT_MODULEWRAP\=NO
    export PLATFORM_USES_DSYMS\=YES
    export PLIST_FILE_OUTPUT_FORMAT\=binary
    export PODFILE_DIR\=/Users/shashishekhar/Desktop/RestaurantsNearMeIOS/ios/Pods/..
    export PODS_BUILD_DIR\=/Users/shashishekhar/Library/Developer/Xcode/DerivedData/RestaurantsNearMeIOS-cxlnvzrpmdwxdmausljrqbwijesy/Build/Products
    export PODS_CONFIGURATION_BUILD_DIR\=/Users/shashishekhar/Library/Developer/Xcode/DerivedData/RestaurantsNearMeIOS-cxlnvzrpmdwxdmausljrqbwijesy/Build/Products/Debug-iphonesimulator
    export PODS_DEVELOPMENT_LANGUAGE\=en
    export PODS_ROOT\=/Users/shashishekhar/Desktop/RestaurantsNearMeIOS/ios/Pods
    export PODS_TARGET_SRCROOT\=/Users/shashishekhar/Desktop/RestaurantsNearMeIOS/ios/Pods/../../node_modules/react-native/React
    export PODS_XCFRAMEWORKS_BUILD_DIR\=/Users/shashishekhar/Library/Developer/Xcode/DerivedData/RestaurantsNearMeIOS-cxlnvzrpmdwxdmausljrqbwijesy/Build/Products/Debug-iphonesimulator/XCFrameworkIntermediates
    export PRECOMPS_INCLUDE_HEADERS_FROM_BUILT_PRODUCTS_DIR\=YES
    export PRECOMP_DESTINATION_DIR\=/Users/shashishekhar/Library/Developer/Xcode/DerivedData/RestaurantsNearMeIOS-cxlnvzrpmdwxdmausljrqbwijesy/Build/Intermediates.noindex/Pods.build/Debug-iphonesimulator/React-RCTFBReactNativeSpec.build/PrefixHeaders
    export PROCESSED_INFOPLIST_PATH\=/Users/shashishekhar/Library/Developer/Xcode/DerivedData/RestaurantsNearMeIOS-cxlnvzrpmdwxdmausljrqbwijesy/Build/Intermediates.noindex/Pods.build/Debug-iphonesimulator/React-RCTFBReactNativeSpec.build/Objects-normal/undefined_arch/Processed-Info.plist
    export PRODUCT_BUNDLE_IDENTIFIER\=org.cocoapods.React-RCTFBReactNativeSpec
    export PRODUCT_MODULE_NAME\=React_RCTFBReactNativeSpec
    export PRODUCT_NAME\=React-RCTFBReactNativeSpec
    export PRODUCT_SETTINGS_PATH\=
    export PROFILING_CODE\=NO
    export PROJECT\=Pods
    export PROJECT_DERIVED_FILE_DIR\=/Users/shashishekhar/Library/Developer/Xcode/DerivedData/RestaurantsNearMeIOS-cxlnvzrpmdwxdmausljrqbwijesy/Build/Intermediates.noindex/Pods.build/DerivedSources
    export PROJECT_DIR\=/Users/shashishekhar/Desktop/RestaurantsNearMeIOS/ios/Pods
    export PROJECT_FILE_PATH\=/Users/shashishekhar/Desktop/RestaurantsNearMeIOS/ios/Pods/Pods.xcodeproj
    export PROJECT_GUID\=8699adb1dd336b26511df848a716bd42
    export PROJECT_NAME\=Pods
    export PROJECT_TEMP_DIR\=/Users/shashishekhar/Library/Developer/Xcode/DerivedData/RestaurantsNearMeIOS-cxlnvzrpmdwxdmausljrqbwijesy/Build/Intermediates.noindex/Pods.build
    export PROJECT_TEMP_ROOT\=/Users/shashishekhar/Library/Developer/Xcode/DerivedData/RestaurantsNearMeIOS-cxlnvzrpmdwxdmausljrqbwijesy/Build/Intermediates.noindex
    export REACT_NATIVE_PATH\=/Users/shashishekhar/Desktop/RestaurantsNearMeIOS/ios/Pods/../../node_modules/react-native
    export RECOMMENDED_IPHONEOS_DEPLOYMENT_TARGET\=15.0
    export RECURSIVE_SEARCH_PATHS_FOLLOW_SYMLINKS\=YES
    export REMOVE_CVS_FROM_RESOURCES\=YES
    export REMOVE_GIT_FROM_RESOURCES\=YES
    export REMOVE_HEADERS_FROM_EMBEDDED_BUNDLES\=YES
    export REMOVE_HG_FROM_RESOURCES\=YES
    export REMOVE_STATIC_EXECUTABLES_FROM_EMBEDDED_BUNDLES\=YES
    export REMOVE_SVN_FROM_RESOURCES\=YES
    export RESCHEDULE_INDEPENDENT_HEADERS_PHASES\=YES
    export REZ_COLLECTOR_DIR\=/Users/shashishekhar/Library/Developer/Xcode/DerivedData/RestaurantsNearMeIOS-cxlnvzrpmdwxdmausljrqbwijesy/Build/Intermediates.noindex/Pods.build/Debug-iphonesimulator/React-RCTFBReactNativeSpec.build/ResourceManagerResources
    export REZ_OBJECTS_DIR\=/Users/shashishekhar/Library/Developer/Xcode/DerivedData/RestaurantsNearMeIOS-cxlnvzrpmdwxdmausljrqbwijesy/Build/Intermediates.noindex/Pods.build/Debug-iphonesimulator/React-RCTFBReactNativeSpec.build/ResourceManagerResources/Objects
    export RPATH_ORIGIN\=@loader_path
    export RUNTIME_EXCEPTION_ALLOW_DYLD_ENVIRONMENT_VARIABLES\=NO
    export RUNTIME_EXCEPTION_ALLOW_JIT\=NO
    export RUNTIME_EXCEPTION_ALLOW_UNSIGNED_EXECUTABLE_MEMORY\=NO
    export RUNTIME_EXCEPTION_DEBUGGING_TOOL\=NO
    export RUNTIME_EXCEPTION_DISABLE_EXECUTABLE_PAGE_PROTECTION\=NO
    export RUNTIME_EXCEPTION_DISABLE_LIBRARY_VALIDATION\=NO
    export SCANNING_PCM_KEEP_CACHE_DIRECTORY\=YES
    export SCAN_ALL_SOURCE_FILES_FOR_INCLUDES\=NO
    export SCRIPT_INPUT_FILE_COUNT\=0
    export SCRIPT_INPUT_FILE_LIST_COUNT\=0
    export SCRIPT_OUTPUT_FILE_COUNT\=0
    export SCRIPT_OUTPUT_FILE_LIST_COUNT\=0
    export SDKROOT\=/Applications/Xcode.app/Contents/Developer/Platforms/iPhoneSimulator.platform/Developer/SDKs/iPhoneSimulator26.5.sdk
    export SDK_DIR\=/Applications/Xcode.app/Contents/Developer/Platforms/iPhoneSimulator.platform/Developer/SDKs/iPhoneSimulator26.5.sdk
    export SDK_DIR_iphonesimulator\=/Applications/Xcode.app/Contents/Developer/Platforms/iPhoneSimulator.platform/Developer/SDKs/iPhoneSimulator26.5.sdk
    export SDK_DIR_iphonesimulator26_5\=/Applications/Xcode.app/Contents/Developer/Platforms/iPhoneSimulator.platform/Developer/SDKs/iPhoneSimulator26.5.sdk
    export SDK_NAME\=iphonesimulator26.5
    export SDK_NAMES\=iphonesimulator26.5
    export SDK_PRODUCT_BUILD_VERSION\=23F81a
    export SDK_STAT_CACHE_DIR\=/Users/shashishekhar/Library/Developer/Xcode/DerivedData
    export SDK_STAT_CACHE_ENABLE\=YES
    export SDK_STAT_CACHE_PATH\=/Users/shashishekhar/Library/Developer/Xcode/DerivedData/SDKStatCaches.noindex/iphonesimulator26.5-23F81a-6cfe768891a92b912361537c460fe42b.sdkstatcache
    export SDK_VERSION\=26.5
    export SDK_VERSION_ACTUAL\=260500
    export SDK_VERSION_MAJOR\=260000
    export SDK_VERSION_MINOR\=260500
    export SED\=/usr/bin/sed
    export SEPARATE_STRIP\=NO
    export SEPARATE_SYMBOL_EDIT\=NO
    export SET_DIR_MODE_OWNER_GROUP\=YES
    export SET_FILE_MODE_OWNER_GROUP\=NO
    export SHALLOW_BUNDLE\=NO
    export SHARED_DERIVED_FILE_DIR\=/Users/shashishekhar/Library/Developer/Xcode/DerivedData/RestaurantsNearMeIOS-cxlnvzrpmdwxdmausljrqbwijesy/Build/Products/Debug-iphonesimulator/React-RCTFBReactNativeSpec/DerivedSources
    export SHARED_PRECOMPS_DIR\=/Users/shashishekhar/Library/Developer/Xcode/DerivedData/RestaurantsNearMeIOS-cxlnvzrpmdwxdmausljrqbwijesy/Build/Intermediates.noindex/PrecompiledHeaders
    export SKIP_INSTALL\=YES
    export SKIP_MERGEABLE_LIBRARY_BUNDLE_HOOK\=NO
    export SOURCE_ROOT\=/Users/shashishekhar/Desktop/RestaurantsNearMeIOS/ios/Pods
    export SRCROOT\=/Users/shashishekhar/Desktop/RestaurantsNearMeIOS/ios/Pods
    export STRINGSDATA_DIR\=/Users/shashishekhar/Library/Developer/Xcode/DerivedData/RestaurantsNearMeIOS-cxlnvzrpmdwxdmausljrqbwijesy/Build/Intermediates.noindex/Pods.build/Debug-iphonesimulator/React-RCTFBReactNativeSpec.build/Objects-normal/undefined_arch
    export STRINGSDATA_ROOT\=/Users/shashishekhar/Library/Developer/Xcode/DerivedData/RestaurantsNearMeIOS-cxlnvzrpmdwxdmausljrqbwijesy/Build/Intermediates.noindex/Pods.build/Debug-iphonesimulator/React-RCTFBReactNativeSpec.build
    export STRINGS_FILE_INFOPLIST_RENAME\=YES
    export STRINGS_FILE_OUTPUT_ENCODING\=binary
    export STRING_CATALOG_GENERATE_SYMBOLS\=NO
    export STRIP_BITCODE_FROM_COPIED_FILES\=NO
    export STRIP_INSTALLED_PRODUCT\=NO
    export STRIP_STYLE\=all
    export STRIP_SWIFT_SYMBOLS\=YES
    export SUPPORTED_DEVICE_FAMILIES\=1,2
    export SUPPORTED_PLATFORMS\=iphoneos\ iphonesimulator
    export SUPPORTS_TEXT_BASED_API\=NO
    export SUPPRESS_WARNINGS\=NO
    export SWIFT_ACTIVE_COMPILATION_CONDITIONS\=\ DEBUG
    export SWIFT_EMIT_CONST_VALUE_PROTOCOLS\=AnyResolverProviding\ AppEntity\ AppEnum\ AppExtension\ AppIntent\ AppIntentsPackage\ AppShortcutProviding\ AppShortcutsProvider\ AppUnionValue\ AppUnionValueCasesProviding\ DynamicOptionsProvider\ EntityQuery\ ExtensionPointDefining\ IntentValueQuery\ Resolver\ TransientEntity\ _AssistantIntentsProvider\ _GenerativeFunctionExtractable\ _IntentValueRepresentable
    export SWIFT_EMIT_LOC_STRINGS\=NO
    export SWIFT_ENABLE_EXPLICIT_MODULES\=NO
    export SWIFT_OPTIMIZATION_LEVEL\=-Onone
    export SWIFT_PLATFORM_TARGET_PREFIX\=ios
    export SWIFT_RESPONSE_FILE_PATH_normal_arm64\=/Users/shashishekhar/Library/Developer/Xcode/DerivedData/RestaurantsNearMeIOS-cxlnvzrpmdwxdmausljrqbwijesy/Build/Intermediates.noindex/Pods.build/Debug-iphonesimulator/React-RCTFBReactNativeSpec.build/Objects-normal/arm64/React-RCTFBReactNativeSpec.SwiftFileList
    export SWIFT_RESPONSE_FILE_PATH_normal_x86_64\=/Users/shashishekhar/Library/Developer/Xcode/DerivedData/RestaurantsNearMeIOS-cxlnvzrpmdwxdmausljrqbwijesy/Build/Intermediates.noindex/Pods.build/Debug-iphonesimulator/React-RCTFBReactNativeSpec.build/Objects-normal/x86_64/React-RCTFBReactNativeSpec.SwiftFileList
    export SWIFT_VERSION\=5.0
    export SYMROOT\=/Users/shashishekhar/Library/Developer/Xcode/DerivedData/RestaurantsNearMeIOS-cxlnvzrpmdwxdmausljrqbwijesy/Build/Products
    export SYSTEM_ADMIN_APPS_DIR\=/Applications/Utilities
    export SYSTEM_APPS_DIR\=/Applications
    export SYSTEM_CORE_SERVICES_DIR\=/System/Library/CoreServices
    export SYSTEM_DEMOS_DIR\=/Applications/Extras
    export SYSTEM_DEVELOPER_APPS_DIR\=/Applications/Xcode.app/Contents/Developer/Applications
    export SYSTEM_DEVELOPER_BIN_DIR\=/Applications/Xcode.app/Contents/Developer/usr/bin
    export SYSTEM_DEVELOPER_DEMOS_DIR\=/Applications/Xcode.app/Contents/Developer/Applications/Utilities/Built\ Examples
    export SYSTEM_DEVELOPER_DIR\=/Applications/Xcode.app/Contents/Developer
    export SYSTEM_DEVELOPER_DOC_DIR\=/Applications/Xcode.app/Contents/Developer/ADC\ Reference\ Library
    export SYSTEM_DEVELOPER_GRAPHICS_TOOLS_DIR\=/Applications/Xcode.app/Contents/Developer/Applications/Graphics\ Tools
    export SYSTEM_DEVELOPER_JAVA_TOOLS_DIR\=/Applications/Xcode.app/Contents/Developer/Applications/Java\ Tools
    export SYSTEM_DEVELOPER_PERFORMANCE_TOOLS_DIR\=/Applications/Xcode.app/Contents/Developer/Applications/Performance\ Tools
    export SYSTEM_DEVELOPER_RELEASENOTES_DIR\=/Applications/Xcode.app/Contents/Developer/ADC\ Reference\ Library/releasenotes
    export SYSTEM_DEVELOPER_TOOLS\=/Applications/Xcode.app/Contents/Developer/Tools
    export SYSTEM_DEVELOPER_TOOLS_DOC_DIR\=/Applications/Xcode.app/Contents/Developer/ADC\ Reference\ Library/documentation/DeveloperTools
    export SYSTEM_DEVELOPER_TOOLS_RELEASENOTES_DIR\=/Applications/Xcode.app/Contents/Developer/ADC\ Reference\ Library/releasenotes/DeveloperTools
    export SYSTEM_DEVELOPER_USR_DIR\=/Applications/Xcode.app/Contents/Developer/usr
    export SYSTEM_DEVELOPER_UTILITIES_DIR\=/Applications/Xcode.app/Contents/Developer/Applications/Utilities
    export SYSTEM_DEXT_INSTALL_PATH\=/System/Library/DriverExtensions
    export SYSTEM_DOCUMENTATION_DIR\=/Library/Documentation
    export SYSTEM_KEXT_INSTALL_PATH\=/System/Library/Extensions
    export SYSTEM_LIBRARY_DIR\=/System/Library
    export TAPI_DEMANGLE\=YES
    export TAPI_ENABLE_PROJECT_HEADERS\=NO
    export TAPI_LANGUAGE\=objective-c
    export TAPI_LANGUAGE_STANDARD\=compiler-default
    export TAPI_USE_SRCROOT\=YES
    export TAPI_VERIFY_MODE\=Pedantic
    export TARGETED_DEVICE_FAMILY\=1,2
    export TARGETNAME\=React-RCTFBReactNativeSpec
    export TARGET_BUILD_DIR\=/Users/shashishekhar/Library/Developer/Xcode/DerivedData/RestaurantsNearMeIOS-cxlnvzrpmdwxdmausljrqbwijesy/Build/Products/Debug-iphonesimulator/React-RCTFBReactNativeSpec
    export TARGET_NAME\=React-RCTFBReactNativeSpec
    export TARGET_TEMP_DIR\=/Users/shashishekhar/Library/Developer/Xcode/DerivedData/RestaurantsNearMeIOS-cxlnvzrpmdwxdmausljrqbwijesy/Build/Intermediates.noindex/Pods.build/Debug-iphonesimulator/React-RCTFBReactNativeSpec.build
    export TEMP_DIR\=/Users/shashishekhar/Library/Developer/Xcode/DerivedData/RestaurantsNearMeIOS-cxlnvzrpmdwxdmausljrqbwijesy/Build/Intermediates.noindex/Pods.build/Debug-iphonesimulator/React-RCTFBReactNativeSpec.build
    export TEMP_FILES_DIR\=/Users/shashishekhar/Library/Developer/Xcode/DerivedData/RestaurantsNearMeIOS-cxlnvzrpmdwxdmausljrqbwijesy/Build/Intermediates.noindex/Pods.build/Debug-iphonesimulator/React-RCTFBReactNativeSpec.build
    export TEMP_FILE_DIR\=/Users/shashishekhar/Library/Developer/Xcode/DerivedData/RestaurantsNearMeIOS-cxlnvzrpmdwxdmausljrqbwijesy/Build/Intermediates.noindex/Pods.build/Debug-iphonesimulator/React-RCTFBReactNativeSpec.build
    export TEMP_ROOT\=/Users/shashishekhar/Library/Developer/Xcode/DerivedData/RestaurantsNearMeIOS-cxlnvzrpmdwxdmausljrqbwijesy/Build/Intermediates.noindex
    export TEMP_SANDBOX_DIR\=/Users/shashishekhar/Library/Developer/Xcode/DerivedData/RestaurantsNearMeIOS-cxlnvzrpmdwxdmausljrqbwijesy/Build/Intermediates.noindex/TemporaryTaskSandboxes
    export TEST_FRAMEWORK_SEARCH_PATHS\=\ /Applications/Xcode.app/Contents/Developer/Platforms/iPhoneSimulator.platform/Developer/Library/Frameworks\ /Applications/Xcode.app/Contents/Developer/Platforms/iPhoneSimulator.platform/Developer/SDKs/iPhoneSimulator26.5.sdk/Developer/Library/Frameworks
    export TEST_LIBRARY_SEARCH_PATHS\=\ /Applications/Xcode.app/Contents/Developer/Platforms/iPhoneSimulator.platform/Developer/usr/lib
    export TOOLCHAINS\=com.apple.dt.toolchain.XcodeDefault
    export TOOLCHAIN_DIR\=/Applications/Xcode.app/Contents/Developer/Toolchains/XcodeDefault.xctoolchain
    export TREAT_MISSING_BASELINES_AS_TEST_FAILURES\=NO
    export TREAT_MISSING_SCRIPT_PHASE_OUTPUTS_AS_ERRORS\=NO
    export UID\=501
    export UNINSTALLED_PRODUCTS_DIR\=/Users/shashishekhar/Library/Developer/Xcode/DerivedData/RestaurantsNearMeIOS-cxlnvzrpmdwxdmausljrqbwijesy/Build/Intermediates.noindex/UninstalledProducts
    export UNSTRIPPED_PRODUCT\=NO
    export USER\=shashishekhar
    export USER_APPS_DIR\=/Users/shashishekhar/Applications
    export USER_LIBRARY_DIR\=/Users/shashishekhar/Library
    export USE_DYNAMIC_NO_PIC\=YES
    export USE_HEADERMAP\=NO
    export USE_HEADER_SYMLINKS\=NO
    export USE_HERMES\=true
    export USE_RECURSIVE_SCRIPT_INPUTS_IN_SCRIPT_PHASES\=YES
    export VALIDATE_DEVELOPMENT_ASSET_PATHS\=YES_ERROR
    export VALIDATE_PRODUCT\=NO
    export VALID_ARCHS\=arm64\ x86_64
    export VERBOSE_PBXCP\=NO
    export VERSION_INFO_BUILDER\=shashishekhar
    export VERSION_INFO_FILE\=React-RCTFBReactNativeSpec_vers.c
    export VERSION_INFO_STRING\=\"@\(\#\)PROGRAM:React-RCTFBReactNativeSpec\ \ PROJECT:Pods-\"
    export WORKSPACE_DIR\=/Users/shashishekhar/Desktop/RestaurantsNearMeIOS/ios
    export WRAP_ASSET_PACKS_IN_SEPARATE_DIRECTORIES\=NO
    export XCODE_APP_SUPPORT_DIR\=/Applications/Xcode.app/Contents/Developer/Library/Xcode
    export XCODE_PRODUCT_BUILD_VERSION\=17F113
    export XCODE_VERSION_ACTUAL\=2660
    export XCODE_VERSION_MAJOR\=2600
    export XCODE_VERSION_MINOR\=2660
    export XPCSERVICES_FOLDER_PATH\=/XPCServices
    export YACC\=yacc
    export _DISCOVER_COMMAND_LINE_LINKER_INPUTS\=YES
    export _DISCOVER_COMMAND_LINE_LINKER_INPUTS_INCLUDE_WL\=YES
    export _LD_MULTIARCH\=YES
    export __DIAGNOSE_DEPRECATED_ARCHS\=YES
    export __ORIGINAL_SDK_DEFINED_LLVM_TARGET_TRIPLE_SYS\=ios
    export arch\=undefined_arch
    export variant\=normal
    /bin/sh -c /Users/shashishekhar/Library/Developer/Xcode/DerivedData/RestaurantsNearMeIOS-cxlnvzrpmdwxdmausljrqbwijesy/Build/Intermediates.noindex/Pods.build/Debug-iphonesimulator/React-RCTFBReactNativeSpec.build/Script-46EB2E0001AF40.sh
Checking whether Codegen has run...

PhaseScriptExecution [CP-User]\ Generate\ Specs /Users/shashishekhar/Library/Developer/Xcode/DerivedData/RestaurantsNearMeIOS-cxlnvzrpmdwxdmausljrqbwijesy/Build/Intermediates.noindex/Pods.build/Debug-iphonesimulator/ReactCodegen.build/Script-46EB2E0001AF50.sh (in target 'ReactCodegen' from project 'Pods')
    cd /Users/shashishekhar/Desktop/RestaurantsNearMeIOS/ios/Pods
    export ACTION\=build
    export AD_HOC_CODE_SIGNING_ALLOWED\=YES
    export ALLOW_BUILD_REQUEST_OVERRIDES\=NO
    export ALLOW_TARGET_PLATFORM_SPECIALIZATION\=NO
    export ALTERNATE_GROUP\=staff
    export ALTERNATE_MODE\=u+w,go-w,a+rX
    export ALTERNATE_OWNER\=shashishekhar
    export ALTERNATIVE_DISTRIBUTION_WEB\=NO
    export ALWAYS_EMBED_SWIFT_STANDARD_LIBRARIES\=NO
    export ALWAYS_SEARCH_USER_PATHS\=NO
    export ALWAYS_USE_SEPARATE_HEADERMAPS\=NO
    export APPLICATION_EXTENSION_API_ONLY\=NO
    export APPLY_RULES_IN_COPY_FILES\=NO
    export APPLY_RULES_IN_COPY_HEADERS\=NO
    export APP_SHORTCUTS_ENABLE_FLEXIBLE_MATCHING\=YES
    export ARCHS\=arm64\ x86_64
    export ARCHS_BASE\=arm64\ x86_64
    export ARCHS_STANDARD\=arm64\ x86_64
    export ARCHS_STANDARD_32_64_BIT\=arm64\ x86_64
    export ARCHS_STANDARD_64_BIT\=arm64\ x86_64
    export ARCHS_STANDARD_INCLUDING_64_BIT\=arm64\ x86_64
    export ARCHS_UNIVERSAL_IPHONE_OS\=arm64\ x86_64
    export AUTOMATICALLY_MERGE_DEPENDENCIES\=NO
    export AUTOMATION_APPLE_EVENTS\=NO
    export AVAILABLE_PLATFORMS\=android\ appletvos\ appletvsimulator\ driverkit\ freebsd\ iphoneos\ iphonesimulator\ linux\ macosx\ none\ openbsd\ qnx\ watchos\ watchsimulator\ webassembly\ xros\ xrsimulator
    export BUILD_ACTIVE_RESOURCES_ONLY\=NO
    export BUILD_COMPONENTS\=headers\ build
    export BUILD_DIR\=/Users/shashishekhar/Library/Developer/Xcode/DerivedData/RestaurantsNearMeIOS-cxlnvzrpmdwxdmausljrqbwijesy/Build/Products
    export BUILD_LIBRARY_FOR_DISTRIBUTION\=NO
    export BUILD_ONLY_KNOWN_LOCALIZATIONS\=NO
    export BUILD_ROOT\=/Users/shashishekhar/Library/Developer/Xcode/DerivedData/RestaurantsNearMeIOS-cxlnvzrpmdwxdmausljrqbwijesy/Build/Products
    export BUILD_STYLE\=
    export BUILD_VARIANTS\=normal
    export BUILT_PRODUCTS_DIR\=/Users/shashishekhar/Library/Developer/Xcode/DerivedData/RestaurantsNearMeIOS-cxlnvzrpmdwxdmausljrqbwijesy/Build/Products/Debug-iphonesimulator/ReactCodegen
    export BUNDLE_CONTENTS_FOLDER_PATH_deep\=Contents/
    export BUNDLE_EXECUTABLE_FOLDER_NAME_deep\=MacOS
    export BUNDLE_EXTENSIONS_FOLDER_PATH\=Extensions
    export BUNDLE_FORMAT\=shallow
    export BUNDLE_FRAMEWORKS_FOLDER_PATH\=Frameworks
    export BUNDLE_PLUGINS_FOLDER_PATH\=PlugIns
    export BUNDLE_PRIVATE_HEADERS_FOLDER_PATH\=PrivateHeaders
    export BUNDLE_PUBLIC_HEADERS_FOLDER_PATH\=Headers
    export CACHE_ROOT\=/var/folders/n6/7nd1dnm93kng8k7b6j0bk0sc0000gn/C/com.apple.DeveloperTools/26.6-17F113/Xcode
    export CCHROOT\=/var/folders/n6/7nd1dnm93kng8k7b6j0bk0sc0000gn/C/com.apple.DeveloperTools/26.6-17F113/Xcode
    export CHMOD\=/bin/chmod
    export CHOWN\=chown
    export CLANG_ALLOW_NON_MODULAR_INCLUDES_IN_FRAMEWORK_MODULES\=YES
    export CLANG_ANALYZER_LOCALIZABILITY_NONLOCALIZED\=YES
    export CLANG_ANALYZER_NONNULL\=YES
    export CLANG_ANALYZER_NUMBER_OBJECT_CONVERSION\=YES_AGGRESSIVE
    export CLANG_CACHE_FINE_GRAINED_OUTPUTS\=YES
    export CLANG_CXX_LANGUAGE_STANDARD\=c++20
    export CLANG_CXX_LIBRARY\=libc++
    export CLANG_ENABLE_EXPLICIT_MODULES\=YES
    export CLANG_ENABLE_MODULES\=YES
    export CLANG_ENABLE_MODULE_DEBUGGING\=NO
    export CLANG_ENABLE_OBJC_ARC\=YES
    export CLANG_ENABLE_OBJC_WEAK\=NO
    export CLANG_MODULES_BUILD_SESSION_FILE\=/Users/shashishekhar/Library/Developer/Xcode/DerivedData/ModuleCache.noindex/Session.modulevalidation
    export CLANG_WARN_BLOCK_CAPTURE_AUTORELEASING\=YES
    export CLANG_WARN_BOOL_CONVERSION\=YES
    export CLANG_WARN_COMMA\=YES
    export CLANG_WARN_CONSTANT_CONVERSION\=YES
    export CLANG_WARN_DEPRECATED_OBJC_IMPLEMENTATIONS\=YES
    export CLANG_WARN_DIRECT_OBJC_ISA_USAGE\=YES_ERROR
    export CLANG_WARN_DOCUMENTATION_COMMENTS\=YES
    export CLANG_WARN_EMPTY_BODY\=YES
    export CLANG_WARN_ENUM_CONVERSION\=YES
    export CLANG_WARN_INFINITE_RECURSION\=YES
    export CLANG_WARN_INT_CONVERSION\=YES
    export CLANG_WARN_NON_LITERAL_NULL_CONVERSION\=YES
    export CLANG_WARN_OBJC_IMPLICIT_RETAIN_SELF\=YES
    export CLANG_WARN_OBJC_LITERAL_CONVERSION\=YES
    export CLANG_WARN_OBJC_ROOT_CLASS\=YES_ERROR
    export CLANG_WARN_QUOTED_INCLUDE_IN_FRAMEWORK_HEADER\=NO
    export CLANG_WARN_RANGE_LOOP_ANALYSIS\=YES
    export CLANG_WARN_STRICT_PROTOTYPES\=YES
    export CLANG_WARN_SUSPICIOUS_MOVE\=YES
    export CLANG_WARN_UNGUARDED_AVAILABILITY\=YES_AGGRESSIVE
    export CLANG_WARN_UNREACHABLE_CODE\=YES
    export CLANG_WARN__DUPLICATE_METHOD_MATCH\=YES
    export CLASS_FILE_DIR\=/Users/shashishekhar/Library/Developer/Xcode/DerivedData/RestaurantsNearMeIOS-cxlnvzrpmdwxdmausljrqbwijesy/Build/Intermediates.noindex/Pods.build/Debug-iphonesimulator/ReactCodegen.build/JavaClasses
    export CLEAN_PRECOMPS\=YES
    export CLONE_HEADERS\=NO
    export CODESIGNING_FOLDER_PATH\=/Users/shashishekhar/Library/Developer/Xcode/DerivedData/RestaurantsNearMeIOS-cxlnvzrpmdwxdmausljrqbwijesy/Build/Products/Debug-iphonesimulator/ReactCodegen/libReactCodegen.a
    export CODE_SIGNING_ALLOWED\=NO
    export CODE_SIGNING_REQUIRED\=YES
    export CODE_SIGN_CONTEXT_CLASS\=XCiPhoneSimulatorCodeSignContext
    export CODE_SIGN_IDENTITY\=-
    export CODE_SIGN_INJECT_BASE_ENTITLEMENTS\=YES
    export COLOR_DIAGNOSTICS\=NO
    export COMBINE_HIDPI_IMAGES\=NO
    export COMPILATION_CACHE_CAS_PATH\=/Users/shashishekhar/Library/Developer/Xcode/DerivedData/CompilationCache.noindex
    export COMPILATION_CACHE_KEEP_CAS_DIRECTORY\=YES
    export COMPILER_INDEX_STORE_ENABLE\=Default
    export COMPOSITE_SDK_DIRS\=/Users/shashishekhar/Library/Developer/Xcode/DerivedData/RestaurantsNearMeIOS-cxlnvzrpmdwxdmausljrqbwijesy/Build/Intermediates.noindex/CompositeSDKs
    export COMPRESS_PNG_FILES\=YES
    export CONFIGURATION\=Debug
    export CONFIGURATION_BUILD_DIR\=/Users/shashishekhar/Library/Developer/Xcode/DerivedData/RestaurantsNearMeIOS-cxlnvzrpmdwxdmausljrqbwijesy/Build/Products/Debug-iphonesimulator/ReactCodegen
    export CONFIGURATION_TEMP_DIR\=/Users/shashishekhar/Library/Developer/Xcode/DerivedData/RestaurantsNearMeIOS-cxlnvzrpmdwxdmausljrqbwijesy/Build/Intermediates.noindex/Pods.build/Debug-iphonesimulator
    export COPYING_PRESERVES_HFS_DATA\=NO
    export COPY_HEADERS_RUN_UNIFDEF\=NO
    export COPY_PHASE_STRIP\=NO
    export CORRESPONDING_DEVICE_PLATFORM_DIR\=/Applications/Xcode.app/Contents/Developer/Platforms/iPhoneOS.platform
    export CORRESPONDING_DEVICE_PLATFORM_NAME\=iphoneos
    export CORRESPONDING_DEVICE_SDK_DIR\=/Applications/Xcode.app/Contents/Developer/Platforms/iPhoneOS.platform/Developer/SDKs/iPhoneOS26.5.sdk
    export CORRESPONDING_DEVICE_SDK_NAME\=iphoneos26.5
    export CP\=/bin/cp
    export CREATE_INFOPLIST_SECTION_IN_BINARY\=NO
    export CURRENT_ARCH\=undefined_arch
    export CURRENT_VARIANT\=normal
    export DEAD_CODE_STRIPPING\=YES
    export DEBUGGING_SYMBOLS\=YES
    export DEBUG_INFORMATION_FORMAT\=dwarf
    export DEBUG_INFORMATION_VERSION\=compiler-default
    export DEFAULT_COMPILER\=com.apple.compilers.llvm.clang.1_0
    export DEFAULT_DEXT_INSTALL_PATH\=/System/Library/DriverExtensions
    export DEFAULT_KEXT_INSTALL_PATH\=/System/Library/Extensions
    export DEFINES_MODULE\=NO
    export DEPLOYMENT_LOCATION\=NO
    export DEPLOYMENT_POSTPROCESSING\=NO
    export DEPLOYMENT_TARGET_SETTING_NAME\=IPHONEOS_DEPLOYMENT_TARGET
    export DEPLOYMENT_TARGET_SUGGESTED_VALUES\=12.0\ 12.1\ 12.2\ 12.3\ 12.4\ 13.0\ 13.1\ 13.2\ 13.3\ 13.4\ 13.5\ 13.6\ 14.0\ 14.1\ 14.2\ 14.3\ 14.4\ 14.5\ 14.6\ 14.7\ 15.0\ 15.1\ 15.2\ 15.3\ 15.4\ 15.5\ 15.6\ 16.0\ 16.1\ 16.2\ 16.3\ 16.4\ 16.5\ 16.6\ 17.0\ 17.1\ 17.2\ 17.3\ 17.4\ 17.5\ 17.6\ 18.0\ 18.1\ 18.2\ 18.3\ 18.4\ 18.5\ 18.6\ 26.0\ 26.2\ 26.3\ 26.4\ 26.5
    export DERIVED_FILES_DIR\=/Users/shashishekhar/Library/Developer/Xcode/DerivedData/RestaurantsNearMeIOS-cxlnvzrpmdwxdmausljrqbwijesy/Build/Intermediates.noindex/Pods.build/Debug-iphonesimulator/ReactCodegen.build/DerivedSources
    export DERIVED_FILE_DIR\=/Users/shashishekhar/Library/Developer/Xcode/DerivedData/RestaurantsNearMeIOS-cxlnvzrpmdwxdmausljrqbwijesy/Build/Intermediates.noindex/Pods.build/Debug-iphonesimulator/ReactCodegen.build/DerivedSources
    export DERIVED_SOURCES_DIR\=/Users/shashishekhar/Library/Developer/Xcode/DerivedData/RestaurantsNearMeIOS-cxlnvzrpmdwxdmausljrqbwijesy/Build/Intermediates.noindex/Pods.build/Debug-iphonesimulator/ReactCodegen.build/DerivedSources
    export DEVELOPER_APPLICATIONS_DIR\=/Applications/Xcode.app/Contents/Developer/Applications
    export DEVELOPER_BIN_DIR\=/Applications/Xcode.app/Contents/Developer/usr/bin
    export DEVELOPER_DIR\=/Applications/Xcode.app/Contents/Developer
    export DEVELOPER_FRAMEWORKS_DIR\=/Applications/Xcode.app/Contents/Developer/Library/Frameworks
    export DEVELOPER_FRAMEWORKS_DIR_QUOTED\=/Applications/Xcode.app/Contents/Developer/Library/Frameworks
    export DEVELOPER_LIBRARY_DIR\=/Applications/Xcode.app/Contents/Developer/Library
    export DEVELOPER_SDK_DIR\=/Applications/Xcode.app/Contents/Developer/Platforms/MacOSX.platform/Developer/SDKs
    export DEVELOPER_TOOLS_DIR\=/Applications/Xcode.app/Contents/Developer/Tools
    export DEVELOPER_USR_DIR\=/Applications/Xcode.app/Contents/Developer/usr
    export DEVELOPMENT_LANGUAGE\=en
    export DIAGNOSE_MISSING_TARGET_DEPENDENCIES\=YES
    export DIFF\=/usr/bin/diff
    export DONT_GENERATE_INFOPLIST_FILE\=NO
    export DSTROOT\=/tmp/Pods.dst
    export DT_TOOLCHAIN_DIR\=/Applications/Xcode.app/Contents/Developer/Toolchains/XcodeDefault.xctoolchain
    export DUMP_DEPENDENCIES\=NO
    export DUMP_DEPENDENCIES_OUTPUT_PATH\=/Users/shashishekhar/Library/Developer/Xcode/DerivedData/RestaurantsNearMeIOS-cxlnvzrpmdwxdmausljrqbwijesy/Build/Intermediates.noindex/Pods.build/Debug-iphonesimulator/ReactCodegen.build/ReactCodegen-BuildDependencyInfo.json
    export DWARF_DSYM_FILE_NAME\=libReactCodegen.a.dSYM
    export DWARF_DSYM_FILE_SHOULD_ACCOMPANY_PRODUCT\=NO
    export DWARF_DSYM_FOLDER_PATH\=/Users/shashishekhar/Library/Developer/Xcode/DerivedData/RestaurantsNearMeIOS-cxlnvzrpmdwxdmausljrqbwijesy/Build/Products/Debug-iphonesimulator/ReactCodegen
    export DYNAMIC_LIBRARY_EXTENSION\=dylib
    export EAGER_COMPILATION_ALLOW_SCRIPTS\=NO
    export EAGER_LINKING\=NO
    export EFFECTIVE_PLATFORM_NAME\=-iphonesimulator
    export EFFECTIVE_SWIFT_VERSION\=5
    export EMBEDDED_CONTENT_CONTAINS_SWIFT\=NO
    export EMBED_ASSET_PACKS_IN_PRODUCT_BUNDLE\=NO
    export ENABLE_APP_SANDBOX\=NO
    export ENABLE_CODE_COVERAGE\=YES
    export ENABLE_COHORT_ARCHS\=NO
    export ENABLE_CPLUSPLUS_BOUNDS_SAFE_BUFFERS\=NO
    export ENABLE_C_BOUNDS_SAFETY\=NO
    export ENABLE_DEFAULT_HEADER_SEARCH_PATHS\=YES
    export ENABLE_DEFAULT_SEARCH_PATHS\=YES
    export ENABLE_ENHANCED_SECURITY\=NO
    export ENABLE_HARDENED_RUNTIME\=NO
    export ENABLE_HEADER_DEPENDENCIES\=YES
    export ENABLE_INCOMING_NETWORK_CONNECTIONS\=NO
    export ENABLE_MODULE_VERIFIER\=NO
    export ENABLE_ON_DEMAND_RESOURCES\=NO
    export ENABLE_OUTGOING_NETWORK_CONNECTIONS\=NO
    export ENABLE_POINTER_AUTHENTICATION\=NO
    export ENABLE_PREVIEWS\=NO
    export ENABLE_RESOURCE_ACCESS_AUDIO_INPUT\=NO
    export ENABLE_RESOURCE_ACCESS_BLUETOOTH\=NO
    export ENABLE_RESOURCE_ACCESS_CALENDARS\=NO
    export ENABLE_RESOURCE_ACCESS_CAMERA\=NO
    export ENABLE_RESOURCE_ACCESS_CONTACTS\=NO
    export ENABLE_RESOURCE_ACCESS_LOCATION\=NO
    export ENABLE_RESOURCE_ACCESS_PHOTO_LIBRARY\=NO
    export ENABLE_RESOURCE_ACCESS_PRINTING\=NO
    export ENABLE_RESOURCE_ACCESS_USB\=NO
    export ENABLE_SDK_IMPORTS\=NO
    export ENABLE_SECURITY_COMPILER_WARNINGS\=NO
    export ENABLE_STRICT_OBJC_MSGSEND\=YES
    export ENABLE_TESTABILITY\=YES
    export ENABLE_TESTING_SEARCH_PATHS\=NO
    export ENABLE_USER_SCRIPT_SANDBOXING\=NO
    export ENABLE_XOJIT_PREVIEWS\=YES
    export ENFORCE_VALID_ARCHS\=YES
    export ENTITLEMENTS_DESTINATION\=__entitlements
    export ENTITLEMENTS_REQUIRED\=YES
    export EXCLUDED_INSTALLSRC_SUBDIRECTORY_PATTERNS\=.DS_Store\ .svn\ .git\ .hg\ CVS
    export EXCLUDED_RECURSIVE_SEARCH_PATH_SUBDIRECTORIES\=\*.nib\ \*.lproj\ \*.framework\ \*.gch\ \*.xcode\*\ \*.xcassets\ \*.icon\ \(\*\)\ .DS_Store\ CVS\ .svn\ .git\ .hg\ \*.pbproj\ \*.pbxproj
    export EXECUTABLE_EXTENSION\=a
    export EXECUTABLE_NAME\=libReactCodegen.a
    export EXECUTABLE_PATH\=libReactCodegen.a
    export EXECUTABLE_PREFIX\=lib
    export EXECUTABLE_SUFFIX\=.a
    export FILE_LIST\=/Users/shashishekhar/Library/Developer/Xcode/DerivedData/RestaurantsNearMeIOS-cxlnvzrpmdwxdmausljrqbwijesy/Build/Intermediates.noindex/Pods.build/Debug-iphonesimulator/ReactCodegen.build/Objects/LinkFileList
    export FIXED_FILES_DIR\=/Users/shashishekhar/Library/Developer/Xcode/DerivedData/RestaurantsNearMeIOS-cxlnvzrpmdwxdmausljrqbwijesy/Build/Intermediates.noindex/Pods.build/Debug-iphonesimulator/ReactCodegen.build/FixedFiles
    export FRAMEWORK_FLAG_PREFIX\=-framework
    export FRAMEWORK_SEARCH_PATHS\=/Users/shashishekhar/Library/Developer/Xcode/DerivedData/RestaurantsNearMeIOS-cxlnvzrpmdwxdmausljrqbwijesy/Build/Products/Debug-iphonesimulator/ReactCodegen\ \ \"/Users/shashishekhar/Desktop/RestaurantsNearMeIOS/ios/Pods/React-Core-prebuilt\"\ \"/Users/shashishekhar/Desktop/RestaurantsNearMeIOS/ios/Pods/ReactNativeDependencies/framework/packages/react-native\"\ \"/Users/shashishekhar/Desktop/RestaurantsNearMeIOS/ios/Pods/hermes-engine/destroot/Library/Frameworks/universal\"\ \"/Users/shashishekhar/Library/Developer/Xcode/DerivedData/RestaurantsNearMeIOS-cxlnvzrpmdwxdmausljrqbwijesy/Build/Products/Debug-iphonesimulator/XCFrameworkIntermediates/React-Core-prebuilt\"\ \"/Users/shashishekhar/Library/Developer/Xcode/DerivedData/RestaurantsNearMeIOS-cxlnvzrpmdwxdmausljrqbwijesy/Build/Products/Debug-iphonesimulator/XCFrameworkIntermediates/ReactNativeDependencies\"\ \"/Users/shashishekhar/Library/Developer/Xcode/DerivedData/RestaurantsNearMeIOS-cxlnvzrpmdwxdmausljrqbwijesy/Build/Products/Debug-iphonesimulator/XCFrameworkIntermediates/hermes-engine/Pre-built\"
    export FRAMEWORK_VERSION\=A
    export FULL_PRODUCT_NAME\=libReactCodegen.a
    export FUSE_BUILD_PHASES\=YES
    export FUSE_BUILD_SCRIPT_PHASES\=NO
    export GCC3_VERSION\=3.3
    export GCC_C_LANGUAGE_STANDARD\=gnu11
    export GCC_DYNAMIC_NO_PIC\=NO
    export GCC_NO_COMMON_BLOCKS\=YES
    export GCC_OBJC_LEGACY_DISPATCH\=YES
    export GCC_OPTIMIZATION_LEVEL\=0
    export GCC_PFE_FILE_C_DIALECTS\=c\ objective-c\ c++\ objective-c++
    export GCC_PREFIX_HEADER\=Target\ Support\ Files/ReactCodegen/ReactCodegen-prefix.pch
    export GCC_PREPROCESSOR_DEFINITIONS\=POD_CONFIGURATION_DEBUG\=1\ DEBUG\=1\ \ COCOAPODS\=1
    export GCC_TREAT_WARNINGS_AS_ERRORS\=NO
    export GCC_VERSION\=com.apple.compilers.llvm.clang.1_0
    export GCC_VERSION_IDENTIFIER\=com_apple_compilers_llvm_clang_1_0
    export GCC_WARN_64_TO_32_BIT_CONVERSION\=YES
    export GCC_WARN_ABOUT_RETURN_TYPE\=YES_ERROR
    export GCC_WARN_UNDECLARED_SELECTOR\=YES
    export GCC_WARN_UNINITIALIZED_AUTOS\=YES_AGGRESSIVE
    export GCC_WARN_UNUSED_FUNCTION\=YES
    export GCC_WARN_UNUSED_VARIABLE\=YES
    export GENERATED_MODULEMAP_DIR\=/Users/shashishekhar/Library/Developer/Xcode/DerivedData/RestaurantsNearMeIOS-cxlnvzrpmdwxdmausljrqbwijesy/Build/Intermediates.noindex/GeneratedModuleMaps-iphonesimulator
    export GENERATE_INFOPLIST_FILE\=NO
    export GENERATE_INTERMEDIATE_TEXT_BASED_STUBS\=YES
    export GENERATE_PKGINFO_FILE\=NO
    export GENERATE_PRELINK_OBJECT_FILE\=NO
    export GENERATE_PROFILING_CODE\=NO
    export GENERATE_TEXT_BASED_STUBS\=NO
    export GID\=20
    export GROUP\=staff
    export HEADERMAP_INCLUDES_FLAT_ENTRIES_FOR_TARGET_BEING_BUILT\=YES
    export HEADERMAP_INCLUDES_FRAMEWORK_ENTRIES_FOR_ALL_PRODUCT_TYPES\=YES
    export HEADERMAP_INCLUDES_FRAMEWORK_ENTRIES_FOR_TARGETS_NOT_BEING_BUILT\=YES
    export HEADERMAP_INCLUDES_NONPUBLIC_NONPRIVATE_HEADERS\=YES
    export HEADERMAP_INCLUDES_PROJECT_HEADERS\=YES
    export HEADERMAP_USES_FRAMEWORK_PREFIX_ENTRIES\=YES
    export HEADERMAP_USES_VFS\=NO
    export HEADER_SEARCH_PATHS\=/Users/shashishekhar/Library/Developer/Xcode/DerivedData/RestaurantsNearMeIOS-cxlnvzrpmdwxdmausljrqbwijesy/Build/Products/Debug-iphonesimulator/ReactCodegen/include\ \ \"/Users/shashishekhar/Desktop/RestaurantsNearMeIOS/ios/Pods/Headers/Private\"\ \"/Users/shashishekhar/Desktop/RestaurantsNearMeIOS/ios/Pods/Headers/Private/ReactCodegen\"\ \"/Users/shashishekhar/Desktop/RestaurantsNearMeIOS/ios/Pods/Headers/Public\"\ \"/Users/shashishekhar/Desktop/RestaurantsNearMeIOS/ios/Pods/Headers/Public/FBLazyVector\"\ \"/Users/shashishekhar/Desktop/RestaurantsNearMeIOS/ios/Pods/Headers/Public/RCTRequired\"\ \"/Users/shashishekhar/Desktop/RestaurantsNearMeIOS/ios/Pods/Headers/Public/RCTSwiftUIWrapper\"\ \"/Users/shashishekhar/Desktop/RestaurantsNearMeIOS/ios/Pods/Headers/Public/RCTTypeSafety\"\ \"/Users/shashishekhar/Desktop/RestaurantsNearMeIOS/ios/Pods/Headers/Public/React-Core\"\ \"/Users/shashishekhar/Desktop/RestaurantsNearMeIOS/ios/Pods/Headers/Public/React-Core-prebuilt\"\ \"/Users/shashishekhar/Desktop/RestaurantsNearMeIOS/ios/Pods/Headers/Public/React-CoreModules\"\ \"/Users/shashishekhar/Desktop/RestaurantsNearMeIOS/ios/Pods/Headers/Public/React-Fabric\"\ \"/Users/shashishekhar/Desktop/RestaurantsNearMeIOS/ios/Pods/Headers/Public/React-FabricComponents\"\ \"/Users/shashishekhar/Desktop/RestaurantsNearMeIOS/ios/Pods/Headers/Public/React-FabricImage\"\ \"/Users/shashishekhar/Desktop/RestaurantsNearMeIOS/ios/Pods/Headers/Public/React-ImageManager\"\ \"/Users/shashishekhar/Desktop/RestaurantsNearMeIOS/ios/Pods/Headers/Public/React-Mapbuffer\"\ \"/Users/shashishekhar/Desktop/RestaurantsNearMeIOS/ios/Pods/Headers/Public/React-NativeModulesApple\"\ \"/Users/shashishekhar/Desktop/RestaurantsNearMeIOS/ios/Pods/Headers/Public/React-RCTAnimation\"\ \"/Users/shashishekhar/Desktop/RestaurantsNearMeIOS/ios/Pods/Headers/Public/React-RCTBlob\"\ \"/Users/shashishekhar/Desktop/RestaurantsNearMeIOS/ios/Pods/Headers/Public/React-RCTFBReactNativeSpec\"\ \"/Users/shashishekhar/Desktop/RestaurantsNearMeIOS/ios/Pods/Headers/Public/React-RCTFabric\"\ \"/Users/shashishekhar/Desktop/RestaurantsNearMeIOS/ios/Pods/Headers/Public/React-RCTImage\"\ \"/Users/shashishekhar/Desktop/RestaurantsNearMeIOS/ios/Pods/Headers/Public/React-RCTRuntime\"\ \"/Users/shashishekhar/Desktop/RestaurantsNearMeIOS/ios/Pods/Headers/Public/React-RCTText\"\ \"/Users/shashishekhar/Desktop/RestaurantsNearMeIOS/ios/Pods/Headers/Public/React-RuntimeApple\"\ \"/Users/shashishekhar/Desktop/RestaurantsNearMeIOS/ios/Pods/Headers/Public/React-RuntimeCore\"\ \"/Users/shashishekhar/Desktop/RestaurantsNearMeIOS/ios/Pods/Headers/Public/React-RuntimeHermes\"\ \"/Users/shashishekhar/Desktop/RestaurantsNearMeIOS/ios/Pods/Headers/Public/React-callinvoker\"\ \"/Users/shashishekhar/Desktop/RestaurantsNearMeIOS/ios/Pods/Headers/Public/React-cxxreact\"\ \"/Users/shashishekhar/Desktop/RestaurantsNearMeIOS/ios/Pods/Headers/Public/React-debug\"\ \"/Users/shashishekhar/Desktop/RestaurantsNearMeIOS/ios/Pods/Headers/Public/React-defaultsnativemodule\"\ \"/Users/shashishekhar/Desktop/RestaurantsNearMeIOS/ios/Pods/Headers/Public/React-domnativemodule\"\ \"/Users/shashishekhar/Desktop/RestaurantsNearMeIOS/ios/Pods/Headers/Public/React-featureflags\"\ \"/Users/shashishekhar/Desktop/RestaurantsNearMeIOS/ios/Pods/Headers/Public/React-featureflagsnativemodule\"\ \"/Users/shashishekhar/Desktop/RestaurantsNearMeIOS/ios/Pods/Headers/Public/React-graphics\"\ \"/Users/shashishekhar/Desktop/RestaurantsNearMeIOS/ios/Pods/Headers/Public/React-hermes\"\ \"/Users/shashishekhar/Desktop/RestaurantsNearMeIOS/ios/Pods/Headers/Public/React-idlecallbacksnativemodule\"\ \"/Users/shashishekhar/Desktop/RestaurantsNearMeIOS/ios/Pods/Headers/Public/React-intersectionobservernativemodule\"\ \"/Users/shashishekhar/Desktop/RestaurantsNearMeIOS/ios/Pods/Headers/Public/React-jserrorhandler\"\ \"/Users/shashishekhar/Desktop/RestaurantsNearMeIOS/ios/Pods/Headers/Public/React-jsi\"\ \"/Users/shashishekhar/Desktop/RestaurantsNearMeIOS/ios/Pods/Headers/Public/React-jsiexecutor\"\ \"/Users/shashishekhar/Desktop/RestaurantsNearMeIOS/ios/Pods/Headers/Public/React-jsinspector\"\ \"/Users/shashishekhar/Desktop/RestaurantsNearMeIOS/ios/Pods/Headers/Public/React-jsinspectorcdp\"\ \"/Users/shashishekhar/Desktop/RestaurantsNearMeIOS/ios/Pods/Headers/Public/React-jsinspectornetwork\"\ \"/Users/shashishekhar/Desktop/RestaurantsNearMeIOS/ios/Pods/Headers/Public/React-jsinspectortracing\"\ \"/Users/shashishekhar/Desktop/RestaurantsNearMeIOS/ios/Pods/Headers/Public/React-jsitooling\"\ \"/Users/shashishekhar/Desktop/RestaurantsNearMeIOS/ios/Pods/Headers/Public/React-logger\"\ \"/Users/shashishekhar/Desktop/RestaurantsNearMeIOS/ios/Pods/Headers/Public/React-microtasksnativemodule\"\ \"/Users/shashishekhar/Desktop/RestaurantsNearMeIOS/ios/Pods/Headers/Public/React-mutationobservernativemodule\"\ \"/Users/shashishekhar/Desktop/RestaurantsNearMeIOS/ios/Pods/Headers/Public/React-networking\"\ \"/Users/shashishekhar/Desktop/RestaurantsNearMeIOS/ios/Pods/Headers/Public/React-oscompat\"\ \"/Users/shashishekhar/Desktop/RestaurantsNearMeIOS/ios/Pods/Headers/Public/React-perflogger\"\ \"/Users/shashishekhar/Desktop/RestaurantsNearMeIOS/ios/Pods/Headers/Public/React-performancecdpmetrics\"\ \"/Users/shashishekhar/Desktop/RestaurantsNearMeIOS/ios/Pods/Headers/Public/React-performancetimeline\"\ \"/Users/shashishekhar/Desktop/RestaurantsNearMeIOS/ios/Pods/Headers/Public/React-rendererconsistency\"\ \"/Users/shashishekhar/Desktop/RestaurantsNearMeIOS/ios/Pods/Headers/Public/React-renderercss\"\ \"/Users/shashishekhar/Desktop/RestaurantsNearMeIOS/ios/Pods/Headers/Public/React-rendererdebug\"\ \"/Users/shashishekhar/Desktop/RestaurantsNearMeIOS/ios/Pods/Headers/Public/React-runtimeexecutor\"\ \"/Users/shashishekhar/Desktop/RestaurantsNearMeIOS/ios/Pods/Headers/Public/React-runtimescheduler\"\ \"/Users/shashishekhar/Desktop/RestaurantsNearMeIOS/ios/Pods/Headers/Public/React-timing\"\ \"/Users/shashishekhar/Desktop/RestaurantsNearMeIOS/ios/Pods/Headers/Public/React-utils\"\ \"/Users/shashishekhar/Desktop/RestaurantsNearMeIOS/ios/Pods/Headers/Public/React-viewtransitionnativemodule\"\ \"/Users/shashishekhar/Desktop/RestaurantsNearMeIOS/ios/Pods/Headers/Public/React-webperformancenativemodule\"\ \"/Users/shashishekhar/Desktop/RestaurantsNearMeIOS/ios/Pods/Headers/Public/ReactCodegen\"\ \"/Users/shashishekhar/Desktop/RestaurantsNearMeIOS/ios/Pods/Headers/Public/ReactCommon\"\ \"/Users/shashishekhar/Desktop/RestaurantsNearMeIOS/ios/Pods/Headers/Public/ReactNativeDependencies\"\ \"/Users/shashishekhar/Desktop/RestaurantsNearMeIOS/ios/Pods/Headers/Public/Yoga\"\ \"/Users/shashishekhar/Desktop/RestaurantsNearMeIOS/ios/Pods/Headers/Public/hermes-engine\"\ \"/Users/shashishekhar/Desktop/RestaurantsNearMeIOS/ios/Pods/ReactNativeDependencies\"\ \"/Users/shashishekhar/Desktop/RestaurantsNearMeIOS/ios/Pods/Headers/Public/ReactCodegen/react/renderer/components\"\ \"/Users/shashishekhar/Desktop/RestaurantsNearMeIOS/ios/Pods/Headers/Private/React-Fabric\"\ \"/Users/shashishekhar/Desktop/RestaurantsNearMeIOS/ios/Pods/Headers/Private/React-RCTFabric\"\ \"/Users/shashishekhar/Desktop/RestaurantsNearMeIOS/ios/Pods/Headers/Private/Yoga\"\ \"/Users/shashishekhar/Desktop/RestaurantsNearMeIOS/ios/Pods/../build/generated/ios/ReactCodegen\"
    export HOME\=/Users/shashishekhar
    export HOST_ARCH\=arm64
    export HOST_PLATFORM\=macosx
    export ICONV\=/usr/bin/iconv
    export IMPLICIT_DEPENDENCY_DOMAIN\=default
    export INDEX_STORE_COMPRESS\=NO
    export INDEX_STORE_ONLY_PROJECT_FILES\=NO
    export INFOPLIST_ENABLE_CFBUNDLEICONS_MERGE\=YES
    export INFOPLIST_EXPAND_BUILD_SETTINGS\=YES
    export INFOPLIST_OUTPUT_FORMAT\=binary
    export INFOPLIST_PREPROCESS\=NO
    export INLINE_PRIVATE_FRAMEWORKS\=NO
    export INSTALLAPI_IGNORE_SKIP_INSTALL\=YES
    export INSTALLHDRS_COPY_PHASE\=NO
    export INSTALLHDRS_SCRIPT_PHASE\=NO
    export INSTALL_DIR\=/tmp/Pods.dst/usr/local/lib
    export INSTALL_GROUP\=staff
    export INSTALL_MODE_FLAG\=u+w,go-w,a+rX
    export INSTALL_OWNER\=shashishekhar
    export INSTALL_PATH\=/usr/local/lib
    export INSTALL_ROOT\=/tmp/Pods.dst
    export IPHONEOS_DEPLOYMENT_TARGET\=15.1
    export IS_UNOPTIMIZED_BUILD\=YES
    export JAVAC_DEFAULT_FLAGS\=-J-Xms64m\ -J-XX:NewSize\=4M\ -J-Dfile.encoding\=UTF8
    export JAVA_APP_STUB\=/System/Library/Frameworks/JavaVM.framework/Resources/MacOS/JavaApplicationStub
    export JAVA_ARCHIVE_CLASSES\=YES
    export JAVA_ARCHIVE_TYPE\=JAR
    export JAVA_COMPILER\=/usr/bin/javac
    export JAVA_FRAMEWORK_RESOURCES_DIRS\=Resources
    export JAVA_JAR_FLAGS\=cv
    export JAVA_SOURCE_SUBDIR\=.
    export JAVA_USE_DEPENDENCIES\=YES
    export JAVA_ZIP_FLAGS\=-urg
    export JIKES_DEFAULT_FLAGS\=+E\ +OLDCSO
    export KEEP_PRIVATE_EXTERNS\=NO
    export LD_DEPENDENCY_INFO_FILE\=/Users/shashishekhar/Library/Developer/Xcode/DerivedData/RestaurantsNearMeIOS-cxlnvzrpmdwxdmausljrqbwijesy/Build/Intermediates.noindex/Pods.build/Debug-iphonesimulator/ReactCodegen.build/Objects-normal/undefined_arch/ReactCodegen_dependency_info.dat
    export LD_EXPORT_SYMBOLS\=YES
    export LD_GENERATE_MAP_FILE\=NO
    export LD_MAP_FILE_PATH\=/Users/shashishekhar/Library/Developer/Xcode/DerivedData/RestaurantsNearMeIOS-cxlnvzrpmdwxdmausljrqbwijesy/Build/Intermediates.noindex/Pods.build/Debug-iphonesimulator/ReactCodegen.build/ReactCodegen-LinkMap-normal-undefined_arch.txt
    export LD_NO_PIE\=NO
    export LD_QUOTE_LINKER_ARGUMENTS_FOR_COMPILER_DRIVER\=YES
    export LD_SHARED_CACHE_ELIGIBLE\=Automatic
    export LD_WARN_DUPLICATE_LIBRARIES\=NO
    export LD_WARN_UNUSED_DYLIBS\=NO
    export LEGACY_DEVELOPER_DIR\=/Applications/Xcode.app/Contents/PlugIns/Xcode3Core.ideplugin/Contents/SharedSupport/Developer
    export LEX\=lex
    export LIBRARY_DEXT_INSTALL_PATH\=/Library/DriverExtensions
    export LIBRARY_FLAG_NOSPACE\=YES
    export LIBRARY_FLAG_PREFIX\=-l
    export LIBRARY_KEXT_INSTALL_PATH\=/Library/Extensions
    export LIBRARY_SEARCH_PATHS\=/Users/shashishekhar/Library/Developer/Xcode/DerivedData/RestaurantsNearMeIOS-cxlnvzrpmdwxdmausljrqbwijesy/Build/Products/Debug-iphonesimulator/ReactCodegen\ 
    export LINKER_DISPLAYS_MANGLED_NAMES\=NO
    export LINK_FILE_LIST_normal_arm64\=/Users/shashishekhar/Library/Developer/Xcode/DerivedData/RestaurantsNearMeIOS-cxlnvzrpmdwxdmausljrqbwijesy/Build/Intermediates.noindex/Pods.build/Debug-iphonesimulator/ReactCodegen.build/Objects-normal/arm64/ReactCodegen.LinkFileList
    export LINK_FILE_LIST_normal_x86_64\=/Users/shashishekhar/Library/Developer/Xcode/DerivedData/RestaurantsNearMeIOS-cxlnvzrpmdwxdmausljrqbwijesy/Build/Intermediates.noindex/Pods.build/Debug-iphonesimulator/ReactCodegen.build/Objects-normal/x86_64/ReactCodegen.LinkFileList
    export LINK_OBJC_RUNTIME\=YES
    export LINK_WITH_STANDARD_LIBRARIES\=YES
    export LLVM_TARGET_TRIPLE_OS_VERSION\=ios15.1
    export LLVM_TARGET_TRIPLE_SUFFIX\=-simulator
    export LLVM_TARGET_TRIPLE_VENDOR\=apple
    export LM_AUX_CONST_METADATA_LIST_PATH_normal_arm64\=/Users/shashishekhar/Library/Developer/Xcode/DerivedData/RestaurantsNearMeIOS-cxlnvzrpmdwxdmausljrqbwijesy/Build/Intermediates.noindex/Pods.build/Debug-iphonesimulator/ReactCodegen.build/Objects-normal/arm64/ReactCodegen.SwiftConstValuesFileList
    export LM_AUX_CONST_METADATA_LIST_PATH_normal_x86_64\=/Users/shashishekhar/Library/Developer/Xcode/DerivedData/RestaurantsNearMeIOS-cxlnvzrpmdwxdmausljrqbwijesy/Build/Intermediates.noindex/Pods.build/Debug-iphonesimulator/ReactCodegen.build/Objects-normal/x86_64/ReactCodegen.SwiftConstValuesFileList
    export LOCALIZATION_EXPORT_SUPPORTED\=YES
    export LOCALIZATION_PREFERS_STRING_CATALOGS\=NO
    export LOCALIZED_STRING_CODE_COMMENTS\=NO
    export LOCALIZED_STRING_MACRO_NAMES\=NSLocalizedString\ CFCopyLocalizedString
    export LOCALIZED_STRING_SWIFTUI_SUPPORT\=YES
    export LOCAL_ADMIN_APPS_DIR\=/Applications/Utilities
    export LOCAL_APPS_DIR\=/Applications
    export LOCAL_DEVELOPER_DIR\=/Library/Developer
    export LOCAL_LIBRARY_DIR\=/Library
    export LOCROOT\=/Users/shashishekhar/Desktop/RestaurantsNearMeIOS/ios/Pods
    export LOCSYMROOT\=/Users/shashishekhar/Desktop/RestaurantsNearMeIOS/ios/Pods
    export MACH_O_TYPE\=staticlib
    export MAC_OS_X_PRODUCT_BUILD_VERSION\=25E246
    export MAC_OS_X_VERSION_ACTUAL\=260400
    export MAC_OS_X_VERSION_MAJOR\=260000
    export MAC_OS_X_VERSION_MINOR\=260400
    export MAKE_MERGEABLE\=NO
    export MERGEABLE_LIBRARY\=NO
    export MERGED_BINARY_TYPE\=none
    export MERGE_LINKED_LIBRARIES\=NO
    export METAL_LIBRARY_FILE_BASE\=default
    export METAL_LIBRARY_OUTPUT_DIR\=/Users/shashishekhar/Library/Developer/Xcode/DerivedData/RestaurantsNearMeIOS-cxlnvzrpmdwxdmausljrqbwijesy/Build/Products/Debug-iphonesimulator/ReactCodegen/
    export MODULEMAP_FILE\=Headers/Public/ReactCodegen/ReactCodegen.modulemap
    export MODULE_CACHE_DIR\=/Users/shashishekhar/Library/Developer/Xcode/DerivedData/ModuleCache.noindex
    export MTL_ENABLE_DEBUG_INFO\=INCLUDE_SOURCE
    export MTL_FAST_MATH\=YES
    export NATIVE_ARCH\=arm64
    export NATIVE_ARCH_32_BIT\=arm
    export NATIVE_ARCH_64_BIT\=arm64
    export NATIVE_ARCH_ACTUAL\=arm64
    export NO_COMMON\=YES
    export OBJC_ABI_VERSION\=2
    export OBJECT_FILE_DIR\=/Users/shashishekhar/Library/Developer/Xcode/DerivedData/RestaurantsNearMeIOS-cxlnvzrpmdwxdmausljrqbwijesy/Build/Intermediates.noindex/Pods.build/Debug-iphonesimulator/ReactCodegen.build/Objects
    export OBJECT_FILE_DIR_normal\=/Users/shashishekhar/Library/Developer/Xcode/DerivedData/RestaurantsNearMeIOS-cxlnvzrpmdwxdmausljrqbwijesy/Build/Intermediates.noindex/Pods.build/Debug-iphonesimulator/ReactCodegen.build/Objects-normal
    export OBJROOT\=/Users/shashishekhar/Library/Developer/Xcode/DerivedData/RestaurantsNearMeIOS-cxlnvzrpmdwxdmausljrqbwijesy/Build/Intermediates.noindex
    export ONLY_ACTIVE_ARCH\=NO
    export OS\=MACOS
    export OSAC\=/usr/bin/osacompile
    export OTHER_CFLAGS\=\ -DRCT_REMOVE_LEGACY_ARCH\=1\ -ivfsoverlay\ /Users/shashishekhar/Desktop/RestaurantsNearMeIOS/ios/Pods/React-Core-prebuilt/React-VFS.yaml
    export OTHER_CPLUSPLUSFLAGS\=\ -DRCT_REMOVE_LEGACY_ARCH\=1\ -ivfsoverlay\ /Users/shashishekhar/Desktop/RestaurantsNearMeIOS/ios/Pods/React-Core-prebuilt/React-VFS.yaml\ -DRCT_REMOVE_LEGACY_ARCH\=1\ -DFOLLY_MOBILE\=1\ -DFOLLY_USE_LIBCPP\=1\ -DFOLLY_CFG_NO_COROUTINES\=1\ -DFOLLY_HAVE_CLOCK_GETTIME\=1\ -Wno-comma\ -Wno-shorten-64-to-32\ -Wno-documentation\ -ivfsoverlay\ /Users/shashishekhar/Desktop/RestaurantsNearMeIOS/ios/Pods/React-Core-prebuilt/React-VFS.yaml
    export OTHER_SWIFT_FLAGS\=\ -Xcc\ -ivfsoverlay\ -Xcc\ /Users/shashishekhar/Desktop/RestaurantsNearMeIOS/ios/Pods/React-Core-prebuilt/React-VFS.yaml
    export PACKAGE_TYPE\=com.apple.package-type.static-library
    export PASCAL_STRINGS\=YES
    export PATH\=/Applications/Xcode.app/Contents/SharedFrameworks/SwiftBuild.framework/Versions/A/PlugIns/SWBBuildService.bundle/Contents/PlugIns/SWBUniversalPlatformPlugin.bundle/Contents/Frameworks/SWBUniversalPlatform.framework/Resources:/Applications/Xcode.app/Contents/Developer/Toolchains/XcodeDefault.xctoolchain/usr/bin:/Applications/Xcode.app/Contents/Developer/Toolchains/XcodeDefault.xctoolchain/usr/local/bin:/Applications/Xcode.app/Contents/Developer/Toolchains/XcodeDefault.xctoolchain/usr/libexec:/Applications/Xcode.app/Contents/Developer/Platforms/iPhoneSimulator.platform/usr/bin:/Applications/Xcode.app/Contents/Developer/Platforms/iPhoneSimulator.platform/usr/local/bin:/Applications/Xcode.app/Contents/Developer/Platforms/iPhoneSimulator.platform/Developer/usr/bin:/Applications/Xcode.app/Contents/Developer/Platforms/iPhoneSimulator.platform/Developer/usr/local/bin:/Applications/Xcode.app/Contents/Developer/usr/bin:/Applications/Xcode.app/Contents/Developer/usr/local/bin:/Users/shashishekhar/Library/Application\ Support/Code/User/globalStorage/github.copilot-chat/debugCommand:/Users/shashishekhar/Library/Application\ Support/Code/User/globalStorage/github.copilot-chat/copilotCli:/usr/local/bin:/System/Cryptexes/App/usr/bin:/usr/bin:/bin:/usr/sbin:/sbin:/var/run/com.apple.security.cryptexd/codex.system/bootstrap/usr/local/bin:/var/run/com.apple.security.cryptexd/codex.system/bootstrap/usr/bin:/var/run/com.apple.security.cryptexd/codex.system/bootstrap/usr/appleinternal/bin:/opt/pkg/env/active/bin:/opt/pmk/env/global/bin:/Library/Apple/usr/bin:/opt/homebrew/bin
    export PATH_PREFIXES_EXCLUDED_FROM_HEADER_DEPENDENCIES\=/usr/include\ /usr/local/include\ /System/Library/Frameworks\ /System/Library/PrivateFrameworks\ /Applications/Xcode.app/Contents/Developer/Headers\ /Applications/Xcode.app/Contents/Developer/SDKs\ /Applications/Xcode.app/Contents/Developer/Platforms
    export PER_ARCH_MODULE_FILE_DIR\=/Users/shashishekhar/Library/Developer/Xcode/DerivedData/RestaurantsNearMeIOS-cxlnvzrpmdwxdmausljrqbwijesy/Build/Intermediates.noindex/Pods.build/Debug-iphonesimulator/ReactCodegen.build/Objects-normal/undefined_arch
    export PER_ARCH_OBJECT_FILE_DIR\=/Users/shashishekhar/Library/Developer/Xcode/DerivedData/RestaurantsNearMeIOS-cxlnvzrpmdwxdmausljrqbwijesy/Build/Intermediates.noindex/Pods.build/Debug-iphonesimulator/ReactCodegen.build/Objects-normal/undefined_arch
    export PER_VARIANT_OBJECT_FILE_DIR\=/Users/shashishekhar/Library/Developer/Xcode/DerivedData/RestaurantsNearMeIOS-cxlnvzrpmdwxdmausljrqbwijesy/Build/Intermediates.noindex/Pods.build/Debug-iphonesimulator/ReactCodegen.build/Objects-normal
    export PKGINFO_FILE_PATH\=/Users/shashishekhar/Library/Developer/Xcode/DerivedData/RestaurantsNearMeIOS-cxlnvzrpmdwxdmausljrqbwijesy/Build/Intermediates.noindex/Pods.build/Debug-iphonesimulator/ReactCodegen.build/PkgInfo
    export PLATFORM_DEVELOPER_APPLICATIONS_DIR\=/Applications/Xcode.app/Contents/Developer/Platforms/iPhoneSimulator.platform/Developer/Applications
    export PLATFORM_DEVELOPER_BIN_DIR\=/Applications/Xcode.app/Contents/Developer/Platforms/iPhoneSimulator.platform/Developer/usr/bin
    export PLATFORM_DEVELOPER_LIBRARY_DIR\=/Applications/Xcode.app/Contents/Developer/Platforms/iPhoneSimulator.platform/Developer/Library
    export PLATFORM_DEVELOPER_SDK_DIR\=/Applications/Xcode.app/Contents/Developer/Platforms/iPhoneSimulator.platform/Developer/SDKs
    export PLATFORM_DEVELOPER_TOOLS_DIR\=/Applications/Xcode.app/Contents/Developer/Platforms/iPhoneSimulator.platform/Developer/Tools
    export PLATFORM_DEVELOPER_USR_DIR\=/Applications/Xcode.app/Contents/Developer/Platforms/iPhoneSimulator.platform/Developer/usr
    export PLATFORM_DIR\=/Applications/Xcode.app/Contents/Developer/Platforms/iPhoneSimulator.platform
    export PLATFORM_DISPLAY_NAME\=iOS\ Simulator
    export PLATFORM_FAMILY_NAME\=iOS
    export PLATFORM_NAME\=iphonesimulator
    export PLATFORM_PREFERRED_ARCH\=x86_64
    export PLATFORM_PRODUCT_BUILD_VERSION\=23F81a
    export PLATFORM_REQUIRES_SWIFT_AUTOLINK_EXTRACT\=NO
    export PLATFORM_REQUIRES_SWIFT_MODULEWRAP\=NO
    export PLATFORM_USES_DSYMS\=YES
    export PLIST_FILE_OUTPUT_FORMAT\=binary
    export PODFILE_DIR\=/Users/shashishekhar/Desktop/RestaurantsNearMeIOS/ios/Pods/..
    export PODS_BUILD_DIR\=/Users/shashishekhar/Library/Developer/Xcode/DerivedData/RestaurantsNearMeIOS-cxlnvzrpmdwxdmausljrqbwijesy/Build/Products
    export PODS_CONFIGURATION_BUILD_DIR\=/Users/shashishekhar/Library/Developer/Xcode/DerivedData/RestaurantsNearMeIOS-cxlnvzrpmdwxdmausljrqbwijesy/Build/Products/Debug-iphonesimulator
    export PODS_DEVELOPMENT_LANGUAGE\=en
    export PODS_ROOT\=/Users/shashishekhar/Desktop/RestaurantsNearMeIOS/ios/Pods
    export PODS_TARGET_SRCROOT\=/Users/shashishekhar/Desktop/RestaurantsNearMeIOS/ios/Pods/../build/generated/ios/ReactCodegen
    export PODS_XCFRAMEWORKS_BUILD_DIR\=/Users/shashishekhar/Library/Developer/Xcode/DerivedData/RestaurantsNearMeIOS-cxlnvzrpmdwxdmausljrqbwijesy/Build/Products/Debug-iphonesimulator/XCFrameworkIntermediates
    export PRECOMPS_INCLUDE_HEADERS_FROM_BUILT_PRODUCTS_DIR\=YES
    export PRECOMP_DESTINATION_DIR\=/Users/shashishekhar/Library/Developer/Xcode/DerivedData/RestaurantsNearMeIOS-cxlnvzrpmdwxdmausljrqbwijesy/Build/Intermediates.noindex/Pods.build/Debug-iphonesimulator/ReactCodegen.build/PrefixHeaders
    export PROCESSED_INFOPLIST_PATH\=/Users/shashishekhar/Library/Developer/Xcode/DerivedData/RestaurantsNearMeIOS-cxlnvzrpmdwxdmausljrqbwijesy/Build/Intermediates.noindex/Pods.build/Debug-iphonesimulator/ReactCodegen.build/Objects-normal/undefined_arch/Processed-Info.plist
    export PRODUCT_BUNDLE_IDENTIFIER\=org.cocoapods.ReactCodegen
    export PRODUCT_MODULE_NAME\=ReactCodegen
    export PRODUCT_NAME\=ReactCodegen
    export PRODUCT_SETTINGS_PATH\=
    export PRODUCT_TYPE\=com.apple.product-type.library.static
    export PROFILING_CODE\=NO
    export PROJECT\=Pods
    export PROJECT_DERIVED_FILE_DIR\=/Users/shashishekhar/Library/Developer/Xcode/DerivedData/RestaurantsNearMeIOS-cxlnvzrpmdwxdmausljrqbwijesy/Build/Intermediates.noindex/Pods.build/DerivedSources
    export PROJECT_DIR\=/Users/shashishekhar/Desktop/RestaurantsNearMeIOS/ios/Pods
    export PROJECT_FILE_PATH\=/Users/shashishekhar/Desktop/RestaurantsNearMeIOS/ios/Pods/Pods.xcodeproj
    export PROJECT_GUID\=8699adb1dd336b26511df848a716bd42
    export PROJECT_NAME\=Pods
    export PROJECT_TEMP_DIR\=/Users/shashishekhar/Library/Developer/Xcode/DerivedData/RestaurantsNearMeIOS-cxlnvzrpmdwxdmausljrqbwijesy/Build/Intermediates.noindex/Pods.build
    export PROJECT_TEMP_ROOT\=/Users/shashishekhar/Library/Developer/Xcode/DerivedData/RestaurantsNearMeIOS-cxlnvzrpmdwxdmausljrqbwijesy/Build/Intermediates.noindex
    export REACT_NATIVE_PATH\=/Users/shashishekhar/Desktop/RestaurantsNearMeIOS/ios/Pods/../../node_modules/react-native
    export RECOMMENDED_IPHONEOS_DEPLOYMENT_TARGET\=15.0
    export RECURSIVE_SEARCH_PATHS_FOLLOW_SYMLINKS\=YES
    export REMOVE_CVS_FROM_RESOURCES\=YES
    export REMOVE_GIT_FROM_RESOURCES\=YES
    export REMOVE_HEADERS_FROM_EMBEDDED_BUNDLES\=YES
    export REMOVE_HG_FROM_RESOURCES\=YES
    export REMOVE_STATIC_EXECUTABLES_FROM_EMBEDDED_BUNDLES\=YES
    export REMOVE_SVN_FROM_RESOURCES\=YES
    export RESCHEDULE_INDEPENDENT_HEADERS_PHASES\=YES
    export REZ_COLLECTOR_DIR\=/Users/shashishekhar/Library/Developer/Xcode/DerivedData/RestaurantsNearMeIOS-cxlnvzrpmdwxdmausljrqbwijesy/Build/Intermediates.noindex/Pods.build/Debug-iphonesimulator/ReactCodegen.build/ResourceManagerResources
    export REZ_EXECUTABLE\=YES
    export REZ_OBJECTS_DIR\=/Users/shashishekhar/Library/Developer/Xcode/DerivedData/RestaurantsNearMeIOS-cxlnvzrpmdwxdmausljrqbwijesy/Build/Intermediates.noindex/Pods.build/Debug-iphonesimulator/ReactCodegen.build/ResourceManagerResources/Objects
    export REZ_SEARCH_PATHS\=/Users/shashishekhar/Library/Developer/Xcode/DerivedData/RestaurantsNearMeIOS-cxlnvzrpmdwxdmausljrqbwijesy/Build/Products/Debug-iphonesimulator/ReactCodegen\ 
    export RPATH_ORIGIN\=@loader_path
    export RUNTIME_EXCEPTION_ALLOW_DYLD_ENVIRONMENT_VARIABLES\=NO
    export RUNTIME_EXCEPTION_ALLOW_JIT\=NO
    export RUNTIME_EXCEPTION_ALLOW_UNSIGNED_EXECUTABLE_MEMORY\=NO
    export RUNTIME_EXCEPTION_DEBUGGING_TOOL\=NO
    export RUNTIME_EXCEPTION_DISABLE_EXECUTABLE_PAGE_PROTECTION\=NO
    export RUNTIME_EXCEPTION_DISABLE_LIBRARY_VALIDATION\=NO
    export SCANNING_PCM_KEEP_CACHE_DIRECTORY\=YES
    export SCAN_ALL_SOURCE_FILES_FOR_INCLUDES\=NO
    export SCRIPT_INPUT_FILE_COUNT\=0
    export SCRIPT_INPUT_FILE_LIST_COUNT\=0
    export SCRIPT_OUTPUT_FILE_0\=/Users/shashishekhar/Library/Developer/Xcode/DerivedData/RestaurantsNearMeIOS-cxlnvzrpmdwxdmausljrqbwijesy/Build/Intermediates.noindex/Pods.build/Debug-iphonesimulator/ReactCodegen.build/DerivedSources/react-codegen.log
    export SCRIPT_OUTPUT_FILE_COUNT\=1
    export SCRIPT_OUTPUT_FILE_LIST_COUNT\=0
    export SDKROOT\=/Applications/Xcode.app/Contents/Developer/Platforms/iPhoneSimulator.platform/Developer/SDKs/iPhoneSimulator26.5.sdk
    export SDK_DIR\=/Applications/Xcode.app/Contents/Developer/Platforms/iPhoneSimulator.platform/Developer/SDKs/iPhoneSimulator26.5.sdk
    export SDK_DIR_iphonesimulator\=/Applications/Xcode.app/Contents/Developer/Platforms/iPhoneSimulator.platform/Developer/SDKs/iPhoneSimulator26.5.sdk
    export SDK_DIR_iphonesimulator26_5\=/Applications/Xcode.app/Contents/Developer/Platforms/iPhoneSimulator.platform/Developer/SDKs/iPhoneSimulator26.5.sdk
    export SDK_NAME\=iphonesimulator26.5
    export SDK_NAMES\=iphonesimulator26.5
    export SDK_PRODUCT_BUILD_VERSION\=23F81a
    export SDK_STAT_CACHE_DIR\=/Users/shashishekhar/Library/Developer/Xcode/DerivedData
    export SDK_STAT_CACHE_ENABLE\=YES
    export SDK_STAT_CACHE_PATH\=/Users/shashishekhar/Library/Developer/Xcode/DerivedData/SDKStatCaches.noindex/iphonesimulator26.5-23F81a-6cfe768891a92b912361537c460fe42b.sdkstatcache
    export SDK_VERSION\=26.5
    export SDK_VERSION_ACTUAL\=260500
    export SDK_VERSION_MAJOR\=260000
    export SDK_VERSION_MINOR\=260500
    export SED\=/usr/bin/sed
    export SEPARATE_STRIP\=NO
    export SEPARATE_SYMBOL_EDIT\=NO
    export SET_DIR_MODE_OWNER_GROUP\=YES
    export SET_FILE_MODE_OWNER_GROUP\=NO
    export SHALLOW_BUNDLE\=NO
    export SHARED_DERIVED_FILE_DIR\=/Users/shashishekhar/Library/Developer/Xcode/DerivedData/RestaurantsNearMeIOS-cxlnvzrpmdwxdmausljrqbwijesy/Build/Products/Debug-iphonesimulator/ReactCodegen/DerivedSources
    export SHARED_PRECOMPS_DIR\=/Users/shashishekhar/Library/Developer/Xcode/DerivedData/RestaurantsNearMeIOS-cxlnvzrpmdwxdmausljrqbwijesy/Build/Intermediates.noindex/PrecompiledHeaders
    export SKIP_INSTALL\=YES
    export SKIP_MERGEABLE_LIBRARY_BUNDLE_HOOK\=NO
    export SOURCE_ROOT\=/Users/shashishekhar/Desktop/RestaurantsNearMeIOS/ios/Pods
    export SRCROOT\=/Users/shashishekhar/Desktop/RestaurantsNearMeIOS/ios/Pods
    export STRINGSDATA_DIR\=/Users/shashishekhar/Library/Developer/Xcode/DerivedData/RestaurantsNearMeIOS-cxlnvzrpmdwxdmausljrqbwijesy/Build/Intermediates.noindex/Pods.build/Debug-iphonesimulator/ReactCodegen.build/Objects-normal/undefined_arch
    export STRINGSDATA_ROOT\=/Users/shashishekhar/Library/Developer/Xcode/DerivedData/RestaurantsNearMeIOS-cxlnvzrpmdwxdmausljrqbwijesy/Build/Intermediates.noindex/Pods.build/Debug-iphonesimulator/ReactCodegen.build
    export STRINGS_FILE_INFOPLIST_RENAME\=YES
    export STRINGS_FILE_OUTPUT_ENCODING\=binary
    export STRING_CATALOG_GENERATE_SYMBOLS\=NO
    export STRIP_BITCODE_FROM_COPIED_FILES\=NO
    export STRIP_INSTALLED_PRODUCT\=NO
    export STRIP_STYLE\=debugging
    export STRIP_SWIFT_SYMBOLS\=YES
    export SUPPORTED_DEVICE_FAMILIES\=1,2
    export SUPPORTED_PLATFORMS\=iphoneos\ iphonesimulator
    export SUPPORTS_TEXT_BASED_API\=NO
    export SUPPRESS_WARNINGS\=NO
    export SWIFT_ACTIVE_COMPILATION_CONDITIONS\=\ DEBUG\ 
    export SWIFT_EMIT_CONST_VALUE_PROTOCOLS\=AnyResolverProviding\ AppEntity\ AppEnum\ AppExtension\ AppIntent\ AppIntentsPackage\ AppShortcutProviding\ AppShortcutsProvider\ AppUnionValue\ AppUnionValueCasesProviding\ DynamicOptionsProvider\ EntityQuery\ ExtensionPointDefining\ IntentValueQuery\ Resolver\ TransientEntity\ _AssistantIntentsProvider\ _GenerativeFunctionExtractable\ _IntentValueRepresentable
    export SWIFT_EMIT_LOC_STRINGS\=NO
    export SWIFT_ENABLE_EXPLICIT_MODULES\=NO
    export SWIFT_INSTALL_OBJC_HEADER\=YES
    export SWIFT_OPTIMIZATION_LEVEL\=-Onone
    export SWIFT_PLATFORM_TARGET_PREFIX\=ios
    export SWIFT_RESPONSE_FILE_PATH_normal_arm64\=/Users/shashishekhar/Library/Developer/Xcode/DerivedData/RestaurantsNearMeIOS-cxlnvzrpmdwxdmausljrqbwijesy/Build/Intermediates.noindex/Pods.build/Debug-iphonesimulator/ReactCodegen.build/Objects-normal/arm64/ReactCodegen.SwiftFileList
    export SWIFT_RESPONSE_FILE_PATH_normal_x86_64\=/Users/shashishekhar/Library/Developer/Xcode/DerivedData/RestaurantsNearMeIOS-cxlnvzrpmdwxdmausljrqbwijesy/Build/Intermediates.noindex/Pods.build/Debug-iphonesimulator/ReactCodegen.build/Objects-normal/x86_64/ReactCodegen.SwiftFileList
    export SWIFT_VERSION\=5.0
    export SYMROOT\=/Users/shashishekhar/Library/Developer/Xcode/DerivedData/RestaurantsNearMeIOS-cxlnvzrpmdwxdmausljrqbwijesy/Build/Products
    export SYSTEM_ADMIN_APPS_DIR\=/Applications/Utilities
    export SYSTEM_APPS_DIR\=/Applications
    export SYSTEM_CORE_SERVICES_DIR\=/System/Library/CoreServices
    export SYSTEM_DEMOS_DIR\=/Applications/Extras
    export SYSTEM_DEVELOPER_APPS_DIR\=/Applications/Xcode.app/Contents/Developer/Applications
    export SYSTEM_DEVELOPER_BIN_DIR\=/Applications/Xcode.app/Contents/Developer/usr/bin
    export SYSTEM_DEVELOPER_DEMOS_DIR\=/Applications/Xcode.app/Contents/Developer/Applications/Utilities/Built\ Examples
    export SYSTEM_DEVELOPER_DIR\=/Applications/Xcode.app/Contents/Developer
    export SYSTEM_DEVELOPER_DOC_DIR\=/Applications/Xcode.app/Contents/Developer/ADC\ Reference\ Library
    export SYSTEM_DEVELOPER_GRAPHICS_TOOLS_DIR\=/Applications/Xcode.app/Contents/Developer/Applications/Graphics\ Tools
    export SYSTEM_DEVELOPER_JAVA_TOOLS_DIR\=/Applications/Xcode.app/Contents/Developer/Applications/Java\ Tools
    export SYSTEM_DEVELOPER_PERFORMANCE_TOOLS_DIR\=/Applications/Xcode.app/Contents/Developer/Applications/Performance\ Tools
    export SYSTEM_DEVELOPER_RELEASENOTES_DIR\=/Applications/Xcode.app/Contents/Developer/ADC\ Reference\ Library/releasenotes
    export SYSTEM_DEVELOPER_TOOLS\=/Applications/Xcode.app/Contents/Developer/Tools
    export SYSTEM_DEVELOPER_TOOLS_DOC_DIR\=/Applications/Xcode.app/Contents/Developer/ADC\ Reference\ Library/documentation/DeveloperTools
    export SYSTEM_DEVELOPER_TOOLS_RELEASENOTES_DIR\=/Applications/Xcode.app/Contents/Developer/ADC\ Reference\ Library/releasenotes/DeveloperTools
    export SYSTEM_DEVELOPER_USR_DIR\=/Applications/Xcode.app/Contents/Developer/usr
    export SYSTEM_DEVELOPER_UTILITIES_DIR\=/Applications/Xcode.app/Contents/Developer/Applications/Utilities
    export SYSTEM_DEXT_INSTALL_PATH\=/System/Library/DriverExtensions
    export SYSTEM_DOCUMENTATION_DIR\=/Library/Documentation
    export SYSTEM_KEXT_INSTALL_PATH\=/System/Library/Extensions
    export SYSTEM_LIBRARY_DIR\=/System/Library
    export TAPI_DEMANGLE\=YES
    export TAPI_ENABLE_PROJECT_HEADERS\=NO
    export TAPI_LANGUAGE\=objective-c
    export TAPI_LANGUAGE_STANDARD\=compiler-default
    export TAPI_USE_SRCROOT\=YES
    export TAPI_VERIFY_MODE\=Pedantic
    export TARGETED_DEVICE_FAMILY\=1,2
    export TARGETNAME\=ReactCodegen
    export TARGET_BUILD_DIR\=/Users/shashishekhar/Library/Developer/Xcode/DerivedData/RestaurantsNearMeIOS-cxlnvzrpmdwxdmausljrqbwijesy/Build/Products/Debug-iphonesimulator/ReactCodegen
    export TARGET_NAME\=ReactCodegen
    export TARGET_TEMP_DIR\=/Users/shashishekhar/Library/Developer/Xcode/DerivedData/RestaurantsNearMeIOS-cxlnvzrpmdwxdmausljrqbwijesy/Build/Intermediates.noindex/Pods.build/Debug-iphonesimulator/ReactCodegen.build
    export TEMP_DIR\=/Users/shashishekhar/Library/Developer/Xcode/DerivedData/RestaurantsNearMeIOS-cxlnvzrpmdwxdmausljrqbwijesy/Build/Intermediates.noindex/Pods.build/Debug-iphonesimulator/ReactCodegen.build
    export TEMP_FILES_DIR\=/Users/shashishekhar/Library/Developer/Xcode/DerivedData/RestaurantsNearMeIOS-cxlnvzrpmdwxdmausljrqbwijesy/Build/Intermediates.noindex/Pods.build/Debug-iphonesimulator/ReactCodegen.build
    export TEMP_FILE_DIR\=/Users/shashishekhar/Library/Developer/Xcode/DerivedData/RestaurantsNearMeIOS-cxlnvzrpmdwxdmausljrqbwijesy/Build/Intermediates.noindex/Pods.build/Debug-iphonesimulator/ReactCodegen.build
    export TEMP_ROOT\=/Users/shashishekhar/Library/Developer/Xcode/DerivedData/RestaurantsNearMeIOS-cxlnvzrpmdwxdmausljrqbwijesy/Build/Intermediates.noindex
    export TEMP_SANDBOX_DIR\=/Users/shashishekhar/Library/Developer/Xcode/DerivedData/RestaurantsNearMeIOS-cxlnvzrpmdwxdmausljrqbwijesy/Build/Intermediates.noindex/TemporaryTaskSandboxes
    export TEST_FRAMEWORK_SEARCH_PATHS\=\ /Applications/Xcode.app/Contents/Developer/Platforms/iPhoneSimulator.platform/Developer/Library/Frameworks\ /Applications/Xcode.app/Contents/Developer/Platforms/iPhoneSimulator.platform/Developer/SDKs/iPhoneSimulator26.5.sdk/Developer/Library/Frameworks
    export TEST_LIBRARY_SEARCH_PATHS\=\ /Applications/Xcode.app/Contents/Developer/Platforms/iPhoneSimulator.platform/Developer/usr/lib
    export TOOLCHAINS\=com.apple.dt.toolchain.XcodeDefault
    export TOOLCHAIN_DIR\=/Applications/Xcode.app/Contents/Developer/Toolchains/XcodeDefault.xctoolchain
    export TREAT_MISSING_BASELINES_AS_TEST_FAILURES\=NO
    export TREAT_MISSING_SCRIPT_PHASE_OUTPUTS_AS_ERRORS\=NO
    export UID\=501
    export UNINSTALLED_PRODUCTS_DIR\=/Users/shashishekhar/Library/Developer/Xcode/DerivedData/RestaurantsNearMeIOS-cxlnvzrpmdwxdmausljrqbwijesy/Build/Intermediates.noindex/UninstalledProducts
    export UNSTRIPPED_PRODUCT\=NO
    export USER\=shashishekhar
    export USER_APPS_DIR\=/Users/shashishekhar/Applications
    export USER_LIBRARY_DIR\=/Users/shashishekhar/Library
    export USE_DYNAMIC_NO_PIC\=YES
    export USE_HEADERMAP\=YES
    export USE_HEADER_SYMLINKS\=NO
    export USE_HERMES\=true
    export USE_RECURSIVE_SCRIPT_INPUTS_IN_SCRIPT_PHASES\=YES
    export VALIDATE_DEVELOPMENT_ASSET_PATHS\=YES_ERROR
    export VALIDATE_PRODUCT\=NO
    export VALID_ARCHS\=arm64\ x86_64
    export VERBOSE_PBXCP\=NO
    export VERSION_INFO_BUILDER\=shashishekhar
    export VERSION_INFO_FILE\=ReactCodegen_vers.c
    export VERSION_INFO_STRING\=\"@\(\#\)PROGRAM:ReactCodegen\ \ PROJECT:Pods-\"
    export WORKSPACE_DIR\=/Users/shashishekhar/Desktop/RestaurantsNearMeIOS/ios
    export WRAP_ASSET_PACKS_IN_SEPARATE_DIRECTORIES\=NO
    export XCODE_APP_SUPPORT_DIR\=/Applications/Xcode.app/Contents/Developer/Library/Xcode
    export XCODE_PRODUCT_BUILD_VERSION\=17F113
    export XCODE_VERSION_ACTUAL\=2660
    export XCODE_VERSION_MAJOR\=2600
    export XCODE_VERSION_MINOR\=2660
    export XPCSERVICES_FOLDER_PATH\=/XPCServices
    export YACC\=yacc
    export _DISCOVER_COMMAND_LINE_LINKER_INPUTS\=YES
    export _DISCOVER_COMMAND_LINE_LINKER_INPUTS_INCLUDE_WL\=YES
    export _LD_MULTIARCH\=YES
    export __DIAGNOSE_DEPRECATED_ARCHS\=YES
    export __ORIGINAL_SDK_DEFINED_LLVM_TARGET_TRIPLE_SYS\=ios
    export arch\=undefined_arch
    export variant\=normal
    /bin/sh -c /Users/shashishekhar/Library/Developer/Xcode/DerivedData/RestaurantsNearMeIOS-cxlnvzrpmdwxdmausljrqbwijesy/Build/Intermediates.noindex/Pods.build/Debug-iphonesimulator/ReactCodegen.build/Script-46EB2E0001AF50.sh
Node found at: /opt/homebrew/Cellar/node/26.5.0/bin/node
[36m[1m[Codegen][0m Analyzing /Users/shashishekhar/Desktop/RestaurantsNearMeIOS/package.json[0m
[36m[1m[Codegen][0m [33mSearching for codegen-enabled libraries in the app.[0m
[36m[1m[Codegen][0m [33mThe "codegenConfig" field is not defined in package.json. Assuming there is nothing to generate at the app level.[0m
[36m[1m[Codegen][0m [33mSearching for codegen-enabled libraries in react-native.config.js[0m
[36m[1m[Codegen][0m Found @react-native-async-storage/async-storage[0m
[36m[1m[Codegen][0m Found @react-native-community/geolocation[0m
[36m[1m[Codegen][0m Found react-native-config[0m
[36m[1m[Codegen][0m Found react-native-gesture-handler[0m
[36m[1m[Codegen][0m Found react-native-image-picker[0m
[36m[1m[Codegen][0m Found react-native-keychain[0m
[36m[1m[Codegen][0m Found react-native-maps[0m
[36m[1m[Codegen][0m Found react-native-pager-view[0m
[36m[1m[Codegen][0m Found react-native-safe-area-context[0m
[36m[1m[Codegen][0m Found react-native-screens[0m
[36m[1m[Codegen][0m Found react-native-svg[0m
[36m[1m[Codegen][0m Processing AsyncStorageSpec[0m
[36m[1m[Codegen][0m [33mSearching for podspec in the project dependencies.[0m
[36m[1m[Codegen][0m Supported Apple platforms: ios, macos, visionos for AsyncStorageSpec[0m
[36m[1m[Codegen][0m Processing RNCGeolocationSpec[0m
[36m[1m[Codegen][0m [33mSearching for podspec in the project dependencies.[0m
[36m[1m[Codegen][0m Supported Apple platforms: ios, visionos for RNCGeolocationSpec[0m
[36m[1m[Codegen][0m Processing RNCConfigSpec[0m
[36m[1m[Codegen][0m [33mSearching for podspec in the project dependencies.[0m
[36m[1m[Codegen][0m Supported Apple platforms: ios, tvos, visionos for RNCConfigSpec[0m
[36m[1m[Codegen][0m Processing rngesturehandler_codegen[0m
[36m[1m[Codegen][0m [33mSearching for podspec in the project dependencies.[0m
[36m[1m[Codegen][0m Supported Apple platforms: ios, macos, tvos, visionos for rngesturehandler_codegen[0m
[36m[1m[Codegen][0m Processing RNImagePickerSpec[0m
[36m[1m[Codegen][0m [33mSearching for podspec in the project dependencies.[0m
[36m[1m[Codegen][0m Supported Apple platforms: ios for RNImagePickerSpec[0m
[36m[1m[Codegen][0m Processing RNKeychainSpec[0m
[36m[1m[Codegen][0m [33mSearching for podspec in the project dependencies.[0m
[36m[1m[Codegen][0m Supported Apple platforms: ios, macos, tvos, visionos for RNKeychainSpec[0m
No modules to process in combine-js-to-schema-cli. If this is unexpected, please check if you set up your NativeComponent correctly. See combine-js-to-schema.js for how codegen finds modules.
[36m[1m[Codegen][0m Processing RNMapsSpecs[0m
[36m[1m[Codegen][0m [33mSearching for podspec in the project dependencies.[0m
[36m[1m[Codegen][0m Supported Apple platforms: ios for RNMapsSpecs[0m
[36m[1m[Codegen][0m Processing pagerview[0m
[36m[1m[Codegen][0m [33mSearching for podspec in the project dependencies.[0m
[36m[1m[Codegen][0m Supported Apple platforms: ios, visionos for pagerview[0m
[36m[1m[Codegen][0m Processing safeareacontext[0m
[36m[1m[Codegen][0m [33mSearching for podspec in the project dependencies.[0m
[36m[1m[Codegen][0m Supported Apple platforms: ios, macos, tvos, visionos for safeareacontext[0m
[36m[1m[Codegen][0m Processing rnscreens[0m
[36m[1m[Codegen][0m [33mSearching for podspec in the project dependencies.[0m
[36m[1m[Codegen][0m Supported Apple platforms: ios, tvos, visionos for rnscreens[0m
[36m[1m[Codegen][0m Processing rnsvg[0m
[36m[1m[Codegen][0m [33mSearching for podspec in the project dependencies.[0m
[36m[1m[Codegen][0m Supported Apple platforms: ios, macos, tvos, visionos for rnsvg[0m
[36m[1m[Codegen][0m Generating Native Code for AsyncStorageSpec - ios[0m
[36m[1m[Codegen][0m Generated artifacts: /Users/shashishekhar/Desktop/RestaurantsNearMeIOS/ios/build/generated/ios/ReactCodegen[0m
[36m[1m[Codegen][0m Generating Native Code for RNCGeolocationSpec - ios[0m
[36m[1m[Codegen][0m Generated artifacts: /Users/shashishekhar/Desktop/RestaurantsNearMeIOS/ios/build/generated/ios/ReactCodegen[0m
[36m[1m[Codegen][0m Generating Native Code for RNCConfigSpec - ios[0m
[36m[1m[Codegen][0m Generated artifacts: /Users/shashishekhar/Desktop/RestaurantsNearMeIOS/ios/build/generated/ios/ReactCodegen[0m
[36m[1m[Codegen][0m Generating Native Code for rngesturehandler_codegen - ios[0m
[36m[1m[Codegen][0m Generated artifacts: /Users/shashishekhar/Desktop/RestaurantsNearMeIOS/ios/build/generated/ios/ReactCodegen[0m
[36m[1m[Codegen][0m Generating Native Code for RNImagePickerSpec - ios[0m
[36m[1m[Codegen][0m Generated artifacts: /Users/shashishekhar/Desktop/RestaurantsNearMeIOS/ios/build/generated/ios/ReactCodegen[0m
[36m[1m[Codegen][0m Generating Native Code for RNKeychainSpec - ios[0m
[36m[1m[Codegen][0m Generated artifacts: /Users/shashishekhar/Desktop/RestaurantsNearMeIOS/ios/build/generated/ios/ReactCodegen[0m
[36m[1m[Codegen][0m Generating Native Code for pagerview - ios[0m
[36m[1m[Codegen][0m Generated artifacts: /Users/shashishekhar/Desktop/RestaurantsNearMeIOS/ios/build/generated/ios/ReactCodegen[0m
[36m[1m[Codegen][0m Generating Native Code for safeareacontext - ios[0m
[36m[1m[Codegen][0m Generated artifacts: /Users/shashishekhar/Desktop/RestaurantsNearMeIOS/ios/build/generated/ios/ReactCodegen[0m
[36m[1m[Codegen][0m Generating Native Code for rnscreens - ios[0m
[36m[1m[Codegen][0m Generated artifacts: /Users/shashishekhar/Desktop/RestaurantsNearMeIOS/ios/build/generated/ios/ReactCodegen[0m
[36m[1m[Codegen][0m Generating Native Code for rnsvg - ios[0m
[36m[1m[Codegen][0m Generated artifacts: /Users/shashishekhar/Desktop/RestaurantsNearMeIOS/ios/build/generated/ios/ReactCodegen[0m
[36m[1m[Codegen][0m Generating RCTThirdPartyComponentsProvider.h[0m
[36m[1m[Codegen][0m Generated artifact: /Users/shashishekhar/Desktop/RestaurantsNearMeIOS/ios/build/generated/ios/ReactCodegen/RCTThirdPartyComponentsProvider.h[0m
[36m[1m[Codegen][0m Generating RCTThirdPartyComponentsProvider.mm[0m
[36m[1m[Codegen][0m Generated artifact: /Users/shashishekhar/Desktop/RestaurantsNearMeIOS/ios/build/generated/ios/ReactCodegen/RCTThirdPartyComponentsProvider.mm[0m
[36m[1m[Codegen][0m Generating RCTModulesProvider.h[0m
[36m[1m[Codegen][0m Generated artifact: /Users/shashishekhar/Desktop/RestaurantsNearMeIOS/ios/build/generated/ios/ReactCodegen/RCTModuleProviders.h[0m
[36m[1m[Codegen][0m Generating RCTModuleProviders.mm[0m
[36m[1m[Codegen][0m Generated artifact: /Users/shashishekhar/Desktop/RestaurantsNearMeIOS/ios/build/generated/ios/ReactCodegen/RCTModuleProviders.mm[0m
[36m[1m[Codegen][0m Generating RCTAppDependencyProvider[0m
[36m[1m[Codegen][0m Generated artifact: /Users/shashishekhar/Desktop/RestaurantsNearMeIOS/ios/build/generated/ios/ReactAppDependencyProvider/RCTAppDependencyProvider.h[0m
[36m[1m[Codegen][0m Generated artifact: /Users/shashishekhar/Desktop/RestaurantsNearMeIOS/ios/build/generated/ios/ReactAppDependencyProvider/RCTAppDependencyProvider.mm[0m
[36m[1m[Codegen][0m Generated podspec: /Users/shashishekhar/Desktop/RestaurantsNearMeIOS/ios/build/generated/ios/ReactAppDependencyProvider/ReactAppDependencyProvider.podspec[0m
[36m[1m[Codegen][0m Generated podspec: /Users/shashishekhar/Desktop/RestaurantsNearMeIOS/ios/build/generated/ios/ReactCodegen/ReactCodegen.podspec[0m
[36m[1m[Codegen][0m Generating Package.swift[0m
[36m[1m[Codegen][0m Generated artifact: /Users/shashishekhar/Desktop/RestaurantsNearMeIOS/ios/build/generated/ios/Package.swift[0m
[36m[1m[Codegen][0m [33mDone.[0m

SwiftDriver react-native-pager-view normal arm64 com.apple.xcode.tools.swift.compiler (in target 'react-native-pager-view' from project 'Pods')
    cd /Users/shashishekhar/Desktop/RestaurantsNearMeIOS/ios/Pods
    builtin-SwiftDriver -- /Applications/Xcode.app/Contents/Developer/Toolchains/XcodeDefault.xctoolchain/usr/bin/swiftc -module-name react_native_pager_view -Onone @/Users/shashishekhar/Library/Developer/Xcode/DerivedData/RestaurantsNearMeIOS-cxlnvzrpmdwxdmausljrqbwijesy/Build/Intermediates.noindex/Pods.build/Debug-iphonesimulator/react-native-pager-view.build/Objects-normal/arm64/react-native-pager-view.SwiftFileList -DDEBUG -D COCOAPODS -Xcc -fmodule-map-file\=/Users/shashishekhar/Library/Developer/Xcode/DerivedData/RestaurantsNearMeIOS-cxlnvzrpmdwxdmausljrqbwijesy/Build/Products/Debug-iphonesimulator/SwiftUIIntrospect/SwiftUIIntrospect.modulemap -Xcc -fmodule-map-file\=/Users/shashishekhar/Desktop/RestaurantsNearMeIOS/ios/Pods/Headers/Public/ReactCodegen/ReactCodegen.modulemap -import-underlying-module -Xcc -fmodule-map-file\=/Users/shashishekhar/Desktop/RestaurantsNearMeIOS/ios/Pods/Headers/Public/react_native_pager_view/react-native-pager-view.modulemap -DRCT_NEW_ARCH_ENABLED -Xcc -ivfsoverlay -Xcc /Users/shashishekhar/Desktop/RestaurantsNearMeIOS/ios/Pods/React-Core-prebuilt/React-VFS.yaml -enable-bare-slash-regex -enable-experimental-feature DebugDescriptionMacro -sdk /Applications/Xcode.app/Contents/Developer/Platforms/iPhoneSimulator.platform/Developer/SDKs/iPhoneSimulator26.5.sdk -target arm64-apple-ios15.1-simulator -g -module-cache-path /Users/shashishekhar/Library/Developer/Xcode/DerivedData/ModuleCache.noindex -Xfrontend -serialize-debugging-options -enable-testing -index-store-path /Users/shashishekhar/Library/Developer/Xcode/DerivedData/RestaurantsNearMeIOS-cxlnvzrpmdwxdmausljrqbwijesy/Index.noindex/DataStore -Xcc -D_LIBCPP_HARDENING_MODE\=_LIBCPP_HARDENING_MODE_DEBUG -swift-version 5 -I /Users/shashishekhar/Library/Developer/Xcode/DerivedData/RestaurantsNearMeIOS-cxlnvzrpmdwxdmausljrqbwijesy/Build/Products/Debug-iphonesimulator/react-native-pager-view -I /Users/shashishekhar/Library/Developer/Xcode/DerivedData/RestaurantsNearMeIOS-cxlnvzrpmdwxdmausljrqbwijesy/Build/Products/Debug-iphonesimulator/SwiftUIIntrospect -F /Users/shashishekhar/Library/Developer/Xcode/DerivedData/RestaurantsNearMeIOS-cxlnvzrpmdwxdmausljrqbwijesy/Build/Products/Debug-iphonesimulator/react-native-pager-view -F /Users/shashishekhar/Desktop/RestaurantsNearMeIOS/ios/Pods/React-Core-prebuilt -F /Users/shashishekhar/Desktop/RestaurantsNearMeIOS/ios/Pods/ReactNativeDependencies/framework/packages/react-native -F /Users/shashishekhar/Desktop/RestaurantsNearMeIOS/ios/Pods/hermes-engine/destroot/Library/Frameworks/universal -F /Users/shashishekhar/Library/Developer/Xcode/DerivedData/RestaurantsNearMeIOS-cxlnvzrpmdwxdmausljrqbwijesy/Build/Products/Debug-iphonesimulator/XCFrameworkIntermediates/React-Core-prebuilt -F /Users/shashishekhar/Library/Developer/Xcode/DerivedData/RestaurantsNearMeIOS-cxlnvzrpmdwxdmausljrqbwijesy/Build/Products/Debug-iphonesimulator/XCFrameworkIntermediates/ReactNativeDependencies -F /Users/shashishekhar/Library/Developer/Xcode/DerivedData/RestaurantsNearMeIOS-cxlnvzrpmdwxdmausljrqbwijesy/Build/Products/Debug-iphonesimulator/XCFrameworkIntermediates/hermes-engine/Pre-built -c -j10 -enable-batch-mode -incremental -Xcc -ivfsstatcache -Xcc /Users/shashishekhar/Library/Developer/Xcode/DerivedData/SDKStatCaches.noindex/iphonesimulator26.5-23F81a-6cfe768891a92b912361537c460fe42b.sdkstatcache -output-file-map /Users/shashishekhar/Library/Developer/Xcode/DerivedData/RestaurantsNearMeIOS-cxlnvzrpmdwxdmausljrqbwijesy/Build/Intermediates.noindex/Pods.build/Debug-iphonesimulator/react-native-pager-view.build/Objects-normal/arm64/react-native-pager-view-OutputFileMap.json -use-frontend-parseable-output -save-temps -no-color-diagnostics -serialize-diagnostics -emit-dependencies -emit-module -emit-module-path /Users/shashishekhar/Library/Developer/Xcode/DerivedData/RestaurantsNearMeIOS-cxlnvzrpmdwxdmausljrqbwijesy/Build/Intermediates.noindex/Pods.build/Debug-iphonesimulator/react-native-pager-view.build/Objects-normal/arm64/react_native_pager_view.swiftmodule -validate-clang-modules-once -clang-build-session-file /Users/shashishekhar/Library/Developer/Xcode/DerivedData/ModuleCache.noindex/Session.modulevalidation -Xcc -I/Users/shashishekhar/Library/Developer/Xcode/DerivedData/RestaurantsNearMeIOS-cxlnvzrpmdwxdmausljrqbwijesy/Build/Intermediates.noindex/Pods.build/Debug-iphonesimulator/react-native-pager-view.build/swift-overrides.hmap -emit-const-values -Xfrontend -const-gather-protocols-file -Xfrontend /Users/shashishekhar/Library/Developer/Xcode/DerivedData/RestaurantsNearMeIOS-cxlnvzrpmdwxdmausljrqbwijesy/Build/Intermediates.noindex/Pods.build/Debug-iphonesimulator/react-native-pager-view.build/Objects-normal/arm64/react-native-pager-view_const_extract_protocols.json -Xcc -iquote -Xcc /Users/shashishekhar/Library/Developer/Xcode/DerivedData/RestaurantsNearMeIOS-cxlnvzrpmdwxdmausljrqbwijesy/Build/Intermediates.noindex/Pods.build/Debug-iphonesimulator/react-native-pager-view.build/react-native-pager-view-generated-files.hmap -Xcc -I/Users/shashishekhar/Library/Developer/Xcode/DerivedData/RestaurantsNearMeIOS-cxlnvzrpmdwxdmausljrqbwijesy/Build/Intermediates.noindex/Pods.build/Debug-iphonesimulator/react-native-pager-view.build/react-native-pager-view-own-target-headers.hmap -Xcc -I/Users/shashishekhar/Library/Developer/Xcode/DerivedData/RestaurantsNearMeIOS-cxlnvzrpmdwxdmausljrqbwijesy/Build/Intermediates.noindex/Pods.build/Debug-iphonesimulator/react-native-pager-view.build/react-native-pager-view-all-non-framework-target-headers.hmap -Xcc -ivfsoverlay -Xcc /Users/shashishekhar/Library/Developer/Xcode/DerivedData/RestaurantsNearMeIOS-cxlnvzrpmdwxdmausljrqbwijesy/Build/Intermediates.noindex/Pods.build/Debug-iphonesimulator/Pods-8699adb1dd336b26511df848a716bd42-VFS-iphonesimulator/all-product-headers.yaml -Xcc -iquote -Xcc /Users/shashishekhar/Library/Developer/Xcode/DerivedData/RestaurantsNearMeIOS-cxlnvzrpmdwxdmausljrqbwijesy/Build/Intermediates.noindex/Pods.build/Debug-iphonesimulator/react-native-pager-view.build/react-native-pager-view-project-headers.hmap -Xcc -I/Users/shashishekhar/Library/Developer/Xcode/DerivedData/RestaurantsNearMeIOS-cxlnvzrpmdwxdmausljrqbwijesy/Build/Products/Debug-iphonesimulator/react-native-pager-view/include -Xcc -I/Users/shashishekhar/Desktop/RestaurantsNearMeIOS/ios/Pods/Headers/Private -Xcc -I/Users/shashishekhar/Desktop/RestaurantsNearMeIOS/ios/Pods/Headers/Private/react-native-pager-view -Xcc -I/Users/shashishekhar/Desktop/RestaurantsNearMeIOS/ios/Pods/Headers/Public -Xcc -I/Users/shashishekhar/Desktop/RestaurantsNearMeIOS/ios/Pods/Headers/Public/FBLazyVector -Xcc -I/Users/shashishekhar/Desktop/RestaurantsNearMeIOS/ios/Pods/Headers/Public/RCTRequired -Xcc -I/Users/shashishekhar/Desktop/RestaurantsNearMeIOS/ios/Pods/Headers/Public/RCTSwiftUIWrapper -Xcc -I/Users/shashishekhar/Desktop/RestaurantsNearMeIOS/ios/Pods/Headers/Public/RCTTypeSafety -Xcc -I/Users/shashishekhar/Desktop/RestaurantsNearMeIOS/ios/Pods/Headers/Public/React-Core -Xcc -I/Users/shashishekhar/Desktop/RestaurantsNearMeIOS/ios/Pods/Headers/Public/React-Core-prebuilt -Xcc -I/Users/shashishekhar/Desktop/RestaurantsNearMeIOS/ios/Pods/Headers/Public/React-CoreModules -Xcc -I/Users/shashishekhar/Desktop/RestaurantsNearMeIOS/ios/Pods/Headers/Public/React-Fabric -Xcc -I/Users/shashishekhar/Desktop/RestaurantsNearMeIOS/ios/Pods/Headers/Public/React-FabricComponents -Xcc -I/Users/shashishekhar/Desktop/RestaurantsNearMeIOS/ios/Pods/Headers/Public/React-FabricImage -Xcc -I/Users/shashishekhar/Desktop/RestaurantsNearMeIOS/ios/Pods/Headers/Public/React-ImageManager -Xcc -I/Users/shashishekhar/Desktop/RestaurantsNearMeIOS/ios/Pods/Headers/Public/React-Mapbuffer -Xcc -I/Users/shashishekhar/Desktop/RestaurantsNearMeIOS/ios/Pods/Headers/Public/React-NativeModulesApple -Xcc -I/Users/shashishekhar/Desktop/RestaurantsNearMeIOS/ios/Pods/Headers/Public/React-RCTAnimation -Xcc -I/Users/shashishekhar/Desktop/RestaurantsNearMeIOS/ios/Pods/Headers/Public/React-RCTBlob -Xcc -I/Users/shashishekhar/Desktop/RestaurantsNearMeIOS/ios/Pods/Headers/Public/React-RCTFBReactNativeSpec -Xcc -I/Users/shashishekhar/Desktop/RestaurantsNearMeIOS/ios/Pods/Headers/Public/React-RCTFabric -Xcc -I/Users/shashishekhar/Desktop/RestaurantsNearMeIOS/ios/Pods/Headers/Public/React-RCTImage -Xcc -I/Users/shashishekhar/Desktop/RestaurantsNearMeIOS/ios/Pods/Headers/Public/React-RCTRuntime -Xcc -I/Users/shashishekhar/Desktop/RestaurantsNearMeIOS/ios/Pods/Headers/Public/React-RCTText -Xcc -I/Users/shashishekhar/Desktop/RestaurantsNearMeIOS/ios/Pods/Headers/Public/React-RuntimeApple -Xcc -I/Users/shashishekhar/Desktop/RestaurantsNearMeIOS/ios/Pods/Headers/Public/React-RuntimeCore -Xcc -I/Users/shashishekhar/Desktop/RestaurantsNearMeIOS/ios/Pods/Headers/Public/React-RuntimeHermes -Xcc -I/Users/shashishekhar/Desktop/RestaurantsNearMeIOS/ios/Pods/Headers/Public/React-callinvoker -Xcc -I/Users/shashishekhar/Desktop/RestaurantsNearMeIOS/ios/Pods/Headers/Public/React-cxxreact -Xcc -I/Users/shashishekhar/Desktop/RestaurantsNearMeIOS/ios/Pods/Headers/Public/React-debug -Xcc -I/Users/shashishekhar/Desktop/RestaurantsNearMeIOS/ios/Pods/Headers/Public/React-defaultsnativemodule -Xcc -I/Users/shashishekhar/Desktop/RestaurantsNearMeIOS/ios/Pods/Headers/Public/React-domnativemodule -Xcc -I/Users/shashishekhar/Desktop/RestaurantsNearMeIOS/ios/Pods/Headers/Public/React-featureflags -Xcc -I/Users/shashishekhar/Desktop/RestaurantsNearMeIOS/ios/Pods/Headers/Public/React-featureflagsnativemodule -Xcc -I/Users/shashishekhar/Desktop/RestaurantsNearMeIOS/ios/Pods/Headers/Public/React-graphics -Xcc -I/Users/shashishekhar/Desktop/RestaurantsNearMeIOS/ios/Pods/Headers/Public/React-hermes -Xcc -I/Users/shashishekhar/Desktop/RestaurantsNearMeIOS/ios/Pods/Headers/Public/React-idlecallbacksnativemodule -Xcc -I/Users/shashishekhar/Desktop/RestaurantsNearMeIOS/ios/Pods/Headers/Public/React-intersectionobservernativemodule -Xcc -I/Users/shashishekhar/Desktop/RestaurantsNearMeIOS/ios/Pods/Headers/Public/React-jserrorhandler -Xcc -I/Users/shashishekhar/Desktop/RestaurantsNearMeIOS/ios/Pods/Headers/Public/React-jsi -Xcc -I/Users/shashishekhar/Desktop/RestaurantsNearMeIOS/ios/Pods/Headers/Public/React-jsiexecutor -Xcc -I/Users/shashishekhar/Desktop/RestaurantsNearMeIOS/ios/Pods/Headers/Public/React-jsinspector -Xcc -I/Users/shashishekhar/Desktop/RestaurantsNearMeIOS/ios/Pods/Headers/Public/React-jsinspectorcdp -Xcc -I/Users/shashishekhar/Desktop/RestaurantsNearMeIOS/ios/Pods/Headers/Public/React-jsinspectornetwork -Xcc -I/Users/shashishekhar/Desktop/RestaurantsNearMeIOS/ios/Pods/Headers/Public/React-jsinspectortracing -Xcc -I/Users/shashishekhar/Desktop/RestaurantsNearMeIOS/ios/Pods/Headers/Public/React-jsitooling -Xcc -I/Users/shashishekhar/Desktop/RestaurantsNearMeIOS/ios/Pods/Headers/Public/React-logger -Xcc -I/Users/shashishekhar/Desktop/RestaurantsNearMeIOS/ios/Pods/Headers/Public/React-microtasksnativemodule -Xcc -I/Users/shashishekhar/Desktop/RestaurantsNearMeIOS/ios/Pods/Headers/Public/React-mutationobservernativemodule -Xcc -I/Users/shashishekhar/Desktop/RestaurantsNearMeIOS/ios/Pods/Headers/Public/React-networking -Xcc -I/Users/shashishekhar/Desktop/RestaurantsNearMeIOS/ios/Pods/Headers/Public/React-oscompat -Xcc -I/Users/shashishekhar/Desktop/RestaurantsNearMeIOS/ios/Pods/Headers/Public/React-perflogger -Xcc -I/Users/shashishekhar/Desktop/RestaurantsNearMeIOS/ios/Pods/Headers/Public/React-performancecdpmetrics -Xcc -I/Users/shashishekhar/Desktop/RestaurantsNearMeIOS/ios/Pods/Headers/Public/React-performancetimeline -Xcc -I/Users/shashishekhar/Desktop/RestaurantsNearMeIOS/ios/Pods/Headers/Public/React-rendererconsistency -Xcc -I/Users/shashishekhar/Desktop/RestaurantsNearMeIOS/ios/Pods/Headers/Public/React-renderercss -Xcc -I/Users/shashishekhar/Desktop/RestaurantsNearMeIOS/ios/Pods/Headers/Public/React-rendererdebug -Xcc -I/Users/shashishekhar/Desktop/RestaurantsNearMeIOS/ios/Pods/Headers/Public/React-runtimeexecutor -Xcc -I/Users/shashishekhar/Desktop/RestaurantsNearMeIOS/ios/Pods/Headers/Public/React-runtimescheduler -Xcc -I/Users/shashishekhar/Desktop/RestaurantsNearMeIOS/ios/Pods/Headers/Public/React-timing -Xcc -I/Users/shashishekhar/Desktop/RestaurantsNearMeIOS/ios/Pods/Headers/Public/React-utils -Xcc -I/Users/shashishekhar/Desktop/RestaurantsNearMeIOS/ios/Pods/Headers/Public/React-viewtransitionnativemodule -Xcc -I/Users/shashishekhar/Desktop/RestaurantsNearMeIOS/ios/Pods/Headers/Public/React-webperformancenativemodule -Xcc -I/Users/shashishekhar/Desktop/RestaurantsNearMeIOS/ios/Pods/Headers/Public/ReactCodegen -Xcc -I/Users/shashishekhar/Desktop/RestaurantsNearMeIOS/ios/Pods/Headers/Public/ReactCommon -Xcc -I/Users/shashishekhar/Desktop/RestaurantsNearMeIOS/ios/Pods/Headers/Public/ReactNativeDependencies -Xcc -I/Users/shashishekhar/Desktop/RestaurantsNearMeIOS/ios/Pods/Headers/Public/Yoga -Xcc -I/Users/shashishekhar/Desktop/RestaurantsNearMeIOS/ios/Pods/Headers/Public/hermes-engine -Xcc -I/Users/shashishekhar/Desktop/RestaurantsNearMeIOS/ios/Pods/Headers/Private/Yoga -Xcc -I/Users/shashishekhar/Library/Developer/Xcode/DerivedData/RestaurantsNearMeIOS-cxlnvzrpmdwxdmausljrqbwijesy/Build/Intermediates.noindex/Pods.build/Debug-iphonesimulator/react-native-pager-view.build/DerivedSources-normal/arm64 -Xcc -I/Users/shashishekhar/Library/Developer/Xcode/DerivedData/RestaurantsNearMeIOS-cxlnvzrpmdwxdmausljrqbwijesy/Build/Intermediates.noindex/Pods.build/Debug-iphonesimulator/react-native-pager-view.build/DerivedSources/arm64 -Xcc -I/Users/shashishekhar/Library/Developer/Xcode/DerivedData/RestaurantsNearMeIOS-cxlnvzrpmdwxdmausljrqbwijesy/Build/Intermediates.noindex/Pods.build/Debug-iphonesimulator/react-native-pager-view.build/DerivedSources -Xcc -DPOD_CONFIGURATION_DEBUG\=1 -Xcc -DDEBUG\=1 -Xcc -DCOCOAPODS\=1 -emit-objc-header -emit-objc-header-path /Users/shashishekhar/Library/Developer/Xcode/DerivedData/RestaurantsNearMeIOS-cxlnvzrpmdwxdmausljrqbwijesy/Build/Intermediates.noindex/Pods.build/Debug-iphonesimulator/react-native-pager-view.build/Objects-normal/arm64/react_native_pager_view-Swift.h -working-directory /Users/shashishekhar/Desktop/RestaurantsNearMeIOS/ios/Pods -experimental-emit-module-separately -disable-cmo

PhaseScriptExecution [CP-User]\ react-native-maps\ patches /Users/shashishekhar/Library/Developer/Xcode/DerivedData/RestaurantsNearMeIOS-cxlnvzrpmdwxdmausljrqbwijesy/Build/Intermediates.noindex/Pods.build/Debug-iphonesimulator/react-native-maps.build/Script-46EB2E0001AFB0.sh (in target 'react-native-maps' from project 'Pods')
    cd /Users/shashishekhar/Desktop/RestaurantsNearMeIOS/ios/Pods
    export ACTION\=build
    export AD_HOC_CODE_SIGNING_ALLOWED\=YES
    export ALLOW_BUILD_REQUEST_OVERRIDES\=NO
    export ALLOW_TARGET_PLATFORM_SPECIALIZATION\=NO
    export ALTERNATE_GROUP\=staff
    export ALTERNATE_MODE\=u+w,go-w,a+rX
    export ALTERNATE_OWNER\=shashishekhar
    export ALTERNATIVE_DISTRIBUTION_WEB\=NO
    export ALWAYS_EMBED_SWIFT_STANDARD_LIBRARIES\=NO
    export ALWAYS_SEARCH_USER_PATHS\=NO
    export ALWAYS_USE_SEPARATE_HEADERMAPS\=NO
    export APPLICATION_EXTENSION_API_ONLY\=NO
    export APPLY_RULES_IN_COPY_FILES\=NO
    export APPLY_RULES_IN_COPY_HEADERS\=NO
    export APP_SHORTCUTS_ENABLE_FLEXIBLE_MATCHING\=YES
    export ARCHS\=arm64\ x86_64
    export ARCHS_BASE\=arm64\ x86_64
    export ARCHS_STANDARD\=arm64\ x86_64
    export ARCHS_STANDARD_32_64_BIT\=arm64\ x86_64
    export ARCHS_STANDARD_64_BIT\=arm64\ x86_64
    export ARCHS_STANDARD_INCLUDING_64_BIT\=arm64\ x86_64
    export ARCHS_UNIVERSAL_IPHONE_OS\=arm64\ x86_64
    export AUTOMATICALLY_MERGE_DEPENDENCIES\=NO
    export AUTOMATION_APPLE_EVENTS\=NO
    export AVAILABLE_PLATFORMS\=android\ appletvos\ appletvsimulator\ driverkit\ freebsd\ iphoneos\ iphonesimulator\ linux\ macosx\ none\ openbsd\ qnx\ watchos\ watchsimulator\ webassembly\ xros\ xrsimulator
    export BUILD_ACTIVE_RESOURCES_ONLY\=NO
    export BUILD_COMPONENTS\=headers\ build
    export BUILD_DIR\=/Users/shashishekhar/Library/Developer/Xcode/DerivedData/RestaurantsNearMeIOS-cxlnvzrpmdwxdmausljrqbwijesy/Build/Products
    export BUILD_LIBRARY_FOR_DISTRIBUTION\=NO
    export BUILD_ONLY_KNOWN_LOCALIZATIONS\=NO
    export BUILD_ROOT\=/Users/shashishekhar/Library/Developer/Xcode/DerivedData/RestaurantsNearMeIOS-cxlnvzrpmdwxdmausljrqbwijesy/Build/Products
    export BUILD_STYLE\=
    export BUILD_VARIANTS\=normal
    export BUILT_PRODUCTS_DIR\=/Users/shashishekhar/Library/Developer/Xcode/DerivedData/RestaurantsNearMeIOS-cxlnvzrpmdwxdmausljrqbwijesy/Build/Products/Debug-iphonesimulator/react-native-maps
    export BUNDLE_CONTENTS_FOLDER_PATH_deep\=Contents/
    export BUNDLE_EXECUTABLE_FOLDER_NAME_deep\=MacOS
    export BUNDLE_EXTENSIONS_FOLDER_PATH\=Extensions
    export BUNDLE_FORMAT\=shallow
    export BUNDLE_FRAMEWORKS_FOLDER_PATH\=Frameworks
    export BUNDLE_PLUGINS_FOLDER_PATH\=PlugIns
    export BUNDLE_PRIVATE_HEADERS_FOLDER_PATH\=PrivateHeaders
    export BUNDLE_PUBLIC_HEADERS_FOLDER_PATH\=Headers
    export CACHE_ROOT\=/var/folders/n6/7nd1dnm93kng8k7b6j0bk0sc0000gn/C/com.apple.DeveloperTools/26.6-17F113/Xcode
    export CCHROOT\=/var/folders/n6/7nd1dnm93kng8k7b6j0bk0sc0000gn/C/com.apple.DeveloperTools/26.6-17F113/Xcode
    export CHMOD\=/bin/chmod
    export CHOWN\=chown
    export CLANG_ALLOW_NON_MODULAR_INCLUDES_IN_FRAMEWORK_MODULES\=YES
    export CLANG_ANALYZER_LOCALIZABILITY_NONLOCALIZED\=YES
    export CLANG_ANALYZER_NONNULL\=YES
    export CLANG_ANALYZER_NUMBER_OBJECT_CONVERSION\=YES_AGGRESSIVE
    export CLANG_CACHE_FINE_GRAINED_OUTPUTS\=YES
    export CLANG_CXX_LANGUAGE_STANDARD\=c++20
    export CLANG_CXX_LIBRARY\=libc++
    export CLANG_ENABLE_EXPLICIT_MODULES\=YES
    export CLANG_ENABLE_MODULES\=YES
    export CLANG_ENABLE_MODULE_DEBUGGING\=NO
    export CLANG_ENABLE_OBJC_ARC\=YES
    export CLANG_ENABLE_OBJC_WEAK\=NO
    export CLANG_MODULES_BUILD_SESSION_FILE\=/Users/shashishekhar/Library/Developer/Xcode/DerivedData/ModuleCache.noindex/Session.modulevalidation
    export CLANG_WARN_BLOCK_CAPTURE_AUTORELEASING\=YES
    export CLANG_WARN_BOOL_CONVERSION\=YES
    export CLANG_WARN_COMMA\=YES
    export CLANG_WARN_CONSTANT_CONVERSION\=YES
    export CLANG_WARN_DEPRECATED_OBJC_IMPLEMENTATIONS\=YES
    export CLANG_WARN_DIRECT_OBJC_ISA_USAGE\=YES_ERROR
    export CLANG_WARN_DOCUMENTATION_COMMENTS\=YES
    export CLANG_WARN_EMPTY_BODY\=YES
    export CLANG_WARN_ENUM_CONVERSION\=YES
    export CLANG_WARN_INFINITE_RECURSION\=YES
    export CLANG_WARN_INT_CONVERSION\=YES
    export CLANG_WARN_NON_LITERAL_NULL_CONVERSION\=YES
    export CLANG_WARN_OBJC_IMPLICIT_RETAIN_SELF\=YES
    export CLANG_WARN_OBJC_LITERAL_CONVERSION\=YES
    export CLANG_WARN_OBJC_ROOT_CLASS\=YES_ERROR
    export CLANG_WARN_QUOTED_INCLUDE_IN_FRAMEWORK_HEADER\=NO
    export CLANG_WARN_RANGE_LOOP_ANALYSIS\=YES
    export CLANG_WARN_STRICT_PROTOTYPES\=YES
    export CLANG_WARN_SUSPICIOUS_MOVE\=YES
    export CLANG_WARN_UNGUARDED_AVAILABILITY\=YES_AGGRESSIVE
    export CLANG_WARN_UNREACHABLE_CODE\=YES
    export CLANG_WARN__DUPLICATE_METHOD_MATCH\=YES
    export CLASS_FILE_DIR\=/Users/shashishekhar/Library/Developer/Xcode/DerivedData/RestaurantsNearMeIOS-cxlnvzrpmdwxdmausljrqbwijesy/Build/Intermediates.noindex/Pods.build/Debug-iphonesimulator/react-native-maps.build/JavaClasses
    export CLEAN_PRECOMPS\=YES
    export CLONE_HEADERS\=NO
    export CODESIGNING_FOLDER_PATH\=/Users/shashishekhar/Library/Developer/Xcode/DerivedData/RestaurantsNearMeIOS-cxlnvzrpmdwxdmausljrqbwijesy/Build/Products/Debug-iphonesimulator/react-native-maps/libreact-native-maps.a
    export CODE_SIGNING_ALLOWED\=NO
    export CODE_SIGNING_REQUIRED\=YES
    export CODE_SIGN_CONTEXT_CLASS\=XCiPhoneSimulatorCodeSignContext
    export CODE_SIGN_IDENTITY\=-
    export CODE_SIGN_INJECT_BASE_ENTITLEMENTS\=YES
    export COLOR_DIAGNOSTICS\=NO
    export COMBINE_HIDPI_IMAGES\=NO
    export COMPILATION_CACHE_CAS_PATH\=/Users/shashishekhar/Library/Developer/Xcode/DerivedData/CompilationCache.noindex
    export COMPILATION_CACHE_KEEP_CAS_DIRECTORY\=YES
    export COMPILER_INDEX_STORE_ENABLE\=Default
    export COMPOSITE_SDK_DIRS\=/Users/shashishekhar/Library/Developer/Xcode/DerivedData/RestaurantsNearMeIOS-cxlnvzrpmdwxdmausljrqbwijesy/Build/Intermediates.noindex/CompositeSDKs
    export COMPRESS_PNG_FILES\=YES
    export CONFIGURATION\=Debug
    export CONFIGURATION_BUILD_DIR\=/Users/shashishekhar/Library/Developer/Xcode/DerivedData/RestaurantsNearMeIOS-cxlnvzrpmdwxdmausljrqbwijesy/Build/Products/Debug-iphonesimulator/react-native-maps
    export CONFIGURATION_TEMP_DIR\=/Users/shashishekhar/Library/Developer/Xcode/DerivedData/RestaurantsNearMeIOS-cxlnvzrpmdwxdmausljrqbwijesy/Build/Intermediates.noindex/Pods.build/Debug-iphonesimulator
    export COPYING_PRESERVES_HFS_DATA\=NO
    export COPY_HEADERS_RUN_UNIFDEF\=NO
    export COPY_PHASE_STRIP\=NO
    export CORRESPONDING_DEVICE_PLATFORM_DIR\=/Applications/Xcode.app/Contents/Developer/Platforms/iPhoneOS.platform
    export CORRESPONDING_DEVICE_PLATFORM_NAME\=iphoneos
    export CORRESPONDING_DEVICE_SDK_DIR\=/Applications/Xcode.app/Contents/Developer/Platforms/iPhoneOS.platform/Developer/SDKs/iPhoneOS26.5.sdk
    export CORRESPONDING_DEVICE_SDK_NAME\=iphoneos26.5
    export CP\=/bin/cp
    export CREATE_INFOPLIST_SECTION_IN_BINARY\=NO
    export CURRENT_ARCH\=undefined_arch
    export CURRENT_VARIANT\=normal
    export DEAD_CODE_STRIPPING\=YES
    export DEBUGGING_SYMBOLS\=YES
    export DEBUG_INFORMATION_FORMAT\=dwarf
    export DEBUG_INFORMATION_VERSION\=compiler-default
    export DEFAULT_COMPILER\=com.apple.compilers.llvm.clang.1_0
    export DEFAULT_DEXT_INSTALL_PATH\=/System/Library/DriverExtensions
    export DEFAULT_KEXT_INSTALL_PATH\=/System/Library/Extensions
    export DEFINES_MODULE\=NO
    export DEPLOYMENT_LOCATION\=NO
    export DEPLOYMENT_POSTPROCESSING\=NO
    export DEPLOYMENT_TARGET_SETTING_NAME\=IPHONEOS_DEPLOYMENT_TARGET
    export DEPLOYMENT_TARGET_SUGGESTED_VALUES\=12.0\ 12.1\ 12.2\ 12.3\ 12.4\ 13.0\ 13.1\ 13.2\ 13.3\ 13.4\ 13.5\ 13.6\ 14.0\ 14.1\ 14.2\ 14.3\ 14.4\ 14.5\ 14.6\ 14.7\ 15.0\ 15.1\ 15.2\ 15.3\ 15.4\ 15.5\ 15.6\ 16.0\ 16.1\ 16.2\ 16.3\ 16.4\ 16.5\ 16.6\ 17.0\ 17.1\ 17.2\ 17.3\ 17.4\ 17.5\ 17.6\ 18.0\ 18.1\ 18.2\ 18.3\ 18.4\ 18.5\ 18.6\ 26.0\ 26.2\ 26.3\ 26.4\ 26.5
    export DERIVED_FILES_DIR\=/Users/shashishekhar/Library/Developer/Xcode/DerivedData/RestaurantsNearMeIOS-cxlnvzrpmdwxdmausljrqbwijesy/Build/Intermediates.noindex/Pods.build/Debug-iphonesimulator/react-native-maps.build/DerivedSources
    export DERIVED_FILE_DIR\=/Users/shashishekhar/Library/Developer/Xcode/DerivedData/RestaurantsNearMeIOS-cxlnvzrpmdwxdmausljrqbwijesy/Build/Intermediates.noindex/Pods.build/Debug-iphonesimulator/react-native-maps.build/DerivedSources
    export DERIVED_SOURCES_DIR\=/Users/shashishekhar/Library/Developer/Xcode/DerivedData/RestaurantsNearMeIOS-cxlnvzrpmdwxdmausljrqbwijesy/Build/Intermediates.noindex/Pods.build/Debug-iphonesimulator/react-native-maps.build/DerivedSources
    export DEVELOPER_APPLICATIONS_DIR\=/Applications/Xcode.app/Contents/Developer/Applications
    export DEVELOPER_BIN_DIR\=/Applications/Xcode.app/Contents/Developer/usr/bin
    export DEVELOPER_DIR\=/Applications/Xcode.app/Contents/Developer
    export DEVELOPER_FRAMEWORKS_DIR\=/Applications/Xcode.app/Contents/Developer/Library/Frameworks
    export DEVELOPER_FRAMEWORKS_DIR_QUOTED\=/Applications/Xcode.app/Contents/Developer/Library/Frameworks
    export DEVELOPER_LIBRARY_DIR\=/Applications/Xcode.app/Contents/Developer/Library
    export DEVELOPER_SDK_DIR\=/Applications/Xcode.app/Contents/Developer/Platforms/MacOSX.platform/Developer/SDKs
    export DEVELOPER_TOOLS_DIR\=/Applications/Xcode.app/Contents/Developer/Tools
    export DEVELOPER_USR_DIR\=/Applications/Xcode.app/Contents/Developer/usr
    export DEVELOPMENT_LANGUAGE\=en
    export DIAGNOSE_MISSING_TARGET_DEPENDENCIES\=YES
    export DIFF\=/usr/bin/diff
    export DONT_GENERATE_INFOPLIST_FILE\=NO
    export DSTROOT\=/tmp/Pods.dst
    export DT_TOOLCHAIN_DIR\=/Applications/Xcode.app/Contents/Developer/Toolchains/XcodeDefault.xctoolchain
    export DUMP_DEPENDENCIES\=NO
    export DUMP_DEPENDENCIES_OUTPUT_PATH\=/Users/shashishekhar/Library/Developer/Xcode/DerivedData/RestaurantsNearMeIOS-cxlnvzrpmdwxdmausljrqbwijesy/Build/Intermediates.noindex/Pods.build/Debug-iphonesimulator/react-native-maps.build/react-native-maps-BuildDependencyInfo.json
    export DWARF_DSYM_FILE_NAME\=libreact-native-maps.a.dSYM
    export DWARF_DSYM_FILE_SHOULD_ACCOMPANY_PRODUCT\=NO
    export DWARF_DSYM_FOLDER_PATH\=/Users/shashishekhar/Library/Developer/Xcode/DerivedData/RestaurantsNearMeIOS-cxlnvzrpmdwxdmausljrqbwijesy/Build/Products/Debug-iphonesimulator/react-native-maps
    export DYNAMIC_LIBRARY_EXTENSION\=dylib
    export EAGER_COMPILATION_ALLOW_SCRIPTS\=NO
    export EAGER_LINKING\=NO
    export EFFECTIVE_PLATFORM_NAME\=-iphonesimulator
    export EFFECTIVE_SWIFT_VERSION\=5
    export EMBEDDED_CONTENT_CONTAINS_SWIFT\=NO
    export EMBED_ASSET_PACKS_IN_PRODUCT_BUNDLE\=NO
    export ENABLE_APP_SANDBOX\=NO
    export ENABLE_CODE_COVERAGE\=YES
    export ENABLE_COHORT_ARCHS\=NO
    export ENABLE_CPLUSPLUS_BOUNDS_SAFE_BUFFERS\=NO
    export ENABLE_C_BOUNDS_SAFETY\=NO
    export ENABLE_DEFAULT_HEADER_SEARCH_PATHS\=YES
    export ENABLE_DEFAULT_SEARCH_PATHS\=YES
    export ENABLE_ENHANCED_SECURITY\=NO
    export ENABLE_HARDENED_RUNTIME\=NO
    export ENABLE_HEADER_DEPENDENCIES\=YES
    export ENABLE_INCOMING_NETWORK_CONNECTIONS\=NO
    export ENABLE_MODULE_VERIFIER\=NO
    export ENABLE_ON_DEMAND_RESOURCES\=NO
    export ENABLE_OUTGOING_NETWORK_CONNECTIONS\=NO
    export ENABLE_POINTER_AUTHENTICATION\=NO
    export ENABLE_PREVIEWS\=NO
    export ENABLE_RESOURCE_ACCESS_AUDIO_INPUT\=NO
    export ENABLE_RESOURCE_ACCESS_BLUETOOTH\=NO
    export ENABLE_RESOURCE_ACCESS_CALENDARS\=NO
    export ENABLE_RESOURCE_ACCESS_CAMERA\=NO
    export ENABLE_RESOURCE_ACCESS_CONTACTS\=NO
    export ENABLE_RESOURCE_ACCESS_LOCATION\=NO
    export ENABLE_RESOURCE_ACCESS_PHOTO_LIBRARY\=NO
    export ENABLE_RESOURCE_ACCESS_PRINTING\=NO
    export ENABLE_RESOURCE_ACCESS_USB\=NO
    export ENABLE_SDK_IMPORTS\=NO
    export ENABLE_SECURITY_COMPILER_WARNINGS\=NO
    export ENABLE_STRICT_OBJC_MSGSEND\=YES
    export ENABLE_TESTABILITY\=YES
    export ENABLE_TESTING_SEARCH_PATHS\=NO
    export ENABLE_USER_SCRIPT_SANDBOXING\=NO
    export ENABLE_XOJIT_PREVIEWS\=YES
    export ENFORCE_VALID_ARCHS\=YES
    export ENTITLEMENTS_DESTINATION\=__entitlements
    export ENTITLEMENTS_REQUIRED\=YES
    export EXCLUDED_INSTALLSRC_SUBDIRECTORY_PATTERNS\=.DS_Store\ .svn\ .git\ .hg\ CVS
    export EXCLUDED_RECURSIVE_SEARCH_PATH_SUBDIRECTORIES\=\*.nib\ \*.lproj\ \*.framework\ \*.gch\ \*.xcode\*\ \*.xcassets\ \*.icon\ \(\*\)\ .DS_Store\ CVS\ .svn\ .git\ .hg\ \*.pbproj\ \*.pbxproj
    export EXECUTABLE_EXTENSION\=a
    export EXECUTABLE_NAME\=libreact-native-maps.a
    export EXECUTABLE_PATH\=libreact-native-maps.a
    export EXECUTABLE_PREFIX\=lib
    export EXECUTABLE_SUFFIX\=.a
    export FILE_LIST\=/Users/shashishekhar/Library/Developer/Xcode/DerivedData/RestaurantsNearMeIOS-cxlnvzrpmdwxdmausljrqbwijesy/Build/Intermediates.noindex/Pods.build/Debug-iphonesimulator/react-native-maps.build/Objects/LinkFileList
    export FIXED_FILES_DIR\=/Users/shashishekhar/Library/Developer/Xcode/DerivedData/RestaurantsNearMeIOS-cxlnvzrpmdwxdmausljrqbwijesy/Build/Intermediates.noindex/Pods.build/Debug-iphonesimulator/react-native-maps.build/FixedFiles
    export FRAMEWORK_FLAG_PREFIX\=-framework
    export FRAMEWORK_SEARCH_PATHS\=/Users/shashishekhar/Library/Developer/Xcode/DerivedData/RestaurantsNearMeIOS-cxlnvzrpmdwxdmausljrqbwijesy/Build/Products/Debug-iphonesimulator/react-native-maps\ \ \"/Users/shashishekhar/Desktop/RestaurantsNearMeIOS/ios/Pods/React-Core-prebuilt\"\ \"/Users/shashishekhar/Desktop/RestaurantsNearMeIOS/ios/Pods/ReactNativeDependencies/framework/packages/react-native\"\ \"/Users/shashishekhar/Desktop/RestaurantsNearMeIOS/ios/Pods/hermes-engine/destroot/Library/Frameworks/universal\"\ \"/Users/shashishekhar/Library/Developer/Xcode/DerivedData/RestaurantsNearMeIOS-cxlnvzrpmdwxdmausljrqbwijesy/Build/Products/Debug-iphonesimulator/XCFrameworkIntermediates/React-Core-prebuilt\"\ \"/Users/shashishekhar/Library/Developer/Xcode/DerivedData/RestaurantsNearMeIOS-cxlnvzrpmdwxdmausljrqbwijesy/Build/Products/Debug-iphonesimulator/XCFrameworkIntermediates/ReactNativeDependencies\"\ \"/Users/shashishekhar/Library/Developer/Xcode/DerivedData/RestaurantsNearMeIOS-cxlnvzrpmdwxdmausljrqbwijesy/Build/Products/Debug-iphonesimulator/XCFrameworkIntermediates/hermes-engine/Pre-built\"
    export FRAMEWORK_VERSION\=A
    export FULL_PRODUCT_NAME\=libreact-native-maps.a
    export FUSE_BUILD_PHASES\=YES
    export FUSE_BUILD_SCRIPT_PHASES\=NO
    export GCC3_VERSION\=3.3
    export GCC_C_LANGUAGE_STANDARD\=gnu11
    export GCC_DYNAMIC_NO_PIC\=NO
    export GCC_NO_COMMON_BLOCKS\=YES
    export GCC_OBJC_LEGACY_DISPATCH\=YES
    export GCC_OPTIMIZATION_LEVEL\=0
    export GCC_PFE_FILE_C_DIALECTS\=c\ objective-c\ c++\ objective-c++
    export GCC_PREFIX_HEADER\=Target\ Support\ Files/react-native-maps/react-native-maps-prefix.pch
    export GCC_PREPROCESSOR_DEFINITIONS\=POD_CONFIGURATION_DEBUG\=1\ DEBUG\=1\ \ COCOAPODS\=1
    export GCC_TREAT_WARNINGS_AS_ERRORS\=NO
    export GCC_VERSION\=com.apple.compilers.llvm.clang.1_0
    export GCC_VERSION_IDENTIFIER\=com_apple_compilers_llvm_clang_1_0
    export GCC_WARN_64_TO_32_BIT_CONVERSION\=YES
    export GCC_WARN_ABOUT_RETURN_TYPE\=YES_ERROR
    export GCC_WARN_UNDECLARED_SELECTOR\=YES
    export GCC_WARN_UNINITIALIZED_AUTOS\=YES_AGGRESSIVE
    export GCC_WARN_UNUSED_FUNCTION\=YES
    export GCC_WARN_UNUSED_VARIABLE\=YES
    export GENERATED_MODULEMAP_DIR\=/Users/shashishekhar/Library/Developer/Xcode/DerivedData/RestaurantsNearMeIOS-cxlnvzrpmdwxdmausljrqbwijesy/Build/Intermediates.noindex/GeneratedModuleMaps-iphonesimulator
    export GENERATE_INFOPLIST_FILE\=NO
    export GENERATE_INTERMEDIATE_TEXT_BASED_STUBS\=YES
    export GENERATE_PKGINFO_FILE\=NO
    export GENERATE_PRELINK_OBJECT_FILE\=NO
    export GENERATE_PROFILING_CODE\=NO
    export GENERATE_TEXT_BASED_STUBS\=NO
    export GID\=20
    export GROUP\=staff
    export HEADERMAP_INCLUDES_FLAT_ENTRIES_FOR_TARGET_BEING_BUILT\=YES
    export HEADERMAP_INCLUDES_FRAMEWORK_ENTRIES_FOR_ALL_PRODUCT_TYPES\=YES
    export HEADERMAP_INCLUDES_FRAMEWORK_ENTRIES_FOR_TARGETS_NOT_BEING_BUILT\=YES
    export HEADERMAP_INCLUDES_NONPUBLIC_NONPRIVATE_HEADERS\=YES
    export HEADERMAP_INCLUDES_PROJECT_HEADERS\=YES
    export HEADERMAP_USES_FRAMEWORK_PREFIX_ENTRIES\=YES
    export HEADERMAP_USES_VFS\=NO
    export HEADER_SEARCH_PATHS\=/Users/shashishekhar/Library/Developer/Xcode/DerivedData/RestaurantsNearMeIOS-cxlnvzrpmdwxdmausljrqbwijesy/Build/Products/Debug-iphonesimulator/react-native-maps/include\ \ \"/Users/shashishekhar/Desktop/RestaurantsNearMeIOS/ios/Pods/Headers/Private\"\ \"/Users/shashishekhar/Desktop/RestaurantsNearMeIOS/ios/Pods/Headers/Private/react-native-maps\"\ \"/Users/shashishekhar/Desktop/RestaurantsNearMeIOS/ios/Pods/Headers/Public\"\ \"/Users/shashishekhar/Desktop/RestaurantsNearMeIOS/ios/Pods/Headers/Public/FBLazyVector\"\ \"/Users/shashishekhar/Desktop/RestaurantsNearMeIOS/ios/Pods/Headers/Public/RCTDeprecation\"\ \"/Users/shashishekhar/Desktop/RestaurantsNearMeIOS/ios/Pods/Headers/Public/RCTRequired\"\ \"/Users/shashishekhar/Desktop/RestaurantsNearMeIOS/ios/Pods/Headers/Public/RCTSwiftUIWrapper\"\ \"/Users/shashishekhar/Desktop/RestaurantsNearMeIOS/ios/Pods/Headers/Public/RCTTypeSafety\"\ \"/Users/shashishekhar/Desktop/RestaurantsNearMeIOS/ios/Pods/Headers/Public/React-Core\"\ \"/Users/shashishekhar/Desktop/RestaurantsNearMeIOS/ios/Pods/Headers/Public/React-Core-prebuilt\"\ \"/Users/shashishekhar/Desktop/RestaurantsNearMeIOS/ios/Pods/Headers/Public/React-CoreModules\"\ \"/Users/shashishekhar/Desktop/RestaurantsNearMeIOS/ios/Pods/Headers/Public/React-Fabric\"\ \"/Users/shashishekhar/Desktop/RestaurantsNearMeIOS/ios/Pods/Headers/Public/React-FabricComponents\"\ \"/Users/shashishekhar/Desktop/RestaurantsNearMeIOS/ios/Pods/Headers/Public/React-FabricImage\"\ \"/Users/shashishekhar/Desktop/RestaurantsNearMeIOS/ios/Pods/Headers/Public/React-ImageManager\"\ \"/Users/shashishekhar/Desktop/RestaurantsNearMeIOS/ios/Pods/Headers/Public/React-Mapbuffer\"\ \"/Users/shashishekhar/Desktop/RestaurantsNearMeIOS/ios/Pods/Headers/Public/React-NativeModulesApple\"\ \"/Users/shashishekhar/Desktop/RestaurantsNearMeIOS/ios/Pods/Headers/Public/React-RCTAnimation\"\ \"/Users/shashishekhar/Desktop/RestaurantsNearMeIOS/ios/Pods/Headers/Public/React-RCTAppDelegate\"\ \"/Users/shashishekhar/Desktop/RestaurantsNearMeIOS/ios/Pods/Headers/Public/React-RCTBlob\"\ \"/Users/shashishekhar/Desktop/RestaurantsNearMeIOS/ios/Pods/Headers/Public/React-RCTFBReactNativeSpec\"\ \"/Users/shashishekhar/Desktop/RestaurantsNearMeIOS/ios/Pods/Headers/Public/React-RCTFabric\"\ \"/Users/shashishekhar/Desktop/RestaurantsNearMeIOS/ios/Pods/Headers/Public/React-RCTImage\"\ \"/Users/shashishekhar/Desktop/RestaurantsNearMeIOS/ios/Pods/Headers/Public/React-RCTRuntime\"\ \"/Users/shashishekhar/Desktop/RestaurantsNearMeIOS/ios/Pods/Headers/Public/React-RCTText\"\ \"/Users/shashishekhar/Desktop/RestaurantsNearMeIOS/ios/Pods/Headers/Public/React-RuntimeApple\"\ \"/Users/shashishekhar/Desktop/RestaurantsNearMeIOS/ios/Pods/Headers/Public/React-RuntimeCore\"\ \"/Users/shashishekhar/Desktop/RestaurantsNearMeIOS/ios/Pods/Headers/Public/React-RuntimeHermes\"\ \"/Users/shashishekhar/Desktop/RestaurantsNearMeIOS/ios/Pods/Headers/Public/React-callinvoker\"\ \"/Users/shashishekhar/Desktop/RestaurantsNearMeIOS/ios/Pods/Headers/Public/React-cxxreact\"\ \"/Users/shashishekhar/Desktop/RestaurantsNearMeIOS/ios/Pods/Headers/Public/React-debug\"\ \"/Users/shashishekhar/Desktop/RestaurantsNearMeIOS/ios/Pods/Headers/Public/React-defaultsnativemodule\"\ \"/Users/shashishekhar/Desktop/RestaurantsNearMeIOS/ios/Pods/Headers/Public/React-domnativemodule\"\ \"/Users/shashishekhar/Desktop/RestaurantsNearMeIOS/ios/Pods/Headers/Public/React-featureflags\"\ \"/Users/shashishekhar/Desktop/RestaurantsNearMeIOS/ios/Pods/Headers/Public/React-featureflagsnativemodule\"\ \"/Users/shashishekhar/Desktop/RestaurantsNearMeIOS/ios/Pods/Headers/Public/React-graphics\"\ \"/Users/shashishekhar/Desktop/RestaurantsNearMeIOS/ios/Pods/Headers/Public/React-hermes\"\ \"/Users/shashishekhar/Desktop/RestaurantsNearMeIOS/ios/Pods/Headers/Public/React-idlecallbacksnativemodule\"\ \"/Users/shashishekhar/Desktop/RestaurantsNearMeIOS/ios/Pods/Headers/Public/React-intersectionobservernativemodule\"\ \"/Users/shashishekhar/Desktop/RestaurantsNearMeIOS/ios/Pods/Headers/Public/React-jserrorhandler\"\ \"/Users/shashishekhar/Desktop/RestaurantsNearMeIOS/ios/Pods/Headers/Public/React-jsi\"\ \"/Users/shashishekhar/Desktop/RestaurantsNearMeIOS/ios/Pods/Headers/Public/React-jsiexecutor\"\ \"/Users/shashishekhar/Desktop/RestaurantsNearMeIOS/ios/Pods/Headers/Public/React-jsinspector\"\ \"/Users/shashishekhar/Desktop/RestaurantsNearMeIOS/ios/Pods/Headers/Public/React-jsinspectorcdp\"\ \"/Users/shashishekhar/Desktop/RestaurantsNearMeIOS/ios/Pods/Headers/Public/React-jsinspectornetwork\"\ \"/Users/shashishekhar/Desktop/RestaurantsNearMeIOS/ios/Pods/Headers/Public/React-jsinspectortracing\"\ \"/Users/shashishekhar/Desktop/RestaurantsNearMeIOS/ios/Pods/Headers/Public/React-jsitooling\"\ \"/Users/shashishekhar/Desktop/RestaurantsNearMeIOS/ios/Pods/Headers/Public/React-logger\"\ \"/Users/shashishekhar/Desktop/RestaurantsNearMeIOS/ios/Pods/Headers/Public/React-microtasksnativemodule\"\ \"/Users/shashishekhar/Desktop/RestaurantsNearMeIOS/ios/Pods/Headers/Public/React-mutationobservernativemodule\"\ \"/Users/shashishekhar/Desktop/RestaurantsNearMeIOS/ios/Pods/Headers/Public/React-networking\"\ \"/Users/shashishekhar/Desktop/RestaurantsNearMeIOS/ios/Pods/Headers/Public/React-oscompat\"\ \"/Users/shashishekhar/Desktop/RestaurantsNearMeIOS/ios/Pods/Headers/Public/React-perflogger\"\ \"/Users/shashishekhar/Desktop/RestaurantsNearMeIOS/ios/Pods/Headers/Public/React-performancecdpmetrics\"\ \"/Users/shashishekhar/Desktop/RestaurantsNearMeIOS/ios/Pods/Headers/Public/React-performancetimeline\"\ \"/Users/shashishekhar/Desktop/RestaurantsNearMeIOS/ios/Pods/Headers/Public/React-rendererconsistency\"\ \"/Users/shashishekhar/Desktop/RestaurantsNearMeIOS/ios/Pods/Headers/Public/React-renderercss\"\ \"/Users/shashishekhar/Desktop/RestaurantsNearMeIOS/ios/Pods/Headers/Public/React-rendererdebug\"\ \"/Users/shashishekhar/Desktop/RestaurantsNearMeIOS/ios/Pods/Headers/Public/React-runtimeexecutor\"\ \"/Users/shashishekhar/Desktop/RestaurantsNearMeIOS/ios/Pods/Headers/Public/React-runtimescheduler\"\ \"/Users/shashishekhar/Desktop/RestaurantsNearMeIOS/ios/Pods/Headers/Public/React-timing\"\ \"/Users/shashishekhar/Desktop/RestaurantsNearMeIOS/ios/Pods/Headers/Public/React-utils\"\ \"/Users/shashishekhar/Desktop/RestaurantsNearMeIOS/ios/Pods/Headers/Public/React-viewtransitionnativemodule\"\ \"/Users/shashishekhar/Desktop/RestaurantsNearMeIOS/ios/Pods/Headers/Public/React-webperformancenativemodule\"\ \"/Users/shashishekhar/Desktop/RestaurantsNearMeIOS/ios/Pods/Headers/Public/ReactCodegen\"\ \"/Users/shashishekhar/Desktop/RestaurantsNearMeIOS/ios/Pods/Headers/Public/ReactCommon\"\ \"/Users/shashishekhar/Desktop/RestaurantsNearMeIOS/ios/Pods/Headers/Public/ReactNativeDependencies\"\ \"/Users/shashishekhar/Desktop/RestaurantsNearMeIOS/ios/Pods/Headers/Public/Yoga\"\ \"/Users/shashishekhar/Desktop/RestaurantsNearMeIOS/ios/Pods/Headers/Public/hermes-engine\"\ \"/Users/shashishekhar/Desktop/RestaurantsNearMeIOS/ios/Pods/Headers/Public/react-native-maps\"\ \"/Users/shashishekhar/Desktop/RestaurantsNearMeIOS/ios/Pods/Headers/Private/Yoga\"
    export HOME\=/Users/shashishekhar
    export HOST_ARCH\=arm64
    export HOST_PLATFORM\=macosx
    export ICONV\=/usr/bin/iconv
    export IMPLICIT_DEPENDENCY_DOMAIN\=default
    export INDEX_STORE_COMPRESS\=NO
    export INDEX_STORE_ONLY_PROJECT_FILES\=NO
    export INFOPLIST_ENABLE_CFBUNDLEICONS_MERGE\=YES
    export INFOPLIST_EXPAND_BUILD_SETTINGS\=YES
    export INFOPLIST_OUTPUT_FORMAT\=binary
    export INFOPLIST_PREPROCESS\=NO
    export INLINE_PRIVATE_FRAMEWORKS\=NO
    export INSTALLAPI_IGNORE_SKIP_INSTALL\=YES
    export INSTALLHDRS_COPY_PHASE\=NO
    export INSTALLHDRS_SCRIPT_PHASE\=NO
    export INSTALL_DIR\=/tmp/Pods.dst/usr/local/lib
    export INSTALL_GROUP\=staff
    export INSTALL_MODE_FLAG\=u+w,go-w,a+rX
    export INSTALL_OWNER\=shashishekhar
    export INSTALL_PATH\=/usr/local/lib
    export INSTALL_ROOT\=/tmp/Pods.dst
    export IPHONEOS_DEPLOYMENT_TARGET\=15.1
    export IS_UNOPTIMIZED_BUILD\=YES
    export JAVAC_DEFAULT_FLAGS\=-J-Xms64m\ -J-XX:NewSize\=4M\ -J-Dfile.encoding\=UTF8
    export JAVA_APP_STUB\=/System/Library/Frameworks/JavaVM.framework/Resources/MacOS/JavaApplicationStub
    export JAVA_ARCHIVE_CLASSES\=YES
    export JAVA_ARCHIVE_TYPE\=JAR
    export JAVA_COMPILER\=/usr/bin/javac
    export JAVA_FRAMEWORK_RESOURCES_DIRS\=Resources
    export JAVA_JAR_FLAGS\=cv
    export JAVA_SOURCE_SUBDIR\=.
    export JAVA_USE_DEPENDENCIES\=YES
    export JAVA_ZIP_FLAGS\=-urg
    export JIKES_DEFAULT_FLAGS\=+E\ +OLDCSO
    export KEEP_PRIVATE_EXTERNS\=NO
    export LD_DEPENDENCY_INFO_FILE\=/Users/shashishekhar/Library/Developer/Xcode/DerivedData/RestaurantsNearMeIOS-cxlnvzrpmdwxdmausljrqbwijesy/Build/Intermediates.noindex/Pods.build/Debug-iphonesimulator/react-native-maps.build/Objects-normal/undefined_arch/react-native-maps_dependency_info.dat
    export LD_EXPORT_SYMBOLS\=YES
    export LD_GENERATE_MAP_FILE\=NO
    export LD_MAP_FILE_PATH\=/Users/shashishekhar/Library/Developer/Xcode/DerivedData/RestaurantsNearMeIOS-cxlnvzrpmdwxdmausljrqbwijesy/Build/Intermediates.noindex/Pods.build/Debug-iphonesimulator/react-native-maps.build/react-native-maps-LinkMap-normal-undefined_arch.txt
    export LD_NO_PIE\=NO
    export LD_QUOTE_LINKER_ARGUMENTS_FOR_COMPILER_DRIVER\=YES
    export LD_SHARED_CACHE_ELIGIBLE\=Automatic
    export LD_WARN_DUPLICATE_LIBRARIES\=NO
    export LD_WARN_UNUSED_DYLIBS\=NO
    export LEGACY_DEVELOPER_DIR\=/Applications/Xcode.app/Contents/PlugIns/Xcode3Core.ideplugin/Contents/SharedSupport/Developer
    export LEX\=lex
    export LIBRARY_DEXT_INSTALL_PATH\=/Library/DriverExtensions
    export LIBRARY_FLAG_NOSPACE\=YES
    export LIBRARY_FLAG_PREFIX\=-l
    export LIBRARY_KEXT_INSTALL_PATH\=/Library/Extensions
    export LIBRARY_SEARCH_PATHS\=/Users/shashishekhar/Library/Developer/Xcode/DerivedData/RestaurantsNearMeIOS-cxlnvzrpmdwxdmausljrqbwijesy/Build/Products/Debug-iphonesimulator/react-native-maps\ 
    export LINKER_DISPLAYS_MANGLED_NAMES\=NO
    export LINK_FILE_LIST_normal_arm64\=/Users/shashishekhar/Library/Developer/Xcode/DerivedData/RestaurantsNearMeIOS-cxlnvzrpmdwxdmausljrqbwijesy/Build/Intermediates.noindex/Pods.build/Debug-iphonesimulator/react-native-maps.build/Objects-normal/arm64/react-native-maps.LinkFileList
    export LINK_FILE_LIST_normal_x86_64\=/Users/shashishekhar/Library/Developer/Xcode/DerivedData/RestaurantsNearMeIOS-cxlnvzrpmdwxdmausljrqbwijesy/Build/Intermediates.noindex/Pods.build/Debug-iphonesimulator/react-native-maps.build/Objects-normal/x86_64/react-native-maps.LinkFileList
    export LINK_OBJC_RUNTIME\=YES
    export LINK_WITH_STANDARD_LIBRARIES\=YES
    export LLVM_TARGET_TRIPLE_OS_VERSION\=ios15.1
    export LLVM_TARGET_TRIPLE_SUFFIX\=-simulator
    export LLVM_TARGET_TRIPLE_VENDOR\=apple
    export LM_AUX_CONST_METADATA_LIST_PATH_normal_arm64\=/Users/shashishekhar/Library/Developer/Xcode/DerivedData/RestaurantsNearMeIOS-cxlnvzrpmdwxdmausljrqbwijesy/Build/Intermediates.noindex/Pods.build/Debug-iphonesimulator/react-native-maps.build/Objects-normal/arm64/react-native-maps.SwiftConstValuesFileList
    export LM_AUX_CONST_METADATA_LIST_PATH_normal_x86_64\=/Users/shashishekhar/Library/Developer/Xcode/DerivedData/RestaurantsNearMeIOS-cxlnvzrpmdwxdmausljrqbwijesy/Build/Intermediates.noindex/Pods.build/Debug-iphonesimulator/react-native-maps.build/Objects-normal/x86_64/react-native-maps.SwiftConstValuesFileList
    export LOCALIZATION_EXPORT_SUPPORTED\=YES
    export LOCALIZATION_PREFERS_STRING_CATALOGS\=NO
    export LOCALIZED_STRING_CODE_COMMENTS\=NO
    export LOCALIZED_STRING_MACRO_NAMES\=NSLocalizedString\ CFCopyLocalizedString
    export LOCALIZED_STRING_SWIFTUI_SUPPORT\=YES
    export LOCAL_ADMIN_APPS_DIR\=/Applications/Utilities
    export LOCAL_APPS_DIR\=/Applications
    export LOCAL_DEVELOPER_DIR\=/Library/Developer
    export LOCAL_LIBRARY_DIR\=/Library
    export LOCROOT\=/Users/shashishekhar/Desktop/RestaurantsNearMeIOS/ios/Pods
    export LOCSYMROOT\=/Users/shashishekhar/Desktop/RestaurantsNearMeIOS/ios/Pods
    export MACH_O_TYPE\=staticlib
    export MAC_OS_X_PRODUCT_BUILD_VERSION\=25E246
    export MAC_OS_X_VERSION_ACTUAL\=260400
    export MAC_OS_X_VERSION_MAJOR\=260000
    export MAC_OS_X_VERSION_MINOR\=260400
    export MAKE_MERGEABLE\=NO
    export MERGEABLE_LIBRARY\=NO
    export MERGED_BINARY_TYPE\=none
    export MERGE_LINKED_LIBRARIES\=NO
    export METAL_LIBRARY_FILE_BASE\=default
    export METAL_LIBRARY_OUTPUT_DIR\=/Users/shashishekhar/Library/Developer/Xcode/DerivedData/RestaurantsNearMeIOS-cxlnvzrpmdwxdmausljrqbwijesy/Build/Products/Debug-iphonesimulator/react-native-maps/
    export MODULE_CACHE_DIR\=/Users/shashishekhar/Library/Developer/Xcode/DerivedData/ModuleCache.noindex
    export MTL_ENABLE_DEBUG_INFO\=INCLUDE_SOURCE
    export MTL_FAST_MATH\=YES
    export NATIVE_ARCH\=arm64
    export NATIVE_ARCH_32_BIT\=arm
    export NATIVE_ARCH_64_BIT\=arm64
    export NATIVE_ARCH_ACTUAL\=arm64
    export NO_COMMON\=YES
    export OBJC_ABI_VERSION\=2
    export OBJECT_FILE_DIR\=/Users/shashishekhar/Library/Developer/Xcode/DerivedData/RestaurantsNearMeIOS-cxlnvzrpmdwxdmausljrqbwijesy/Build/Intermediates.noindex/Pods.build/Debug-iphonesimulator/react-native-maps.build/Objects
    export OBJECT_FILE_DIR_normal\=/Users/shashishekhar/Library/Developer/Xcode/DerivedData/RestaurantsNearMeIOS-cxlnvzrpmdwxdmausljrqbwijesy/Build/Intermediates.noindex/Pods.build/Debug-iphonesimulator/react-native-maps.build/Objects-normal
    export OBJROOT\=/Users/shashishekhar/Library/Developer/Xcode/DerivedData/RestaurantsNearMeIOS-cxlnvzrpmdwxdmausljrqbwijesy/Build/Intermediates.noindex
    export ONLY_ACTIVE_ARCH\=NO
    export OS\=MACOS
    export OSAC\=/usr/bin/osacompile
    export OTHER_CFLAGS\=\ -DRCT_REMOVE_LEGACY_ARCH\=1\ -fmodule-map-file\=\"/Users/shashishekhar/Desktop/RestaurantsNearMeIOS/ios/Pods/Headers/Public/ReactCodegen/ReactCodegen.modulemap\"\ \ -DRCT_REMOVE_LEGACY_ARCH\=1\ -ivfsoverlay\ /Users/shashishekhar/Desktop/RestaurantsNearMeIOS/ios/Pods/React-Core-prebuilt/React-VFS.yaml
    export OTHER_CPLUSPLUSFLAGS\=\ -DRCT_REMOVE_LEGACY_ARCH\=1\ -fmodule-map-file\=\"/Users/shashishekhar/Desktop/RestaurantsNearMeIOS/ios/Pods/Headers/Public/ReactCodegen/ReactCodegen.modulemap\"\ \ -DRCT_REMOVE_LEGACY_ARCH\=1\ -ivfsoverlay\ /Users/shashishekhar/Desktop/RestaurantsNearMeIOS/ios/Pods/React-Core-prebuilt/React-VFS.yaml\ -DRCT_REMOVE_LEGACY_ARCH\=1\ -DRCT_NEW_ARCH_ENABLED\=1\ \ -ivfsoverlay\ /Users/shashishekhar/Desktop/RestaurantsNearMeIOS/ios/Pods/React-Core-prebuilt/React-VFS.yaml
    export OTHER_SWIFT_FLAGS\=\ -DRCT_NEW_ARCH_ENABLED\ -Xcc\ -ivfsoverlay\ -Xcc\ /Users/shashishekhar/Desktop/RestaurantsNearMeIOS/ios/Pods/React-Core-prebuilt/React-VFS.yaml
    export PACKAGE_TYPE\=com.apple.package-type.static-library
    export PASCAL_STRINGS\=YES
    export PATH\=/Applications/Xcode.app/Contents/SharedFrameworks/SwiftBuild.framework/Versions/A/PlugIns/SWBBuildService.bundle/Contents/PlugIns/SWBUniversalPlatformPlugin.bundle/Contents/Frameworks/SWBUniversalPlatform.framework/Resources:/Applications/Xcode.app/Contents/Developer/Toolchains/XcodeDefault.xctoolchain/usr/bin:/Applications/Xcode.app/Contents/Developer/Toolchains/XcodeDefault.xctoolchain/usr/local/bin:/Applications/Xcode.app/Contents/Developer/Toolchains/XcodeDefault.xctoolchain/usr/libexec:/Applications/Xcode.app/Contents/Developer/Platforms/iPhoneSimulator.platform/usr/bin:/Applications/Xcode.app/Contents/Developer/Platforms/iPhoneSimulator.platform/usr/local/bin:/Applications/Xcode.app/Contents/Developer/Platforms/iPhoneSimulator.platform/Developer/usr/bin:/Applications/Xcode.app/Contents/Developer/Platforms/iPhoneSimulator.platform/Developer/usr/local/bin:/Applications/Xcode.app/Contents/Developer/usr/bin:/Applications/Xcode.app/Contents/Developer/usr/local/bin:/Users/shashishekhar/Library/Application\ Support/Code/User/globalStorage/github.copilot-chat/debugCommand:/Users/shashishekhar/Library/Application\ Support/Code/User/globalStorage/github.copilot-chat/copilotCli:/usr/local/bin:/System/Cryptexes/App/usr/bin:/usr/bin:/bin:/usr/sbin:/sbin:/var/run/com.apple.security.cryptexd/codex.system/bootstrap/usr/local/bin:/var/run/com.apple.security.cryptexd/codex.system/bootstrap/usr/bin:/var/run/com.apple.security.cryptexd/codex.system/bootstrap/usr/appleinternal/bin:/opt/pkg/env/active/bin:/opt/pmk/env/global/bin:/Library/Apple/usr/bin:/opt/homebrew/bin
    export PATH_PREFIXES_EXCLUDED_FROM_HEADER_DEPENDENCIES\=/usr/include\ /usr/local/include\ /System/Library/Frameworks\ /System/Library/PrivateFrameworks\ /Applications/Xcode.app/Contents/Developer/Headers\ /Applications/Xcode.app/Contents/Developer/SDKs\ /Applications/Xcode.app/Contents/Developer/Platforms
    export PER_ARCH_MODULE_FILE_DIR\=/Users/shashishekhar/Library/Developer/Xcode/DerivedData/RestaurantsNearMeIOS-cxlnvzrpmdwxdmausljrqbwijesy/Build/Intermediates.noindex/Pods.build/Debug-iphonesimulator/react-native-maps.build/Objects-normal/undefined_arch
    export PER_ARCH_OBJECT_FILE_DIR\=/Users/shashishekhar/Library/Developer/Xcode/DerivedData/RestaurantsNearMeIOS-cxlnvzrpmdwxdmausljrqbwijesy/Build/Intermediates.noindex/Pods.build/Debug-iphonesimulator/react-native-maps.build/Objects-normal/undefined_arch
    export PER_VARIANT_OBJECT_FILE_DIR\=/Users/shashishekhar/Library/Developer/Xcode/DerivedData/RestaurantsNearMeIOS-cxlnvzrpmdwxdmausljrqbwijesy/Build/Intermediates.noindex/Pods.build/Debug-iphonesimulator/react-native-maps.build/Objects-normal
    export PKGINFO_FILE_PATH\=/Users/shashishekhar/Library/Developer/Xcode/DerivedData/RestaurantsNearMeIOS-cxlnvzrpmdwxdmausljrqbwijesy/Build/Intermediates.noindex/Pods.build/Debug-iphonesimulator/react-native-maps.build/PkgInfo
    export PLATFORM_DEVELOPER_APPLICATIONS_DIR\=/Applications/Xcode.app/Contents/Developer/Platforms/iPhoneSimulator.platform/Developer/Applications
    export PLATFORM_DEVELOPER_BIN_DIR\=/Applications/Xcode.app/Contents/Developer/Platforms/iPhoneSimulator.platform/Developer/usr/bin
    export PLATFORM_DEVELOPER_LIBRARY_DIR\=/Applications/Xcode.app/Contents/Developer/Platforms/iPhoneSimulator.platform/Developer/Library
    export PLATFORM_DEVELOPER_SDK_DIR\=/Applications/Xcode.app/Contents/Developer/Platforms/iPhoneSimulator.platform/Developer/SDKs
    export PLATFORM_DEVELOPER_TOOLS_DIR\=/Applications/Xcode.app/Contents/Developer/Platforms/iPhoneSimulator.platform/Developer/Tools
    export PLATFORM_DEVELOPER_USR_DIR\=/Applications/Xcode.app/Contents/Developer/Platforms/iPhoneSimulator.platform/Developer/usr
    export PLATFORM_DIR\=/Applications/Xcode.app/Contents/Developer/Platforms/iPhoneSimulator.platform
    export PLATFORM_DISPLAY_NAME\=iOS\ Simulator
    export PLATFORM_FAMILY_NAME\=iOS
    export PLATFORM_NAME\=iphonesimulator
    export PLATFORM_PREFERRED_ARCH\=x86_64
    export PLATFORM_PRODUCT_BUILD_VERSION\=23F81a
    export PLATFORM_REQUIRES_SWIFT_AUTOLINK_EXTRACT\=NO
    export PLATFORM_REQUIRES_SWIFT_MODULEWRAP\=NO
    export PLATFORM_USES_DSYMS\=YES
    export PLIST_FILE_OUTPUT_FORMAT\=binary
    export PODFILE_DIR\=/Users/shashishekhar/Desktop/RestaurantsNearMeIOS/ios/Pods/..
    export PODS_BUILD_DIR\=/Users/shashishekhar/Library/Developer/Xcode/DerivedData/RestaurantsNearMeIOS-cxlnvzrpmdwxdmausljrqbwijesy/Build/Products
    export PODS_CONFIGURATION_BUILD_DIR\=/Users/shashishekhar/Library/Developer/Xcode/DerivedData/RestaurantsNearMeIOS-cxlnvzrpmdwxdmausljrqbwijesy/Build/Products/Debug-iphonesimulator
    export PODS_DEVELOPMENT_LANGUAGE\=en
    export PODS_ROOT\=/Users/shashishekhar/Desktop/RestaurantsNearMeIOS/ios/Pods
    export PODS_TARGET_SRCROOT\=/Users/shashishekhar/Desktop/RestaurantsNearMeIOS/ios/Pods/../../node_modules/react-native-maps
    export PODS_XCFRAMEWORKS_BUILD_DIR\=/Users/shashishekhar/Library/Developer/Xcode/DerivedData/RestaurantsNearMeIOS-cxlnvzrpmdwxdmausljrqbwijesy/Build/Products/Debug-iphonesimulator/XCFrameworkIntermediates
    export PRECOMPS_INCLUDE_HEADERS_FROM_BUILT_PRODUCTS_DIR\=YES
    export PRECOMP_DESTINATION_DIR\=/Users/shashishekhar/Library/Developer/Xcode/DerivedData/RestaurantsNearMeIOS-cxlnvzrpmdwxdmausljrqbwijesy/Build/Intermediates.noindex/Pods.build/Debug-iphonesimulator/react-native-maps.build/PrefixHeaders
    export PROCESSED_INFOPLIST_PATH\=/Users/shashishekhar/Library/Developer/Xcode/DerivedData/RestaurantsNearMeIOS-cxlnvzrpmdwxdmausljrqbwijesy/Build/Intermediates.noindex/Pods.build/Debug-iphonesimulator/react-native-maps.build/Objects-normal/undefined_arch/Processed-Info.plist
    export PRODUCT_BUNDLE_IDENTIFIER\=org.cocoapods.react-native-maps
    export PRODUCT_MODULE_NAME\=ReactNativeMaps
    export PRODUCT_NAME\=react-native-maps
    export PRODUCT_SETTINGS_PATH\=
    export PRODUCT_TYPE\=com.apple.product-type.library.static
    export PROFILING_CODE\=NO
    export PROJECT\=Pods
    export PROJECT_DERIVED_FILE_DIR\=/Users/shashishekhar/Library/Developer/Xcode/DerivedData/RestaurantsNearMeIOS-cxlnvzrpmdwxdmausljrqbwijesy/Build/Intermediates.noindex/Pods.build/DerivedSources
    export PROJECT_DIR\=/Users/shashishekhar/Desktop/RestaurantsNearMeIOS/ios/Pods
    export PROJECT_FILE_PATH\=/Users/shashishekhar/Desktop/RestaurantsNearMeIOS/ios/Pods/Pods.xcodeproj
    export PROJECT_GUID\=8699adb1dd336b26511df848a716bd42
    export PROJECT_NAME\=Pods
    export PROJECT_TEMP_DIR\=/Users/shashishekhar/Library/Developer/Xcode/DerivedData/RestaurantsNearMeIOS-cxlnvzrpmdwxdmausljrqbwijesy/Build/Intermediates.noindex/Pods.build
    export PROJECT_TEMP_ROOT\=/Users/shashishekhar/Library/Developer/Xcode/DerivedData/RestaurantsNearMeIOS-cxlnvzrpmdwxdmausljrqbwijesy/Build/Intermediates.noindex
    export REACT_NATIVE_PATH\=/Users/shashishekhar/Desktop/RestaurantsNearMeIOS/ios/Pods/../../node_modules/react-native
    export RECOMMENDED_IPHONEOS_DEPLOYMENT_TARGET\=15.0
    export RECURSIVE_SEARCH_PATHS_FOLLOW_SYMLINKS\=YES
    export REMOVE_CVS_FROM_RESOURCES\=YES
    export REMOVE_GIT_FROM_RESOURCES\=YES
    export REMOVE_HEADERS_FROM_EMBEDDED_BUNDLES\=YES
    export REMOVE_HG_FROM_RESOURCES\=YES
    export REMOVE_STATIC_EXECUTABLES_FROM_EMBEDDED_BUNDLES\=YES
    export REMOVE_SVN_FROM_RESOURCES\=YES
    export RESCHEDULE_INDEPENDENT_HEADERS_PHASES\=YES
    export REZ_COLLECTOR_DIR\=/Users/shashishekhar/Library/Developer/Xcode/DerivedData/RestaurantsNearMeIOS-cxlnvzrpmdwxdmausljrqbwijesy/Build/Intermediates.noindex/Pods.build/Debug-iphonesimulator/react-native-maps.build/ResourceManagerResources
    export REZ_EXECUTABLE\=YES
    export REZ_OBJECTS_DIR\=/Users/shashishekhar/Library/Developer/Xcode/DerivedData/RestaurantsNearMeIOS-cxlnvzrpmdwxdmausljrqbwijesy/Build/Intermediates.noindex/Pods.build/Debug-iphonesimulator/react-native-maps.build/ResourceManagerResources/Objects
    export REZ_SEARCH_PATHS\=/Users/shashishekhar/Library/Developer/Xcode/DerivedData/RestaurantsNearMeIOS-cxlnvzrpmdwxdmausljrqbwijesy/Build/Products/Debug-iphonesimulator/react-native-maps\ 
    export RPATH_ORIGIN\=@loader_path
    export RUNTIME_EXCEPTION_ALLOW_DYLD_ENVIRONMENT_VARIABLES\=NO
    export RUNTIME_EXCEPTION_ALLOW_JIT\=NO
    export RUNTIME_EXCEPTION_ALLOW_UNSIGNED_EXECUTABLE_MEMORY\=NO
    export RUNTIME_EXCEPTION_DEBUGGING_TOOL\=NO
    export RUNTIME_EXCEPTION_DISABLE_EXECUTABLE_PAGE_PROTECTION\=NO
    export RUNTIME_EXCEPTION_DISABLE_LIBRARY_VALIDATION\=NO
    export SCANNING_PCM_KEEP_CACHE_DIRECTORY\=YES
    export SCAN_ALL_SOURCE_FILES_FOR_INCLUDES\=NO
    export SCRIPT_INPUT_FILE_COUNT\=0
    export SCRIPT_INPUT_FILE_LIST_COUNT\=0
    export SCRIPT_OUTPUT_FILE_COUNT\=0
    export SCRIPT_OUTPUT_FILE_LIST_COUNT\=0
    export SDKROOT\=/Applications/Xcode.app/Contents/Developer/Platforms/iPhoneSimulator.platform/Developer/SDKs/iPhoneSimulator26.5.sdk
    export SDK_DIR\=/Applications/Xcode.app/Contents/Developer/Platforms/iPhoneSimulator.platform/Developer/SDKs/iPhoneSimulator26.5.sdk
    export SDK_DIR_iphonesimulator\=/Applications/Xcode.app/Contents/Developer/Platforms/iPhoneSimulator.platform/Developer/SDKs/iPhoneSimulator26.5.sdk
    export SDK_DIR_iphonesimulator26_5\=/Applications/Xcode.app/Contents/Developer/Platforms/iPhoneSimulator.platform/Developer/SDKs/iPhoneSimulator26.5.sdk
    export SDK_NAME\=iphonesimulator26.5
    export SDK_NAMES\=iphonesimulator26.5
    export SDK_PRODUCT_BUILD_VERSION\=23F81a
    export SDK_STAT_CACHE_DIR\=/Users/shashishekhar/Library/Developer/Xcode/DerivedData
    export SDK_STAT_CACHE_ENABLE\=YES
    export SDK_STAT_CACHE_PATH\=/Users/shashishekhar/Library/Developer/Xcode/DerivedData/SDKStatCaches.noindex/iphonesimulator26.5-23F81a-6cfe768891a92b912361537c460fe42b.sdkstatcache
    export SDK_VERSION\=26.5
    export SDK_VERSION_ACTUAL\=260500
    export SDK_VERSION_MAJOR\=260000
    export SDK_VERSION_MINOR\=260500
    export SED\=/usr/bin/sed
    export SEPARATE_STRIP\=NO
    export SEPARATE_SYMBOL_EDIT\=NO
    export SET_DIR_MODE_OWNER_GROUP\=YES
    export SET_FILE_MODE_OWNER_GROUP\=NO
    export SHALLOW_BUNDLE\=NO
    export SHARED_DERIVED_FILE_DIR\=/Users/shashishekhar/Library/Developer/Xcode/DerivedData/RestaurantsNearMeIOS-cxlnvzrpmdwxdmausljrqbwijesy/Build/Products/Debug-iphonesimulator/react-native-maps/DerivedSources
    export SHARED_PRECOMPS_DIR\=/Users/shashishekhar/Library/Developer/Xcode/DerivedData/RestaurantsNearMeIOS-cxlnvzrpmdwxdmausljrqbwijesy/Build/Intermediates.noindex/PrecompiledHeaders
    export SKIP_INSTALL\=YES
    export SKIP_MERGEABLE_LIBRARY_BUNDLE_HOOK\=NO
    export SOURCE_ROOT\=/Users/shashishekhar/Desktop/RestaurantsNearMeIOS/ios/Pods
    export SRCROOT\=/Users/shashishekhar/Desktop/RestaurantsNearMeIOS/ios/Pods
    export STRINGSDATA_DIR\=/Users/shashishekhar/Library/Developer/Xcode/DerivedData/RestaurantsNearMeIOS-cxlnvzrpmdwxdmausljrqbwijesy/Build/Intermediates.noindex/Pods.build/Debug-iphonesimulator/react-native-maps.build/Objects-normal/undefined_arch
    export STRINGSDATA_ROOT\=/Users/shashishekhar/Library/Developer/Xcode/DerivedData/RestaurantsNearMeIOS-cxlnvzrpmdwxdmausljrqbwijesy/Build/Intermediates.noindex/Pods.build/Debug-iphonesimulator/react-native-maps.build
    export STRINGS_FILE_INFOPLIST_RENAME\=YES
    export STRINGS_FILE_OUTPUT_ENCODING\=binary
    export STRING_CATALOG_GENERATE_SYMBOLS\=NO
    export STRIP_BITCODE_FROM_COPIED_FILES\=NO
    export STRIP_INSTALLED_PRODUCT\=NO
    export STRIP_STYLE\=debugging
    export STRIP_SWIFT_SYMBOLS\=YES
    export SUPPORTED_DEVICE_FAMILIES\=1,2
    export SUPPORTED_PLATFORMS\=iphoneos\ iphonesimulator
    export SUPPORTS_TEXT_BASED_API\=NO
    export SUPPRESS_WARNINGS\=NO
    export SWIFT_ACTIVE_COMPILATION_CONDITIONS\=\ DEBUG\ 
    export SWIFT_EMIT_CONST_VALUE_PROTOCOLS\=AnyResolverProviding\ AppEntity\ AppEnum\ AppExtension\ AppIntent\ AppIntentsPackage\ AppShortcutProviding\ AppShortcutsProvider\ AppUnionValue\ AppUnionValueCasesProviding\ DynamicOptionsProvider\ EntityQuery\ ExtensionPointDefining\ IntentValueQuery\ Resolver\ TransientEntity\ _AssistantIntentsProvider\ _GenerativeFunctionExtractable\ _IntentValueRepresentable
    export SWIFT_EMIT_LOC_STRINGS\=NO
    export SWIFT_ENABLE_EXPLICIT_MODULES\=NO
    export SWIFT_INSTALL_OBJC_HEADER\=YES
    export SWIFT_OPTIMIZATION_LEVEL\=-Onone
    export SWIFT_PLATFORM_TARGET_PREFIX\=ios
    export SWIFT_RESPONSE_FILE_PATH_normal_arm64\=/Users/shashishekhar/Library/Developer/Xcode/DerivedData/RestaurantsNearMeIOS-cxlnvzrpmdwxdmausljrqbwijesy/Build/Intermediates.noindex/Pods.build/Debug-iphonesimulator/react-native-maps.build/Objects-normal/arm64/react-native-maps.SwiftFileList
    export SWIFT_RESPONSE_FILE_PATH_normal_x86_64\=/Users/shashishekhar/Library/Developer/Xcode/DerivedData/RestaurantsNearMeIOS-cxlnvzrpmdwxdmausljrqbwijesy/Build/Intermediates.noindex/Pods.build/Debug-iphonesimulator/react-native-maps.build/Objects-normal/x86_64/react-native-maps.SwiftFileList
    export SWIFT_VERSION\=5.0
    export SYMROOT\=/Users/shashishekhar/Library/Developer/Xcode/DerivedData/RestaurantsNearMeIOS-cxlnvzrpmdwxdmausljrqbwijesy/Build/Products
    export SYSTEM_ADMIN_APPS_DIR\=/Applications/Utilities
    export SYSTEM_APPS_DIR\=/Applications
    export SYSTEM_CORE_SERVICES_DIR\=/System/Library/CoreServices
    export SYSTEM_DEMOS_DIR\=/Applications/Extras
    export SYSTEM_DEVELOPER_APPS_DIR\=/Applications/Xcode.app/Contents/Developer/Applications
    export SYSTEM_DEVELOPER_BIN_DIR\=/Applications/Xcode.app/Contents/Developer/usr/bin
    export SYSTEM_DEVELOPER_DEMOS_DIR\=/Applications/Xcode.app/Contents/Developer/Applications/Utilities/Built\ Examples
    export SYSTEM_DEVELOPER_DIR\=/Applications/Xcode.app/Contents/Developer
    export SYSTEM_DEVELOPER_DOC_DIR\=/Applications/Xcode.app/Contents/Developer/ADC\ Reference\ Library
    export SYSTEM_DEVELOPER_GRAPHICS_TOOLS_DIR\=/Applications/Xcode.app/Contents/Developer/Applications/Graphics\ Tools
    export SYSTEM_DEVELOPER_JAVA_TOOLS_DIR\=/Applications/Xcode.app/Contents/Developer/Applications/Java\ Tools
    export SYSTEM_DEVELOPER_PERFORMANCE_TOOLS_DIR\=/Applications/Xcode.app/Contents/Developer/Applications/Performance\ Tools
    export SYSTEM_DEVELOPER_RELEASENOTES_DIR\=/Applications/Xcode.app/Contents/Developer/ADC\ Reference\ Library/releasenotes
    export SYSTEM_DEVELOPER_TOOLS\=/Applications/Xcode.app/Contents/Developer/Tools
    export SYSTEM_DEVELOPER_TOOLS_DOC_DIR\=/Applications/Xcode.app/Contents/Developer/ADC\ Reference\ Library/documentation/DeveloperTools
    export SYSTEM_DEVELOPER_TOOLS_RELEASENOTES_DIR\=/Applications/Xcode.app/Contents/Developer/ADC\ Reference\ Library/releasenotes/DeveloperTools
    export SYSTEM_DEVELOPER_USR_DIR\=/Applications/Xcode.app/Contents/Developer/usr
    export SYSTEM_DEVELOPER_UTILITIES_DIR\=/Applications/Xcode.app/Contents/Developer/Applications/Utilities
    export SYSTEM_DEXT_INSTALL_PATH\=/System/Library/DriverExtensions
    export SYSTEM_DOCUMENTATION_DIR\=/Library/Documentation
    export SYSTEM_KEXT_INSTALL_PATH\=/System/Library/Extensions
    export SYSTEM_LIBRARY_DIR\=/System/Library
    export TAPI_DEMANGLE\=YES
    export TAPI_ENABLE_PROJECT_HEADERS\=NO
    export TAPI_LANGUAGE\=objective-c
    export TAPI_LANGUAGE_STANDARD\=compiler-default
    export TAPI_USE_SRCROOT\=YES
    export TAPI_VERIFY_MODE\=Pedantic
    export TARGETED_DEVICE_FAMILY\=1,2
    export TARGETNAME\=react-native-maps
    export TARGET_BUILD_DIR\=/Users/shashishekhar/Library/Developer/Xcode/DerivedData/RestaurantsNearMeIOS-cxlnvzrpmdwxdmausljrqbwijesy/Build/Products/Debug-iphonesimulator/react-native-maps
    export TARGET_NAME\=react-native-maps
    export TARGET_TEMP_DIR\=/Users/shashishekhar/Library/Developer/Xcode/DerivedData/RestaurantsNearMeIOS-cxlnvzrpmdwxdmausljrqbwijesy/Build/Intermediates.noindex/Pods.build/Debug-iphonesimulator/react-native-maps.build
    export TEMP_DIR\=/Users/shashishekhar/Library/Developer/Xcode/DerivedData/RestaurantsNearMeIOS-cxlnvzrpmdwxdmausljrqbwijesy/Build/Intermediates.noindex/Pods.build/Debug-iphonesimulator/react-native-maps.build
    export TEMP_FILES_DIR\=/Users/shashishekhar/Library/Developer/Xcode/DerivedData/RestaurantsNearMeIOS-cxlnvzrpmdwxdmausljrqbwijesy/Build/Intermediates.noindex/Pods.build/Debug-iphonesimulator/react-native-maps.build
    export TEMP_FILE_DIR\=/Users/shashishekhar/Library/Developer/Xcode/DerivedData/RestaurantsNearMeIOS-cxlnvzrpmdwxdmausljrqbwijesy/Build/Intermediates.noindex/Pods.build/Debug-iphonesimulator/react-native-maps.build
    export TEMP_ROOT\=/Users/shashishekhar/Library/Developer/Xcode/DerivedData/RestaurantsNearMeIOS-cxlnvzrpmdwxdmausljrqbwijesy/Build/Intermediates.noindex
    export TEMP_SANDBOX_DIR\=/Users/shashishekhar/Library/Developer/Xcode/DerivedData/RestaurantsNearMeIOS-cxlnvzrpmdwxdmausljrqbwijesy/Build/Intermediates.noindex/TemporaryTaskSandboxes
    export TEST_FRAMEWORK_SEARCH_PATHS\=\ /Applications/Xcode.app/Contents/Developer/Platforms/iPhoneSimulator.platform/Developer/Library/Frameworks\ /Applications/Xcode.app/Contents/Developer/Platforms/iPhoneSimulator.platform/Developer/SDKs/iPhoneSimulator26.5.sdk/Developer/Library/Frameworks
    export TEST_LIBRARY_SEARCH_PATHS\=\ /Applications/Xcode.app/Contents/Developer/Platforms/iPhoneSimulator.platform/Developer/usr/lib
    export TOOLCHAINS\=com.apple.dt.toolchain.XcodeDefault
    export TOOLCHAIN_DIR\=/Applications/Xcode.app/Contents/Developer/Toolchains/XcodeDefault.xctoolchain
    export TREAT_MISSING_BASELINES_AS_TEST_FAILURES\=NO
    export TREAT_MISSING_SCRIPT_PHASE_OUTPUTS_AS_ERRORS\=NO
    export UID\=501
    export UNINSTALLED_PRODUCTS_DIR\=/Users/shashishekhar/Library/Developer/Xcode/DerivedData/RestaurantsNearMeIOS-cxlnvzrpmdwxdmausljrqbwijesy/Build/Intermediates.noindex/UninstalledProducts
    export UNSTRIPPED_PRODUCT\=NO
    export USER\=shashishekhar
    export USER_APPS_DIR\=/Users/shashishekhar/Applications
    export USER_LIBRARY_DIR\=/Users/shashishekhar/Library
    export USE_DYNAMIC_NO_PIC\=YES
    export USE_HEADERMAP\=YES
    export USE_HEADER_SYMLINKS\=NO
    export USE_HERMES\=true
    export USE_RECURSIVE_SCRIPT_INPUTS_IN_SCRIPT_PHASES\=YES
    export VALIDATE_DEVELOPMENT_ASSET_PATHS\=YES_ERROR
    export VALIDATE_PRODUCT\=NO
    export VALID_ARCHS\=arm64\ x86_64
    export VERBOSE_PBXCP\=NO
    export VERSION_INFO_BUILDER\=shashishekhar
    export VERSION_INFO_FILE\=react-native-maps_vers.c
    export VERSION_INFO_STRING\=\"@\(\#\)PROGRAM:react-native-maps\ \ PROJECT:Pods-\"
    export WORKSPACE_DIR\=/Users/shashishekhar/Desktop/RestaurantsNearMeIOS/ios
    export WRAP_ASSET_PACKS_IN_SEPARATE_DIRECTORIES\=NO
    export XCODE_APP_SUPPORT_DIR\=/Applications/Xcode.app/Contents/Developer/Library/Xcode
    export XCODE_PRODUCT_BUILD_VERSION\=17F113
    export XCODE_VERSION_ACTUAL\=2660
    export XCODE_VERSION_MAJOR\=2600
    export XCODE_VERSION_MINOR\=2660
    export XPCSERVICES_FOLDER_PATH\=/XPCServices
    export YACC\=yacc
    export _DISCOVER_COMMAND_LINE_LINKER_INPUTS\=YES
    export _DISCOVER_COMMAND_LINE_LINKER_INPUTS_INCLUDE_WL\=YES
    export _LD_MULTIARCH\=YES
    export __DIAGNOSE_DEPRECATED_ARCHS\=YES
    export __ORIGINAL_SDK_DEFINED_LLVM_TARGET_TRIPLE_SYS\=ios
    export arch\=undefined_arch
    export variant\=normal
    /bin/sh -c /Users/shashishekhar/Library/Developer/Xcode/DerivedData/RestaurantsNearMeIOS-cxlnvzrpmdwxdmausljrqbwijesy/Build/Intermediates.noindex/Pods.build/Debug-iphonesimulator/react-native-maps.build/Script-46EB2E0001AFB0.sh
+ echo 'Running Google Maps detection script...'
Running Google Maps detection script...
+ DEFINES_DIR=/Users/shashishekhar/Desktop/RestaurantsNearMeIOS/ios/Pods/../../node_modules/react-native-maps/ios/AirMaps
+ DEFINES_FILE=/Users/shashishekhar/Desktop/RestaurantsNearMeIOS/ios/Pods/../../node_modules/react-native-maps/ios/AirMaps/RNMapsDefines.h
+ mkdir -p /Users/shashishekhar/Desktop/RestaurantsNearMeIOS/ios/Pods/../../node_modules/react-native-maps/ios/AirMaps
+ '[' -d /Users/shashishekhar/Desktop/RestaurantsNearMeIOS/ios/Pods/GoogleMaps ']'
+ echo '#define HAVE_GOOGLE_MAPS 0'
+ echo '❌ Google Maps libraries NOT detected. HAVE_GOOGLE_MAPS set to 0.'
❌ Google Maps libraries NOT detected. HAVE_GOOGLE_MAPS set to 0.
+ '[' -f /Users/shashishekhar/Desktop/RestaurantsNearMeIOS/ios/Pods/../../node_modules/react-native-maps/ios/AirMaps/RNMapsDefines.h ']'
+ echo '✅ Successfully wrote to /Users/shashishekhar/Desktop/RestaurantsNearMeIOS/ios/Pods/../../node_modules/react-native-maps/ios/AirMaps/RNMapsDefines.h'
✅ Successfully wrote to /Users/shashishekhar/Desktop/RestaurantsNearMeIOS/ios/Pods/../../node_modules/react-native-maps/ios/AirMaps/RNMapsDefines.h
+ cat /Users/shashishekhar/Desktop/RestaurantsNearMeIOS/ios/Pods/../../node_modules/react-native-maps/ios/AirMaps/RNMapsDefines.h
#define HAVE_GOOGLE_MAPS 0
+ set -e
+ echo '🔧 Patching @import GoogleMaps...'
🔧 Patching @import GoogleMaps...
+ FILES=("$PODS_ROOT/Google-Maps-iOS-Utils/Sources/GoogleMapsUtilsObjC/include/GMSMarker+GMUClusteritem.h" "$PODS_ROOT/Google-Maps-iOS-Utils/Sources/GoogleMapsUtilsObjC/include/GMUGeoJSONParser.h" "$PODS_ROOT/Google-Maps-iOS-Utils/Sources/GoogleMapsUtilsObjC/include/GMUPolygon.h" "$PODS_ROOT/Google-Maps-iOS-Utils/Sources/GoogleMapsUtilsObjC/include/GMUWeightedLatLng.h" "$PODS_ROOT/GoogleMaps/Maps/Sources/GMSEmpty.h")
+ for file in '"${FILES[@]}"'
+ '[' -f /Users/shashishekhar/Desktop/RestaurantsNearMeIOS/ios/Pods/Google-Maps-iOS-Utils/Sources/GoogleMapsUtilsObjC/include/GMSMarker+GMUClusteritem.h ']'
+ echo '⚠️ Not found: /Users/shashishekhar/Desktop/RestaurantsNearMeIOS/ios/Pods/Google-Maps-iOS-Utils/Sources/GoogleMapsUtilsObjC/include/GMSMarker+GMUClusteritem.h'
⚠️ Not found: /Users/shashishekhar/Desktop/RestaurantsNearMeIOS/ios/Pods/Google-Maps-iOS-Utils/Sources/GoogleMapsUtilsObjC/include/GMSMarker+GMUClusteritem.h
+ for file in '"${FILES[@]}"'
+ '[' -f /Users/shashishekhar/Desktop/RestaurantsNearMeIOS/ios/Pods/Google-Maps-iOS-Utils/Sources/GoogleMapsUtilsObjC/include/GMUGeoJSONParser.h ']'
+ echo '⚠️ Not found: /Users/shashishekhar/Desktop/RestaurantsNearMeIOS/ios/Pods/Google-Maps-iOS-Utils/Sources/GoogleMapsUtilsObjC/include/GMUGeoJSONParser.h'
⚠️ Not found: /Users/shashishekhar/Desktop/RestaurantsNearMeIOS/ios/Pods/Google-Maps-iOS-Utils/Sources/GoogleMapsUtilsObjC/include/GMUGeoJSONParser.h
+ for file in '"${FILES[@]}"'
+ '[' -f /Users/shashishekhar/Desktop/RestaurantsNearMeIOS/ios/Pods/Google-Maps-iOS-Utils/Sources/GoogleMapsUtilsObjC/include/GMUPolygon.h ']'
+ echo '⚠️ Not found: /Users/shashishekhar/Desktop/RestaurantsNearMeIOS/ios/Pods/Google-Maps-iOS-Utils/Sources/GoogleMapsUtilsObjC/include/GMUPolygon.h'
⚠️ Not found: /Users/shashishekhar/Desktop/RestaurantsNearMeIOS/ios/Pods/Google-Maps-iOS-Utils/Sources/GoogleMapsUtilsObjC/include/GMUPolygon.h
+ for file in '"${FILES[@]}"'
+ '[' -f /Users/shashishekhar/Desktop/RestaurantsNearMeIOS/ios/Pods/Google-Maps-iOS-Utils/Sources/GoogleMapsUtilsObjC/include/GMUWeightedLatLng.h ']'
+ echo '⚠️ Not found: /Users/shashishekhar/Desktop/RestaurantsNearMeIOS/ios/Pods/Google-Maps-iOS-Utils/Sources/GoogleMapsUtilsObjC/include/GMUWeightedLatLng.h'
⚠️ Not found: /Users/shashishekhar/Desktop/RestaurantsNearMeIOS/ios/Pods/Google-Maps-iOS-Utils/Sources/GoogleMapsUtilsObjC/include/GMUWeightedLatLng.h
+ for file in '"${FILES[@]}"'
+ '[' -f /Users/shashishekhar/Desktop/RestaurantsNearMeIOS/ios/Pods/GoogleMaps/Maps/Sources/GMSEmpty.h ']'
+ echo '⚠️ Not found: /Users/shashishekhar/Desktop/RestaurantsNearMeIOS/ios/Pods/GoogleMaps/Maps/Sources/GMSEmpty.h'
⚠️ Not found: /Users/shashishekhar/Desktop/RestaurantsNearMeIOS/ios/Pods/GoogleMaps/Maps/Sources/GMSEmpty.h

PhaseScriptExecution [CP-User]\ Config\ codegen /Users/shashishekhar/Library/Developer/Xcode/DerivedData/RestaurantsNearMeIOS-cxlnvzrpmdwxdmausljrqbwijesy/Build/Intermediates.noindex/Pods.build/Debug-iphonesimulator/react-native-config.build/Script-46EB2E0001AFA0.sh (in target 'react-native-config' from project 'Pods')
    cd /Users/shashishekhar/Desktop/RestaurantsNearMeIOS/ios/Pods
    export ACTION\=build
    export AD_HOC_CODE_SIGNING_ALLOWED\=YES
    export ALLOW_BUILD_REQUEST_OVERRIDES\=NO
    export ALLOW_TARGET_PLATFORM_SPECIALIZATION\=NO
    export ALTERNATE_GROUP\=staff
    export ALTERNATE_MODE\=u+w,go-w,a+rX
    export ALTERNATE_OWNER\=shashishekhar
    export ALTERNATIVE_DISTRIBUTION_WEB\=NO
    export ALWAYS_EMBED_SWIFT_STANDARD_LIBRARIES\=NO
    export ALWAYS_SEARCH_USER_PATHS\=NO
    export ALWAYS_USE_SEPARATE_HEADERMAPS\=NO
    export APPLICATION_EXTENSION_API_ONLY\=NO
    export APPLY_RULES_IN_COPY_FILES\=NO
    export APPLY_RULES_IN_COPY_HEADERS\=NO
    export APP_SHORTCUTS_ENABLE_FLEXIBLE_MATCHING\=YES
    export ARCHS\=arm64\ x86_64
    export ARCHS_BASE\=arm64\ x86_64
    export ARCHS_STANDARD\=arm64\ x86_64
    export ARCHS_STANDARD_32_64_BIT\=arm64\ x86_64
    export ARCHS_STANDARD_64_BIT\=arm64\ x86_64
    export ARCHS_STANDARD_INCLUDING_64_BIT\=arm64\ x86_64
    export ARCHS_UNIVERSAL_IPHONE_OS\=arm64\ x86_64
    export AUTOMATICALLY_MERGE_DEPENDENCIES\=NO
    export AUTOMATION_APPLE_EVENTS\=NO
    export AVAILABLE_PLATFORMS\=android\ appletvos\ appletvsimulator\ driverkit\ freebsd\ iphoneos\ iphonesimulator\ linux\ macosx\ none\ openbsd\ qnx\ watchos\ watchsimulator\ webassembly\ xros\ xrsimulator
    export BUILD_ACTIVE_RESOURCES_ONLY\=NO
    export BUILD_COMPONENTS\=headers\ build
    export BUILD_DIR\=/Users/shashishekhar/Library/Developer/Xcode/DerivedData/RestaurantsNearMeIOS-cxlnvzrpmdwxdmausljrqbwijesy/Build/Products
    export BUILD_LIBRARY_FOR_DISTRIBUTION\=NO
    export BUILD_ONLY_KNOWN_LOCALIZATIONS\=NO
    export BUILD_ROOT\=/Users/shashishekhar/Library/Developer/Xcode/DerivedData/RestaurantsNearMeIOS-cxlnvzrpmdwxdmausljrqbwijesy/Build/Products
    export BUILD_STYLE\=
    export BUILD_VARIANTS\=normal
    export BUILT_PRODUCTS_DIR\=/Users/shashishekhar/Library/Developer/Xcode/DerivedData/RestaurantsNearMeIOS-cxlnvzrpmdwxdmausljrqbwijesy/Build/Products/Debug-iphonesimulator/react-native-config
    export BUNDLE_CONTENTS_FOLDER_PATH_deep\=Contents/
    export BUNDLE_EXECUTABLE_FOLDER_NAME_deep\=MacOS
    export BUNDLE_EXTENSIONS_FOLDER_PATH\=Extensions
    export BUNDLE_FORMAT\=shallow
    export BUNDLE_FRAMEWORKS_FOLDER_PATH\=Frameworks
    export BUNDLE_PLUGINS_FOLDER_PATH\=PlugIns
    export BUNDLE_PRIVATE_HEADERS_FOLDER_PATH\=PrivateHeaders
    export BUNDLE_PUBLIC_HEADERS_FOLDER_PATH\=Headers
    export CACHE_ROOT\=/var/folders/n6/7nd1dnm93kng8k7b6j0bk0sc0000gn/C/com.apple.DeveloperTools/26.6-17F113/Xcode
    export CCHROOT\=/var/folders/n6/7nd1dnm93kng8k7b6j0bk0sc0000gn/C/com.apple.DeveloperTools/26.6-17F113/Xcode
    export CHMOD\=/bin/chmod
    export CHOWN\=chown
    export CLANG_ALLOW_NON_MODULAR_INCLUDES_IN_FRAMEWORK_MODULES\=YES
    export CLANG_ANALYZER_LOCALIZABILITY_NONLOCALIZED\=YES
    export CLANG_ANALYZER_NONNULL\=YES
    export CLANG_ANALYZER_NUMBER_OBJECT_CONVERSION\=YES_AGGRESSIVE
    export CLANG_CACHE_FINE_GRAINED_OUTPUTS\=YES
    export CLANG_CXX_LANGUAGE_STANDARD\=c++20
    export CLANG_CXX_LIBRARY\=libc++
    export CLANG_ENABLE_EXPLICIT_MODULES\=YES
    export CLANG_ENABLE_MODULES\=YES
    export CLANG_ENABLE_MODULE_DEBUGGING\=NO
    export CLANG_ENABLE_OBJC_ARC\=YES
    export CLANG_ENABLE_OBJC_WEAK\=YES
    export CLANG_MODULES_BUILD_SESSION_FILE\=/Users/shashishekhar/Library/Developer/Xcode/DerivedData/ModuleCache.noindex/Session.modulevalidation
    export CLANG_WARN_BLOCK_CAPTURE_AUTORELEASING\=YES
    export CLANG_WARN_BOOL_CONVERSION\=YES
    export CLANG_WARN_COMMA\=YES
    export CLANG_WARN_CONSTANT_CONVERSION\=YES
    export CLANG_WARN_DEPRECATED_OBJC_IMPLEMENTATIONS\=YES
    export CLANG_WARN_DIRECT_OBJC_ISA_USAGE\=YES_ERROR
    export CLANG_WARN_DOCUMENTATION_COMMENTS\=YES
    export CLANG_WARN_EMPTY_BODY\=YES
    export CLANG_WARN_ENUM_CONVERSION\=YES
    export CLANG_WARN_INFINITE_RECURSION\=YES
    export CLANG_WARN_INT_CONVERSION\=YES
    export CLANG_WARN_NON_LITERAL_NULL_CONVERSION\=YES
    export CLANG_WARN_OBJC_IMPLICIT_RETAIN_SELF\=YES
    export CLANG_WARN_OBJC_LITERAL_CONVERSION\=YES
    export CLANG_WARN_OBJC_ROOT_CLASS\=YES_ERROR
    export CLANG_WARN_QUOTED_INCLUDE_IN_FRAMEWORK_HEADER\=NO
    export CLANG_WARN_RANGE_LOOP_ANALYSIS\=YES
    export CLANG_WARN_STRICT_PROTOTYPES\=YES
    export CLANG_WARN_SUSPICIOUS_MOVE\=YES
    export CLANG_WARN_UNGUARDED_AVAILABILITY\=YES_AGGRESSIVE
    export CLANG_WARN_UNREACHABLE_CODE\=YES
    export CLANG_WARN__DUPLICATE_METHOD_MATCH\=YES
    export CLASS_FILE_DIR\=/Users/shashishekhar/Library/Developer/Xcode/DerivedData/RestaurantsNearMeIOS-cxlnvzrpmdwxdmausljrqbwijesy/Build/Intermediates.noindex/Pods.build/Debug-iphonesimulator/react-native-config.build/JavaClasses
    export CLEAN_PRECOMPS\=YES
    export CLONE_HEADERS\=NO
    export CODESIGNING_FOLDER_PATH\=/Users/shashishekhar/Library/Developer/Xcode/DerivedData/RestaurantsNearMeIOS-cxlnvzrpmdwxdmausljrqbwijesy/Build/Products/Debug-iphonesimulator/react-native-config/libreact-native-config.a
    export CODE_SIGNING_ALLOWED\=NO
    export CODE_SIGNING_REQUIRED\=YES
    export CODE_SIGN_CONTEXT_CLASS\=XCiPhoneSimulatorCodeSignContext
    export CODE_SIGN_IDENTITY\=-
    export CODE_SIGN_INJECT_BASE_ENTITLEMENTS\=YES
    export COLOR_DIAGNOSTICS\=NO
    export COMBINE_HIDPI_IMAGES\=NO
    export COMPILATION_CACHE_CAS_PATH\=/Users/shashishekhar/Library/Developer/Xcode/DerivedData/CompilationCache.noindex
    export COMPILATION_CACHE_KEEP_CAS_DIRECTORY\=YES
    export COMPILER_INDEX_STORE_ENABLE\=Default
    export COMPOSITE_SDK_DIRS\=/Users/shashishekhar/Library/Developer/Xcode/DerivedData/RestaurantsNearMeIOS-cxlnvzrpmdwxdmausljrqbwijesy/Build/Intermediates.noindex/CompositeSDKs
    export COMPRESS_PNG_FILES\=YES
    export CONFIGURATION\=Debug
    export CONFIGURATION_BUILD_DIR\=/Users/shashishekhar/Library/Developer/Xcode/DerivedData/RestaurantsNearMeIOS-cxlnvzrpmdwxdmausljrqbwijesy/Build/Products/Debug-iphonesimulator/react-native-config
    export CONFIGURATION_TEMP_DIR\=/Users/shashishekhar/Library/Developer/Xcode/DerivedData/RestaurantsNearMeIOS-cxlnvzrpmdwxdmausljrqbwijesy/Build/Intermediates.noindex/Pods.build/Debug-iphonesimulator
    export COPYING_PRESERVES_HFS_DATA\=NO
    export COPY_HEADERS_RUN_UNIFDEF\=NO
    export COPY_PHASE_STRIP\=NO
    export CORRESPONDING_DEVICE_PLATFORM_DIR\=/Applications/Xcode.app/Contents/Developer/Platforms/iPhoneOS.platform
    export CORRESPONDING_DEVICE_PLATFORM_NAME\=iphoneos
    export CORRESPONDING_DEVICE_SDK_DIR\=/Applications/Xcode.app/Contents/Developer/Platforms/iPhoneOS.platform/Developer/SDKs/iPhoneOS26.5.sdk
    export CORRESPONDING_DEVICE_SDK_NAME\=iphoneos26.5
    export CP\=/bin/cp
    export CREATE_INFOPLIST_SECTION_IN_BINARY\=NO
    export CURRENT_ARCH\=undefined_arch
    export CURRENT_VARIANT\=normal
    export DEAD_CODE_STRIPPING\=YES
    export DEBUGGING_SYMBOLS\=YES
    export DEBUG_INFORMATION_FORMAT\=dwarf
    export DEBUG_INFORMATION_VERSION\=compiler-default
    export DEFAULT_COMPILER\=com.apple.compilers.llvm.clang.1_0
    export DEFAULT_DEXT_INSTALL_PATH\=/System/Library/DriverExtensions
    export DEFAULT_KEXT_INSTALL_PATH\=/System/Library/Extensions
    export DEFINES_MODULE\=NO
    export DEPLOYMENT_LOCATION\=NO
    export DEPLOYMENT_POSTPROCESSING\=NO
    export DEPLOYMENT_TARGET_SETTING_NAME\=IPHONEOS_DEPLOYMENT_TARGET
    export DEPLOYMENT_TARGET_SUGGESTED_VALUES\=12.0\ 12.1\ 12.2\ 12.3\ 12.4\ 13.0\ 13.1\ 13.2\ 13.3\ 13.4\ 13.5\ 13.6\ 14.0\ 14.1\ 14.2\ 14.3\ 14.4\ 14.5\ 14.6\ 14.7\ 15.0\ 15.1\ 15.2\ 15.3\ 15.4\ 15.5\ 15.6\ 16.0\ 16.1\ 16.2\ 16.3\ 16.4\ 16.5\ 16.6\ 17.0\ 17.1\ 17.2\ 17.3\ 17.4\ 17.5\ 17.6\ 18.0\ 18.1\ 18.2\ 18.3\ 18.4\ 18.5\ 18.6\ 26.0\ 26.2\ 26.3\ 26.4\ 26.5
    export DERIVED_FILES_DIR\=/Users/shashishekhar/Library/Developer/Xcode/DerivedData/RestaurantsNearMeIOS-cxlnvzrpmdwxdmausljrqbwijesy/Build/Intermediates.noindex/Pods.build/Debug-iphonesimulator/react-native-config.build/DerivedSources
    export DERIVED_FILE_DIR\=/Users/shashishekhar/Library/Developer/Xcode/DerivedData/RestaurantsNearMeIOS-cxlnvzrpmdwxdmausljrqbwijesy/Build/Intermediates.noindex/Pods.build/Debug-iphonesimulator/react-native-config.build/DerivedSources
    export DERIVED_SOURCES_DIR\=/Users/shashishekhar/Library/Developer/Xcode/DerivedData/RestaurantsNearMeIOS-cxlnvzrpmdwxdmausljrqbwijesy/Build/Intermediates.noindex/Pods.build/Debug-iphonesimulator/react-native-config.build/DerivedSources
    export DEVELOPER_APPLICATIONS_DIR\=/Applications/Xcode.app/Contents/Developer/Applications
    export DEVELOPER_BIN_DIR\=/Applications/Xcode.app/Contents/Developer/usr/bin
    export DEVELOPER_DIR\=/Applications/Xcode.app/Contents/Developer
    export DEVELOPER_FRAMEWORKS_DIR\=/Applications/Xcode.app/Contents/Developer/Library/Frameworks
    export DEVELOPER_FRAMEWORKS_DIR_QUOTED\=/Applications/Xcode.app/Contents/Developer/Library/Frameworks
    export DEVELOPER_LIBRARY_DIR\=/Applications/Xcode.app/Contents/Developer/Library
    export DEVELOPER_SDK_DIR\=/Applications/Xcode.app/Contents/Developer/Platforms/MacOSX.platform/Developer/SDKs
    export DEVELOPER_TOOLS_DIR\=/Applications/Xcode.app/Contents/Developer/Tools
    export DEVELOPER_USR_DIR\=/Applications/Xcode.app/Contents/Developer/usr
    export DEVELOPMENT_LANGUAGE\=en
    export DIAGNOSE_MISSING_TARGET_DEPENDENCIES\=YES
    export DIFF\=/usr/bin/diff
    export DONT_GENERATE_INFOPLIST_FILE\=NO
    export DSTROOT\=/tmp/Pods.dst
    export DT_TOOLCHAIN_DIR\=/Applications/Xcode.app/Contents/Developer/Toolchains/XcodeDefault.xctoolchain
    export DUMP_DEPENDENCIES\=NO
    export DUMP_DEPENDENCIES_OUTPUT_PATH\=/Users/shashishekhar/Library/Developer/Xcode/DerivedData/RestaurantsNearMeIOS-cxlnvzrpmdwxdmausljrqbwijesy/Build/Intermediates.noindex/Pods.build/Debug-iphonesimulator/react-native-config.build/react-native-config-BuildDependencyInfo.json
    export DWARF_DSYM_FILE_NAME\=libreact-native-config.a.dSYM
    export DWARF_DSYM_FILE_SHOULD_ACCOMPANY_PRODUCT\=NO
    export DWARF_DSYM_FOLDER_PATH\=/Users/shashishekhar/Library/Developer/Xcode/DerivedData/RestaurantsNearMeIOS-cxlnvzrpmdwxdmausljrqbwijesy/Build/Products/Debug-iphonesimulator/react-native-config
    export DYNAMIC_LIBRARY_EXTENSION\=dylib
    export EAGER_COMPILATION_ALLOW_SCRIPTS\=NO
    export EAGER_LINKING\=NO
    export EFFECTIVE_PLATFORM_NAME\=-iphonesimulator
    export EFFECTIVE_SWIFT_VERSION\=5
    export EMBEDDED_CONTENT_CONTAINS_SWIFT\=NO
    export EMBED_ASSET_PACKS_IN_PRODUCT_BUNDLE\=NO
    export ENABLE_APP_SANDBOX\=NO
    export ENABLE_CODE_COVERAGE\=YES
    export ENABLE_COHORT_ARCHS\=NO
    export ENABLE_CPLUSPLUS_BOUNDS_SAFE_BUFFERS\=NO
    export ENABLE_C_BOUNDS_SAFETY\=NO
    export ENABLE_DEFAULT_HEADER_SEARCH_PATHS\=YES
    export ENABLE_DEFAULT_SEARCH_PATHS\=YES
    export ENABLE_ENHANCED_SECURITY\=NO
    export ENABLE_HARDENED_RUNTIME\=NO
    export ENABLE_HEADER_DEPENDENCIES\=YES
    export ENABLE_INCOMING_NETWORK_CONNECTIONS\=NO
    export ENABLE_MODULE_VERIFIER\=NO
    export ENABLE_ON_DEMAND_RESOURCES\=NO
    export ENABLE_OUTGOING_NETWORK_CONNECTIONS\=NO
    export ENABLE_POINTER_AUTHENTICATION\=NO
    export ENABLE_PREVIEWS\=NO
    export ENABLE_RESOURCE_ACCESS_AUDIO_INPUT\=NO
    export ENABLE_RESOURCE_ACCESS_BLUETOOTH\=NO
    export ENABLE_RESOURCE_ACCESS_CALENDARS\=NO
    export ENABLE_RESOURCE_ACCESS_CAMERA\=NO
    export ENABLE_RESOURCE_ACCESS_CONTACTS\=NO
    export ENABLE_RESOURCE_ACCESS_LOCATION\=NO
    export ENABLE_RESOURCE_ACCESS_PHOTO_LIBRARY\=NO
    export ENABLE_RESOURCE_ACCESS_PRINTING\=NO
    export ENABLE_RESOURCE_ACCESS_USB\=NO
    export ENABLE_SDK_IMPORTS\=NO
    export ENABLE_SECURITY_COMPILER_WARNINGS\=NO
    export ENABLE_STRICT_OBJC_MSGSEND\=YES
    export ENABLE_TESTABILITY\=YES
    export ENABLE_TESTING_SEARCH_PATHS\=NO
    export ENABLE_USER_SCRIPT_SANDBOXING\=NO
    export ENABLE_XOJIT_PREVIEWS\=YES
    export ENFORCE_VALID_ARCHS\=YES
    export ENTITLEMENTS_DESTINATION\=__entitlements
    export ENTITLEMENTS_REQUIRED\=YES
    export EXCLUDED_INSTALLSRC_SUBDIRECTORY_PATTERNS\=.DS_Store\ .svn\ .git\ .hg\ CVS
    export EXCLUDED_RECURSIVE_SEARCH_PATH_SUBDIRECTORIES\=\*.nib\ \*.lproj\ \*.framework\ \*.gch\ \*.xcode\*\ \*.xcassets\ \*.icon\ \(\*\)\ .DS_Store\ CVS\ .svn\ .git\ .hg\ \*.pbproj\ \*.pbxproj
    export EXECUTABLE_EXTENSION\=a
    export EXECUTABLE_NAME\=libreact-native-config.a
    export EXECUTABLE_PATH\=libreact-native-config.a
    export EXECUTABLE_PREFIX\=lib
    export EXECUTABLE_SUFFIX\=.a
    export FILE_LIST\=/Users/shashishekhar/Library/Developer/Xcode/DerivedData/RestaurantsNearMeIOS-cxlnvzrpmdwxdmausljrqbwijesy/Build/Intermediates.noindex/Pods.build/Debug-iphonesimulator/react-native-config.build/Objects/LinkFileList
    export FIXED_FILES_DIR\=/Users/shashishekhar/Library/Developer/Xcode/DerivedData/RestaurantsNearMeIOS-cxlnvzrpmdwxdmausljrqbwijesy/Build/Intermediates.noindex/Pods.build/Debug-iphonesimulator/react-native-config.build/FixedFiles
    export FRAMEWORK_FLAG_PREFIX\=-framework
    export FRAMEWORK_SEARCH_PATHS\=/Users/shashishekhar/Library/Developer/Xcode/DerivedData/RestaurantsNearMeIOS-cxlnvzrpmdwxdmausljrqbwijesy/Build/Products/Debug-iphonesimulator/react-native-config\ \ \"/Users/shashishekhar/Desktop/RestaurantsNearMeIOS/ios/Pods/React-Core-prebuilt\"\ \"/Users/shashishekhar/Desktop/RestaurantsNearMeIOS/ios/Pods/ReactNativeDependencies/framework/packages/react-native\"\ \"/Users/shashishekhar/Desktop/RestaurantsNearMeIOS/ios/Pods/hermes-engine/destroot/Library/Frameworks/universal\"\ \"/Users/shashishekhar/Library/Developer/Xcode/DerivedData/RestaurantsNearMeIOS-cxlnvzrpmdwxdmausljrqbwijesy/Build/Products/Debug-iphonesimulator/XCFrameworkIntermediates/React-Core-prebuilt\"\ \"/Users/shashishekhar/Library/Developer/Xcode/DerivedData/RestaurantsNearMeIOS-cxlnvzrpmdwxdmausljrqbwijesy/Build/Products/Debug-iphonesimulator/XCFrameworkIntermediates/ReactNativeDependencies\"\ \"/Users/shashishekhar/Library/Developer/Xcode/DerivedData/RestaurantsNearMeIOS-cxlnvzrpmdwxdmausljrqbwijesy/Build/Products/Debug-iphonesimulator/XCFrameworkIntermediates/hermes-engine/Pre-built\"
    export FRAMEWORK_VERSION\=A
    export FULL_PRODUCT_NAME\=libreact-native-config.a
    export FUSE_BUILD_PHASES\=YES
    export FUSE_BUILD_SCRIPT_PHASES\=NO
    export GCC3_VERSION\=3.3
    export GCC_C_LANGUAGE_STANDARD\=gnu11
    export GCC_DYNAMIC_NO_PIC\=NO
    export GCC_NO_COMMON_BLOCKS\=YES
    export GCC_OBJC_LEGACY_DISPATCH\=YES
    export GCC_OPTIMIZATION_LEVEL\=0
    export GCC_PFE_FILE_C_DIALECTS\=c\ objective-c\ c++\ objective-c++
    export GCC_PREFIX_HEADER\=Target\ Support\ Files/react-native-config/react-native-config-prefix.pch
    export GCC_PREPROCESSOR_DEFINITIONS\=POD_CONFIGURATION_DEBUG\=1\ DEBUG\=1\ \ COCOAPODS\=1
    export GCC_TREAT_WARNINGS_AS_ERRORS\=NO
    export GCC_VERSION\=com.apple.compilers.llvm.clang.1_0
    export GCC_VERSION_IDENTIFIER\=com_apple_compilers_llvm_clang_1_0
    export GCC_WARN_64_TO_32_BIT_CONVERSION\=YES
    export GCC_WARN_ABOUT_RETURN_TYPE\=YES_ERROR
    export GCC_WARN_UNDECLARED_SELECTOR\=YES
    export GCC_WARN_UNINITIALIZED_AUTOS\=YES_AGGRESSIVE
    export GCC_WARN_UNUSED_FUNCTION\=YES
    export GCC_WARN_UNUSED_VARIABLE\=YES
    export GENERATED_MODULEMAP_DIR\=/Users/shashishekhar/Library/Developer/Xcode/DerivedData/RestaurantsNearMeIOS-cxlnvzrpmdwxdmausljrqbwijesy/Build/Intermediates.noindex/GeneratedModuleMaps-iphonesimulator
    export GENERATE_INFOPLIST_FILE\=NO
    export GENERATE_INTERMEDIATE_TEXT_BASED_STUBS\=YES
    export GENERATE_PKGINFO_FILE\=NO
    export GENERATE_PRELINK_OBJECT_FILE\=NO
    export GENERATE_PROFILING_CODE\=NO
    export GENERATE_TEXT_BASED_STUBS\=NO
    export GID\=20
    export GROUP\=staff
    export HEADERMAP_INCLUDES_FLAT_ENTRIES_FOR_TARGET_BEING_BUILT\=YES
    export HEADERMAP_INCLUDES_FRAMEWORK_ENTRIES_FOR_ALL_PRODUCT_TYPES\=YES
    export HEADERMAP_INCLUDES_FRAMEWORK_ENTRIES_FOR_TARGETS_NOT_BEING_BUILT\=YES
    export HEADERMAP_INCLUDES_NONPUBLIC_NONPRIVATE_HEADERS\=YES
    export HEADERMAP_INCLUDES_PROJECT_HEADERS\=YES
    export HEADERMAP_USES_FRAMEWORK_PREFIX_ENTRIES\=YES
    export HEADERMAP_USES_VFS\=NO
    export HEADER_SEARCH_PATHS\=/Users/shashishekhar/Library/Developer/Xcode/DerivedData/RestaurantsNearMeIOS-cxlnvzrpmdwxdmausljrqbwijesy/Build/Products/Debug-iphonesimulator/react-native-config/include\ \ \"/Users/shashishekhar/Desktop/RestaurantsNearMeIOS/ios/Pods/Headers/Private\"\ \"/Users/shashishekhar/Desktop/RestaurantsNearMeIOS/ios/Pods/Headers/Private/react-native-config\"\ \"/Users/shashishekhar/Desktop/RestaurantsNearMeIOS/ios/Pods/Headers/Public\"\ \"/Users/shashishekhar/Desktop/RestaurantsNearMeIOS/ios/Pods/Headers/Public/FBLazyVector\"\ \"/Users/shashishekhar/Desktop/RestaurantsNearMeIOS/ios/Pods/Headers/Public/RCTDeprecation\"\ \"/Users/shashishekhar/Desktop/RestaurantsNearMeIOS/ios/Pods/Headers/Public/RCTRequired\"\ \"/Users/shashishekhar/Desktop/RestaurantsNearMeIOS/ios/Pods/Headers/Public/RCTSwiftUIWrapper\"\ \"/Users/shashishekhar/Desktop/RestaurantsNearMeIOS/ios/Pods/Headers/Public/RCTTypeSafety\"\ \"/Users/shashishekhar/Desktop/RestaurantsNearMeIOS/ios/Pods/Headers/Public/React-Core\"\ \"/Users/shashishekhar/Desktop/RestaurantsNearMeIOS/ios/Pods/Headers/Public/React-Core-prebuilt\"\ \"/Users/shashishekhar/Desktop/RestaurantsNearMeIOS/ios/Pods/Headers/Public/React-CoreModules\"\ \"/Users/shashishekhar/Desktop/RestaurantsNearMeIOS/ios/Pods/Headers/Public/React-Fabric\"\ \"/Users/shashishekhar/Desktop/RestaurantsNearMeIOS/ios/Pods/Headers/Public/React-FabricComponents\"\ \"/Users/shashishekhar/Desktop/RestaurantsNearMeIOS/ios/Pods/Headers/Public/React-FabricImage\"\ \"/Users/shashishekhar/Desktop/RestaurantsNearMeIOS/ios/Pods/Headers/Public/React-ImageManager\"\ \"/Users/shashishekhar/Desktop/RestaurantsNearMeIOS/ios/Pods/Headers/Public/React-Mapbuffer\"\ \"/Users/shashishekhar/Desktop/RestaurantsNearMeIOS/ios/Pods/Headers/Public/React-NativeModulesApple\"\ \"/Users/shashishekhar/Desktop/RestaurantsNearMeIOS/ios/Pods/Headers/Public/React-RCTAnimation\"\ \"/Users/shashishekhar/Desktop/RestaurantsNearMeIOS/ios/Pods/Headers/Public/React-RCTAppDelegate\"\ \"/Users/shashishekhar/Desktop/RestaurantsNearMeIOS/ios/Pods/Headers/Public/React-RCTBlob\"\ \"/Users/shashishekhar/Desktop/RestaurantsNearMeIOS/ios/Pods/Headers/Public/React-RCTFBReactNativeSpec\"\ \"/Users/shashishekhar/Desktop/RestaurantsNearMeIOS/ios/Pods/Headers/Public/React-RCTFabric\"\ \"/Users/shashishekhar/Desktop/RestaurantsNearMeIOS/ios/Pods/Headers/Public/React-RCTImage\"\ \"/Users/shashishekhar/Desktop/RestaurantsNearMeIOS/ios/Pods/Headers/Public/React-RCTRuntime\"\ \"/Users/shashishekhar/Desktop/RestaurantsNearMeIOS/ios/Pods/Headers/Public/React-RCTText\"\ \"/Users/shashishekhar/Desktop/RestaurantsNearMeIOS/ios/Pods/Headers/Public/React-RuntimeApple\"\ \"/Users/shashishekhar/Desktop/RestaurantsNearMeIOS/ios/Pods/Headers/Public/React-RuntimeCore\"\ \"/Users/shashishekhar/Desktop/RestaurantsNearMeIOS/ios/Pods/Headers/Public/React-RuntimeHermes\"\ \"/Users/shashishekhar/Desktop/RestaurantsNearMeIOS/ios/Pods/Headers/Public/React-callinvoker\"\ \"/Users/shashishekhar/Desktop/RestaurantsNearMeIOS/ios/Pods/Headers/Public/React-cxxreact\"\ \"/Users/shashishekhar/Desktop/RestaurantsNearMeIOS/ios/Pods/Headers/Public/React-debug\"\ \"/Users/shashishekhar/Desktop/RestaurantsNearMeIOS/ios/Pods/Headers/Public/React-defaultsnativemodule\"\ \"/Users/shashishekhar/Desktop/RestaurantsNearMeIOS/ios/Pods/Headers/Public/React-domnativemodule\"\ \"/Users/shashishekhar/Desktop/RestaurantsNearMeIOS/ios/Pods/Headers/Public/React-featureflags\"\ \"/Users/shashishekhar/Desktop/RestaurantsNearMeIOS/ios/Pods/Headers/Public/React-featureflagsnativemodule\"\ \"/Users/shashishekhar/Desktop/RestaurantsNearMeIOS/ios/Pods/Headers/Public/React-graphics\"\ \"/Users/shashishekhar/Desktop/RestaurantsNearMeIOS/ios/Pods/Headers/Public/React-hermes\"\ \"/Users/shashishekhar/Desktop/RestaurantsNearMeIOS/ios/Pods/Headers/Public/React-idlecallbacksnativemodule\"\ \"/Users/shashishekhar/Desktop/RestaurantsNearMeIOS/ios/Pods/Headers/Public/React-intersectionobservernativemodule\"\ \"/Users/shashishekhar/Desktop/RestaurantsNearMeIOS/ios/Pods/Headers/Public/React-jserrorhandler\"\ \"/Users/shashishekhar/Desktop/RestaurantsNearMeIOS/ios/Pods/Headers/Public/React-jsi\"\ \"/Users/shashishekhar/Desktop/RestaurantsNearMeIOS/ios/Pods/Headers/Public/React-jsiexecutor\"\ \"/Users/shashishekhar/Desktop/RestaurantsNearMeIOS/ios/Pods/Headers/Public/React-jsinspector\"\ \"/Users/shashishekhar/Desktop/RestaurantsNearMeIOS/ios/Pods/Headers/Public/React-jsinspectorcdp\"\ \"/Users/shashishekhar/Desktop/RestaurantsNearMeIOS/ios/Pods/Headers/Public/React-jsinspectornetwork\"\ \"/Users/shashishekhar/Desktop/RestaurantsNearMeIOS/ios/Pods/Headers/Public/React-jsinspectortracing\"\ \"/Users/shashishekhar/Desktop/RestaurantsNearMeIOS/ios/Pods/Headers/Public/React-jsitooling\"\ \"/Users/shashishekhar/Desktop/RestaurantsNearMeIOS/ios/Pods/Headers/Public/React-logger\"\ \"/Users/shashishekhar/Desktop/RestaurantsNearMeIOS/ios/Pods/Headers/Public/React-microtasksnativemodule\"\ \"/Users/shashishekhar/Desktop/RestaurantsNearMeIOS/ios/Pods/Headers/Public/React-mutationobservernativemodule\"\ \"/Users/shashishekhar/Desktop/RestaurantsNearMeIOS/ios/Pods/Headers/Public/React-networking\"\ \"/Users/shashishekhar/Desktop/RestaurantsNearMeIOS/ios/Pods/Headers/Public/React-oscompat\"\ \"/Users/shashishekhar/Desktop/RestaurantsNearMeIOS/ios/Pods/Headers/Public/React-perflogger\"\ \"/Users/shashishekhar/Desktop/RestaurantsNearMeIOS/ios/Pods/Headers/Public/React-performancecdpmetrics\"\ \"/Users/shashishekhar/Desktop/RestaurantsNearMeIOS/ios/Pods/Headers/Public/React-performancetimeline\"\ \"/Users/shashishekhar/Desktop/RestaurantsNearMeIOS/ios/Pods/Headers/Public/React-rendererconsistency\"\ \"/Users/shashishekhar/Desktop/RestaurantsNearMeIOS/ios/Pods/Headers/Public/React-renderercss\"\ \"/Users/shashishekhar/Desktop/RestaurantsNearMeIOS/ios/Pods/Headers/Public/React-rendererdebug\"\ \"/Users/shashishekhar/Desktop/RestaurantsNearMeIOS/ios/Pods/Headers/Public/React-runtimeexecutor\"\ \"/Users/shashishekhar/Desktop/RestaurantsNearMeIOS/ios/Pods/Headers/Public/React-runtimescheduler\"\ \"/Users/shashishekhar/Desktop/RestaurantsNearMeIOS/ios/Pods/Headers/Public/React-timing\"\ \"/Users/shashishekhar/Desktop/RestaurantsNearMeIOS/ios/Pods/Headers/Public/React-utils\"\ \"/Users/shashishekhar/Desktop/RestaurantsNearMeIOS/ios/Pods/Headers/Public/React-viewtransitionnativemodule\"\ \"/Users/shashishekhar/Desktop/RestaurantsNearMeIOS/ios/Pods/Headers/Public/React-webperformancenativemodule\"\ \"/Users/shashishekhar/Desktop/RestaurantsNearMeIOS/ios/Pods/Headers/Public/ReactCodegen\"\ \"/Users/shashishekhar/Desktop/RestaurantsNearMeIOS/ios/Pods/Headers/Public/ReactCommon\"\ \"/Users/shashishekhar/Desktop/RestaurantsNearMeIOS/ios/Pods/Headers/Public/ReactNativeDependencies\"\ \"/Users/shashishekhar/Desktop/RestaurantsNearMeIOS/ios/Pods/Headers/Public/Yoga\"\ \"/Users/shashishekhar/Desktop/RestaurantsNearMeIOS/ios/Pods/Headers/Public/hermes-engine\"\ \"/Users/shashishekhar/Desktop/RestaurantsNearMeIOS/ios/Pods/Headers/Public/react-native-config\"\ \"/Users/shashishekhar/Desktop/RestaurantsNearMeIOS/ios/Pods/Headers/Private/Yoga\"
    export HOME\=/Users/shashishekhar
    export HOST_ARCH\=arm64
    export HOST_PLATFORM\=macosx
    export ICONV\=/usr/bin/iconv
    export IMPLICIT_DEPENDENCY_DOMAIN\=default
    export INDEX_STORE_COMPRESS\=NO
    export INDEX_STORE_ONLY_PROJECT_FILES\=NO
    export INFOPLIST_ENABLE_CFBUNDLEICONS_MERGE\=YES
    export INFOPLIST_EXPAND_BUILD_SETTINGS\=YES
    export INFOPLIST_OUTPUT_FORMAT\=binary
    export INFOPLIST_PREPROCESS\=NO
    export INLINE_PRIVATE_FRAMEWORKS\=NO
    export INSTALLAPI_IGNORE_SKIP_INSTALL\=YES
    export INSTALLHDRS_COPY_PHASE\=NO
    export INSTALLHDRS_SCRIPT_PHASE\=NO
    export INSTALL_DIR\=/tmp/Pods.dst/usr/local/lib
    export INSTALL_GROUP\=staff
    export INSTALL_MODE_FLAG\=u+w,go-w,a+rX
    export INSTALL_OWNER\=shashishekhar
    export INSTALL_PATH\=/usr/local/lib
    export INSTALL_ROOT\=/tmp/Pods.dst
    export IPHONEOS_DEPLOYMENT_TARGET\=15.1
    export IS_UNOPTIMIZED_BUILD\=YES
    export JAVAC_DEFAULT_FLAGS\=-J-Xms64m\ -J-XX:NewSize\=4M\ -J-Dfile.encoding\=UTF8
    export JAVA_APP_STUB\=/System/Library/Frameworks/JavaVM.framework/Resources/MacOS/JavaApplicationStub
    export JAVA_ARCHIVE_CLASSES\=YES
    export JAVA_ARCHIVE_TYPE\=JAR
    export JAVA_COMPILER\=/usr/bin/javac
    export JAVA_FRAMEWORK_RESOURCES_DIRS\=Resources
    export JAVA_JAR_FLAGS\=cv
    export JAVA_SOURCE_SUBDIR\=.
    export JAVA_USE_DEPENDENCIES\=YES
    export JAVA_ZIP_FLAGS\=-urg
    export JIKES_DEFAULT_FLAGS\=+E\ +OLDCSO
    export KEEP_PRIVATE_EXTERNS\=NO
    export LD_DEPENDENCY_INFO_FILE\=/Users/shashishekhar/Library/Developer/Xcode/DerivedData/RestaurantsNearMeIOS-cxlnvzrpmdwxdmausljrqbwijesy/Build/Intermediates.noindex/Pods.build/Debug-iphonesimulator/react-native-config.build/Objects-normal/undefined_arch/react-native-config_dependency_info.dat
    export LD_EXPORT_SYMBOLS\=YES
    export LD_GENERATE_MAP_FILE\=NO
    export LD_MAP_FILE_PATH\=/Users/shashishekhar/Library/Developer/Xcode/DerivedData/RestaurantsNearMeIOS-cxlnvzrpmdwxdmausljrqbwijesy/Build/Intermediates.noindex/Pods.build/Debug-iphonesimulator/react-native-config.build/react-native-config-LinkMap-normal-undefined_arch.txt
    export LD_NO_PIE\=NO
    export LD_QUOTE_LINKER_ARGUMENTS_FOR_COMPILER_DRIVER\=YES
    export LD_SHARED_CACHE_ELIGIBLE\=Automatic
    export LD_WARN_DUPLICATE_LIBRARIES\=NO
    export LD_WARN_UNUSED_DYLIBS\=NO
    export LEGACY_DEVELOPER_DIR\=/Applications/Xcode.app/Contents/PlugIns/Xcode3Core.ideplugin/Contents/SharedSupport/Developer
    export LEX\=lex
    export LIBRARY_DEXT_INSTALL_PATH\=/Library/DriverExtensions
    export LIBRARY_FLAG_NOSPACE\=YES
    export LIBRARY_FLAG_PREFIX\=-l
    export LIBRARY_KEXT_INSTALL_PATH\=/Library/Extensions
    export LIBRARY_SEARCH_PATHS\=/Users/shashishekhar/Library/Developer/Xcode/DerivedData/RestaurantsNearMeIOS-cxlnvzrpmdwxdmausljrqbwijesy/Build/Products/Debug-iphonesimulator/react-native-config\ 
    export LINKER_DISPLAYS_MANGLED_NAMES\=NO
    export LINK_FILE_LIST_normal_arm64\=/Users/shashishekhar/Library/Developer/Xcode/DerivedData/RestaurantsNearMeIOS-cxlnvzrpmdwxdmausljrqbwijesy/Build/Intermediates.noindex/Pods.build/Debug-iphonesimulator/react-native-config.build/Objects-normal/arm64/react-native-config.LinkFileList
    export LINK_FILE_LIST_normal_x86_64\=/Users/shashishekhar/Library/Developer/Xcode/DerivedData/RestaurantsNearMeIOS-cxlnvzrpmdwxdmausljrqbwijesy/Build/Intermediates.noindex/Pods.build/Debug-iphonesimulator/react-native-config.build/Objects-normal/x86_64/react-native-config.LinkFileList
    export LINK_OBJC_RUNTIME\=YES
    export LINK_WITH_STANDARD_LIBRARIES\=YES
    export LLVM_TARGET_TRIPLE_OS_VERSION\=ios15.1
    export LLVM_TARGET_TRIPLE_SUFFIX\=-simulator
    export LLVM_TARGET_TRIPLE_VENDOR\=apple
    export LM_AUX_CONST_METADATA_LIST_PATH_normal_arm64\=/Users/shashishekhar/Library/Developer/Xcode/DerivedData/RestaurantsNearMeIOS-cxlnvzrpmdwxdmausljrqbwijesy/Build/Intermediates.noindex/Pods.build/Debug-iphonesimulator/react-native-config.build/Objects-normal/arm64/react-native-config.SwiftConstValuesFileList
    export LM_AUX_CONST_METADATA_LIST_PATH_normal_x86_64\=/Users/shashishekhar/Library/Developer/Xcode/DerivedData/RestaurantsNearMeIOS-cxlnvzrpmdwxdmausljrqbwijesy/Build/Intermediates.noindex/Pods.build/Debug-iphonesimulator/react-native-config.build/Objects-normal/x86_64/react-native-config.SwiftConstValuesFileList
    export LOCALIZATION_EXPORT_SUPPORTED\=YES
    export LOCALIZATION_PREFERS_STRING_CATALOGS\=NO
    export LOCALIZED_STRING_CODE_COMMENTS\=NO
    export LOCALIZED_STRING_MACRO_NAMES\=NSLocalizedString\ CFCopyLocalizedString
    export LOCALIZED_STRING_SWIFTUI_SUPPORT\=YES
    export LOCAL_ADMIN_APPS_DIR\=/Applications/Utilities
    export LOCAL_APPS_DIR\=/Applications
    export LOCAL_DEVELOPER_DIR\=/Library/Developer
    export LOCAL_LIBRARY_DIR\=/Library
    export LOCROOT\=/Users/shashishekhar/Desktop/RestaurantsNearMeIOS/ios/Pods
    export LOCSYMROOT\=/Users/shashishekhar/Desktop/RestaurantsNearMeIOS/ios/Pods
    export MACH_O_TYPE\=staticlib
    export MAC_OS_X_PRODUCT_BUILD_VERSION\=25E246
    export MAC_OS_X_VERSION_ACTUAL\=260400
    export MAC_OS_X_VERSION_MAJOR\=260000
    export MAC_OS_X_VERSION_MINOR\=260400
    export MAKE_MERGEABLE\=NO
    export MERGEABLE_LIBRARY\=NO
    export MERGED_BINARY_TYPE\=none
    export MERGE_LINKED_LIBRARIES\=NO
    export METAL_LIBRARY_FILE_BASE\=default
    export METAL_LIBRARY_OUTPUT_DIR\=/Users/shashishekhar/Library/Developer/Xcode/DerivedData/RestaurantsNearMeIOS-cxlnvzrpmdwxdmausljrqbwijesy/Build/Products/Debug-iphonesimulator/react-native-config/
    export MODULE_CACHE_DIR\=/Users/shashishekhar/Library/Developer/Xcode/DerivedData/ModuleCache.noindex
    export MTL_ENABLE_DEBUG_INFO\=INCLUDE_SOURCE
    export MTL_FAST_MATH\=YES
    export NATIVE_ARCH\=arm64
    export NATIVE_ARCH_32_BIT\=arm
    export NATIVE_ARCH_64_BIT\=arm64
    export NATIVE_ARCH_ACTUAL\=arm64
    export NO_COMMON\=YES
    export OBJC_ABI_VERSION\=2
    export OBJECT_FILE_DIR\=/Users/shashishekhar/Library/Developer/Xcode/DerivedData/RestaurantsNearMeIOS-cxlnvzrpmdwxdmausljrqbwijesy/Build/Intermediates.noindex/Pods.build/Debug-iphonesimulator/react-native-config.build/Objects
    export OBJECT_FILE_DIR_normal\=/Users/shashishekhar/Library/Developer/Xcode/DerivedData/RestaurantsNearMeIOS-cxlnvzrpmdwxdmausljrqbwijesy/Build/Intermediates.noindex/Pods.build/Debug-iphonesimulator/react-native-config.build/Objects-normal
    export OBJROOT\=/Users/shashishekhar/Library/Developer/Xcode/DerivedData/RestaurantsNearMeIOS-cxlnvzrpmdwxdmausljrqbwijesy/Build/Intermediates.noindex
    export ONLY_ACTIVE_ARCH\=NO
    export OS\=MACOS
    export OSAC\=/usr/bin/osacompile
    export OTHER_CFLAGS\=\ -DRCT_REMOVE_LEGACY_ARCH\=1\ -fmodule-map-file\=\"/Users/shashishekhar/Desktop/RestaurantsNearMeIOS/ios/Pods/Headers/Public/ReactCodegen/ReactCodegen.modulemap\"\ \ -DRCT_REMOVE_LEGACY_ARCH\=1\ -ivfsoverlay\ /Users/shashishekhar/Desktop/RestaurantsNearMeIOS/ios/Pods/React-Core-prebuilt/React-VFS.yaml
    export OTHER_CPLUSPLUSFLAGS\=\ -DRCT_REMOVE_LEGACY_ARCH\=1\ -fmodule-map-file\=\"/Users/shashishekhar/Desktop/RestaurantsNearMeIOS/ios/Pods/Headers/Public/ReactCodegen/ReactCodegen.modulemap\"\ \ -DRCT_REMOVE_LEGACY_ARCH\=1\ -ivfsoverlay\ /Users/shashishekhar/Desktop/RestaurantsNearMeIOS/ios/Pods/React-Core-prebuilt/React-VFS.yaml\ -DRCT_REMOVE_LEGACY_ARCH\=1\ -DRCT_NEW_ARCH_ENABLED\=1\ \ -ivfsoverlay\ /Users/shashishekhar/Desktop/RestaurantsNearMeIOS/ios/Pods/React-Core-prebuilt/React-VFS.yaml
    export OTHER_SWIFT_FLAGS\=\ -DRCT_NEW_ARCH_ENABLED\ -Xcc\ -ivfsoverlay\ -Xcc\ /Users/shashishekhar/Desktop/RestaurantsNearMeIOS/ios/Pods/React-Core-prebuilt/React-VFS.yaml
    export PACKAGE_TYPE\=com.apple.package-type.static-library
    export PASCAL_STRINGS\=YES
    export PATH\=/Applications/Xcode.app/Contents/SharedFrameworks/SwiftBuild.framework/Versions/A/PlugIns/SWBBuildService.bundle/Contents/PlugIns/SWBUniversalPlatformPlugin.bundle/Contents/Frameworks/SWBUniversalPlatform.framework/Resources:/Applications/Xcode.app/Contents/Developer/Toolchains/XcodeDefault.xctoolchain/usr/bin:/Applications/Xcode.app/Contents/Developer/Toolchains/XcodeDefault.xctoolchain/usr/local/bin:/Applications/Xcode.app/Contents/Developer/Toolchains/XcodeDefault.xctoolchain/usr/libexec:/Applications/Xcode.app/Contents/Developer/Platforms/iPhoneSimulator.platform/usr/bin:/Applications/Xcode.app/Contents/Developer/Platforms/iPhoneSimulator.platform/usr/local/bin:/Applications/Xcode.app/Contents/Developer/Platforms/iPhoneSimulator.platform/Developer/usr/bin:/Applications/Xcode.app/Contents/Developer/Platforms/iPhoneSimulator.platform/Developer/usr/local/bin:/Applications/Xcode.app/Contents/Developer/usr/bin:/Applications/Xcode.app/Contents/Developer/usr/local/bin:/Users/shashishekhar/Library/Application\ Support/Code/User/globalStorage/github.copilot-chat/debugCommand:/Users/shashishekhar/Library/Application\ Support/Code/User/globalStorage/github.copilot-chat/copilotCli:/usr/local/bin:/System/Cryptexes/App/usr/bin:/usr/bin:/bin:/usr/sbin:/sbin:/var/run/com.apple.security.cryptexd/codex.system/bootstrap/usr/local/bin:/var/run/com.apple.security.cryptexd/codex.system/bootstrap/usr/bin:/var/run/com.apple.security.cryptexd/codex.system/bootstrap/usr/appleinternal/bin:/opt/pkg/env/active/bin:/opt/pmk/env/global/bin:/Library/Apple/usr/bin:/opt/homebrew/bin
    export PATH_PREFIXES_EXCLUDED_FROM_HEADER_DEPENDENCIES\=/usr/include\ /usr/local/include\ /System/Library/Frameworks\ /System/Library/PrivateFrameworks\ /Applications/Xcode.app/Contents/Developer/Headers\ /Applications/Xcode.app/Contents/Developer/SDKs\ /Applications/Xcode.app/Contents/Developer/Platforms
    export PER_ARCH_MODULE_FILE_DIR\=/Users/shashishekhar/Library/Developer/Xcode/DerivedData/RestaurantsNearMeIOS-cxlnvzrpmdwxdmausljrqbwijesy/Build/Intermediates.noindex/Pods.build/Debug-iphonesimulator/react-native-config.build/Objects-normal/undefined_arch
    export PER_ARCH_OBJECT_FILE_DIR\=/Users/shashishekhar/Library/Developer/Xcode/DerivedData/RestaurantsNearMeIOS-cxlnvzrpmdwxdmausljrqbwijesy/Build/Intermediates.noindex/Pods.build/Debug-iphonesimulator/react-native-config.build/Objects-normal/undefined_arch
    export PER_VARIANT_OBJECT_FILE_DIR\=/Users/shashishekhar/Library/Developer/Xcode/DerivedData/RestaurantsNearMeIOS-cxlnvzrpmdwxdmausljrqbwijesy/Build/Intermediates.noindex/Pods.build/Debug-iphonesimulator/react-native-config.build/Objects-normal
    export PKGINFO_FILE_PATH\=/Users/shashishekhar/Library/Developer/Xcode/DerivedData/RestaurantsNearMeIOS-cxlnvzrpmdwxdmausljrqbwijesy/Build/Intermediates.noindex/Pods.build/Debug-iphonesimulator/react-native-config.build/PkgInfo
    export PLATFORM_DEVELOPER_APPLICATIONS_DIR\=/Applications/Xcode.app/Contents/Developer/Platforms/iPhoneSimulator.platform/Developer/Applications
    export PLATFORM_DEVELOPER_BIN_DIR\=/Applications/Xcode.app/Contents/Developer/Platforms/iPhoneSimulator.platform/Developer/usr/bin
    export PLATFORM_DEVELOPER_LIBRARY_DIR\=/Applications/Xcode.app/Contents/Developer/Platforms/iPhoneSimulator.platform/Developer/Library
    export PLATFORM_DEVELOPER_SDK_DIR\=/Applications/Xcode.app/Contents/Developer/Platforms/iPhoneSimulator.platform/Developer/SDKs
    export PLATFORM_DEVELOPER_TOOLS_DIR\=/Applications/Xcode.app/Contents/Developer/Platforms/iPhoneSimulator.platform/Developer/Tools
    export PLATFORM_DEVELOPER_USR_DIR\=/Applications/Xcode.app/Contents/Developer/Platforms/iPhoneSimulator.platform/Developer/usr
    export PLATFORM_DIR\=/Applications/Xcode.app/Contents/Developer/Platforms/iPhoneSimulator.platform
    export PLATFORM_DISPLAY_NAME\=iOS\ Simulator
    export PLATFORM_FAMILY_NAME\=iOS
    export PLATFORM_NAME\=iphonesimulator
    export PLATFORM_PREFERRED_ARCH\=x86_64
    export PLATFORM_PRODUCT_BUILD_VERSION\=23F81a
    export PLATFORM_REQUIRES_SWIFT_AUTOLINK_EXTRACT\=NO
    export PLATFORM_REQUIRES_SWIFT_MODULEWRAP\=NO
    export PLATFORM_USES_DSYMS\=YES
    export PLIST_FILE_OUTPUT_FORMAT\=binary
    export PODFILE_DIR\=/Users/shashishekhar/Desktop/RestaurantsNearMeIOS/ios/Pods/..
    export PODS_BUILD_DIR\=/Users/shashishekhar/Library/Developer/Xcode/DerivedData/RestaurantsNearMeIOS-cxlnvzrpmdwxdmausljrqbwijesy/Build/Products
    export PODS_CONFIGURATION_BUILD_DIR\=/Users/shashishekhar/Library/Developer/Xcode/DerivedData/RestaurantsNearMeIOS-cxlnvzrpmdwxdmausljrqbwijesy/Build/Products/Debug-iphonesimulator
    export PODS_DEVELOPMENT_LANGUAGE\=en
    export PODS_ROOT\=/Users/shashishekhar/Desktop/RestaurantsNearMeIOS/ios/Pods
    export PODS_TARGET_SRCROOT\=/Users/shashishekhar/Desktop/RestaurantsNearMeIOS/ios/Pods/../../node_modules/react-native-config
    export PODS_XCFRAMEWORKS_BUILD_DIR\=/Users/shashishekhar/Library/Developer/Xcode/DerivedData/RestaurantsNearMeIOS-cxlnvzrpmdwxdmausljrqbwijesy/Build/Products/Debug-iphonesimulator/XCFrameworkIntermediates
    export PRECOMPS_INCLUDE_HEADERS_FROM_BUILT_PRODUCTS_DIR\=YES
    export PRECOMP_DESTINATION_DIR\=/Users/shashishekhar/Library/Developer/Xcode/DerivedData/RestaurantsNearMeIOS-cxlnvzrpmdwxdmausljrqbwijesy/Build/Intermediates.noindex/Pods.build/Debug-iphonesimulator/react-native-config.build/PrefixHeaders
    export PROCESSED_INFOPLIST_PATH\=/Users/shashishekhar/Library/Developer/Xcode/DerivedData/RestaurantsNearMeIOS-cxlnvzrpmdwxdmausljrqbwijesy/Build/Intermediates.noindex/Pods.build/Debug-iphonesimulator/react-native-config.build/Objects-normal/undefined_arch/Processed-Info.plist
    export PRODUCT_BUNDLE_IDENTIFIER\=org.cocoapods.react-native-config
    export PRODUCT_MODULE_NAME\=react_native_config
    export PRODUCT_NAME\=react-native-config
    export PRODUCT_SETTINGS_PATH\=
    export PRODUCT_TYPE\=com.apple.product-type.library.static
    export PROFILING_CODE\=NO
    export PROJECT\=Pods
    export PROJECT_DERIVED_FILE_DIR\=/Users/shashishekhar/Library/Developer/Xcode/DerivedData/RestaurantsNearMeIOS-cxlnvzrpmdwxdmausljrqbwijesy/Build/Intermediates.noindex/Pods.build/DerivedSources
    export PROJECT_DIR\=/Users/shashishekhar/Desktop/RestaurantsNearMeIOS/ios/Pods
    export PROJECT_FILE_PATH\=/Users/shashishekhar/Desktop/RestaurantsNearMeIOS/ios/Pods/Pods.xcodeproj
    export PROJECT_GUID\=8699adb1dd336b26511df848a716bd42
    export PROJECT_NAME\=Pods
    export PROJECT_TEMP_DIR\=/Users/shashishekhar/Library/Developer/Xcode/DerivedData/RestaurantsNearMeIOS-cxlnvzrpmdwxdmausljrqbwijesy/Build/Intermediates.noindex/Pods.build
    export PROJECT_TEMP_ROOT\=/Users/shashishekhar/Library/Developer/Xcode/DerivedData/RestaurantsNearMeIOS-cxlnvzrpmdwxdmausljrqbwijesy/Build/Intermediates.noindex
    export REACT_NATIVE_PATH\=/Users/shashishekhar/Desktop/RestaurantsNearMeIOS/ios/Pods/../../node_modules/react-native
    export RECOMMENDED_IPHONEOS_DEPLOYMENT_TARGET\=15.0
    export RECURSIVE_SEARCH_PATHS_FOLLOW_SYMLINKS\=YES
    export REMOVE_CVS_FROM_RESOURCES\=YES
    export REMOVE_GIT_FROM_RESOURCES\=YES
    export REMOVE_HEADERS_FROM_EMBEDDED_BUNDLES\=YES
    export REMOVE_HG_FROM_RESOURCES\=YES
    export REMOVE_STATIC_EXECUTABLES_FROM_EMBEDDED_BUNDLES\=YES
    export REMOVE_SVN_FROM_RESOURCES\=YES
    export RESCHEDULE_INDEPENDENT_HEADERS_PHASES\=YES
    export REZ_COLLECTOR_DIR\=/Users/shashishekhar/Library/Developer/Xcode/DerivedData/RestaurantsNearMeIOS-cxlnvzrpmdwxdmausljrqbwijesy/Build/Intermediates.noindex/Pods.build/Debug-iphonesimulator/react-native-config.build/ResourceManagerResources
    export REZ_EXECUTABLE\=YES
    export REZ_OBJECTS_DIR\=/Users/shashishekhar/Library/Developer/Xcode/DerivedData/RestaurantsNearMeIOS-cxlnvzrpmdwxdmausljrqbwijesy/Build/Intermediates.noindex/Pods.build/Debug-iphonesimulator/react-native-config.build/ResourceManagerResources/Objects
    export REZ_SEARCH_PATHS\=/Users/shashishekhar/Library/Developer/Xcode/DerivedData/RestaurantsNearMeIOS-cxlnvzrpmdwxdmausljrqbwijesy/Build/Products/Debug-iphonesimulator/react-native-config\ 
    export RPATH_ORIGIN\=@loader_path
    export RUNTIME_EXCEPTION_ALLOW_DYLD_ENVIRONMENT_VARIABLES\=NO
    export RUNTIME_EXCEPTION_ALLOW_JIT\=NO
    export RUNTIME_EXCEPTION_ALLOW_UNSIGNED_EXECUTABLE_MEMORY\=NO
    export RUNTIME_EXCEPTION_DEBUGGING_TOOL\=NO
    export RUNTIME_EXCEPTION_DISABLE_EXECUTABLE_PAGE_PROTECTION\=NO
    export RUNTIME_EXCEPTION_DISABLE_LIBRARY_VALIDATION\=NO
    export SCANNING_PCM_KEEP_CACHE_DIRECTORY\=YES
    export SCAN_ALL_SOURCE_FILES_FOR_INCLUDES\=NO
    export SCRIPT_INPUT_FILE_0\=/Users/shashishekhar/Desktop/RestaurantsNearMeIOS/node_modules/react-native-config/ios/ReactNativeConfig/BuildDotenvConfig.rb
    export SCRIPT_INPUT_FILE_COUNT\=1
    export SCRIPT_INPUT_FILE_LIST_COUNT\=0
    export SCRIPT_OUTPUT_FILE_0\=/Users/shashishekhar/Library/Developer/Xcode/DerivedData/RestaurantsNearMeIOS-cxlnvzrpmdwxdmausljrqbwijesy/Build/Products/GeneratedInfoPlistDotEnv.h
    export SCRIPT_OUTPUT_FILE_1\=/Users/shashishekhar/Desktop/RestaurantsNearMeIOS/node_modules/react-native-config/ios/ReactNativeConfig/GeneratedDotEnv.m
    export SCRIPT_OUTPUT_FILE_COUNT\=2
    export SCRIPT_OUTPUT_FILE_LIST_COUNT\=0
    export SDKROOT\=/Applications/Xcode.app/Contents/Developer/Platforms/iPhoneSimulator.platform/Developer/SDKs/iPhoneSimulator26.5.sdk
    export SDK_DIR\=/Applications/Xcode.app/Contents/Developer/Platforms/iPhoneSimulator.platform/Developer/SDKs/iPhoneSimulator26.5.sdk
    export SDK_DIR_iphonesimulator\=/Applications/Xcode.app/Contents/Developer/Platforms/iPhoneSimulator.platform/Developer/SDKs/iPhoneSimulator26.5.sdk
    export SDK_DIR_iphonesimulator26_5\=/Applications/Xcode.app/Contents/Developer/Platforms/iPhoneSimulator.platform/Developer/SDKs/iPhoneSimulator26.5.sdk
    export SDK_NAME\=iphonesimulator26.5
    export SDK_NAMES\=iphonesimulator26.5
    export SDK_PRODUCT_BUILD_VERSION\=23F81a
    export SDK_STAT_CACHE_DIR\=/Users/shashishekhar/Library/Developer/Xcode/DerivedData
    export SDK_STAT_CACHE_ENABLE\=YES
    export SDK_STAT_CACHE_PATH\=/Users/shashishekhar/Library/Developer/Xcode/DerivedData/SDKStatCaches.noindex/iphonesimulator26.5-23F81a-6cfe768891a92b912361537c460fe42b.sdkstatcache
    export SDK_VERSION\=26.5
    export SDK_VERSION_ACTUAL\=260500
    export SDK_VERSION_MAJOR\=260000
    export SDK_VERSION_MINOR\=260500
    export SED\=/usr/bin/sed
    export SEPARATE_STRIP\=NO
    export SEPARATE_SYMBOL_EDIT\=NO
    export SET_DIR_MODE_OWNER_GROUP\=YES
    export SET_FILE_MODE_OWNER_GROUP\=NO
    export SHALLOW_BUNDLE\=NO
    export SHARED_DERIVED_FILE_DIR\=/Users/shashishekhar/Library/Developer/Xcode/DerivedData/RestaurantsNearMeIOS-cxlnvzrpmdwxdmausljrqbwijesy/Build/Products/Debug-iphonesimulator/react-native-config/DerivedSources
    export SHARED_PRECOMPS_DIR\=/Users/shashishekhar/Library/Developer/Xcode/DerivedData/RestaurantsNearMeIOS-cxlnvzrpmdwxdmausljrqbwijesy/Build/Intermediates.noindex/PrecompiledHeaders
    export SKIP_INSTALL\=YES
    export SKIP_MERGEABLE_LIBRARY_BUNDLE_HOOK\=NO
    export SOURCE_ROOT\=/Users/shashishekhar/Desktop/RestaurantsNearMeIOS/ios/Pods
    export SRCROOT\=/Users/shashishekhar/Desktop/RestaurantsNearMeIOS/ios/Pods
    export STRINGSDATA_DIR\=/Users/shashishekhar/Library/Developer/Xcode/DerivedData/RestaurantsNearMeIOS-cxlnvzrpmdwxdmausljrqbwijesy/Build/Intermediates.noindex/Pods.build/Debug-iphonesimulator/react-native-config.build/Objects-normal/undefined_arch
    export STRINGSDATA_ROOT\=/Users/shashishekhar/Library/Developer/Xcode/DerivedData/RestaurantsNearMeIOS-cxlnvzrpmdwxdmausljrqbwijesy/Build/Intermediates.noindex/Pods.build/Debug-iphonesimulator/react-native-config.build
    export STRINGS_FILE_INFOPLIST_RENAME\=YES
    export STRINGS_FILE_OUTPUT_ENCODING\=binary
    export STRING_CATALOG_GENERATE_SYMBOLS\=NO
    export STRIP_BITCODE_FROM_COPIED_FILES\=NO
    export STRIP_INSTALLED_PRODUCT\=NO
    export STRIP_STYLE\=debugging
    export STRIP_SWIFT_SYMBOLS\=YES
    export SUPPORTED_DEVICE_FAMILIES\=1,2
    export SUPPORTED_PLATFORMS\=iphoneos\ iphonesimulator
    export SUPPORTS_TEXT_BASED_API\=NO
    export SUPPRESS_WARNINGS\=NO
    export SWIFT_ACTIVE_COMPILATION_CONDITIONS\=\ DEBUG\ 
    export SWIFT_EMIT_CONST_VALUE_PROTOCOLS\=AnyResolverProviding\ AppEntity\ AppEnum\ AppExtension\ AppIntent\ AppIntentsPackage\ AppShortcutProviding\ AppShortcutsProvider\ AppUnionValue\ AppUnionValueCasesProviding\ DynamicOptionsProvider\ EntityQuery\ ExtensionPointDefining\ IntentValueQuery\ Resolver\ TransientEntity\ _AssistantIntentsProvider\ _GenerativeFunctionExtractable\ _IntentValueRepresentable
    export SWIFT_EMIT_LOC_STRINGS\=NO
    export SWIFT_ENABLE_EXPLICIT_MODULES\=NO
    export SWIFT_INSTALL_OBJC_HEADER\=YES
    export SWIFT_OPTIMIZATION_LEVEL\=-Onone
    export SWIFT_PLATFORM_TARGET_PREFIX\=ios
    export SWIFT_RESPONSE_FILE_PATH_normal_arm64\=/Users/shashishekhar/Library/Developer/Xcode/DerivedData/RestaurantsNearMeIOS-cxlnvzrpmdwxdmausljrqbwijesy/Build/Intermediates.noindex/Pods.build/Debug-iphonesimulator/react-native-config.build/Objects-normal/arm64/react-native-config.SwiftFileList
    export SWIFT_RESPONSE_FILE_PATH_normal_x86_64\=/Users/shashishekhar/Library/Developer/Xcode/DerivedData/RestaurantsNearMeIOS-cxlnvzrpmdwxdmausljrqbwijesy/Build/Intermediates.noindex/Pods.build/Debug-iphonesimulator/react-native-config.build/Objects-normal/x86_64/react-native-config.SwiftFileList
    export SWIFT_VERSION\=5.0
    export SYMROOT\=/Users/shashishekhar/Library/Developer/Xcode/DerivedData/RestaurantsNearMeIOS-cxlnvzrpmdwxdmausljrqbwijesy/Build/Products
    export SYSTEM_ADMIN_APPS_DIR\=/Applications/Utilities
    export SYSTEM_APPS_DIR\=/Applications
    export SYSTEM_CORE_SERVICES_DIR\=/System/Library/CoreServices
    export SYSTEM_DEMOS_DIR\=/Applications/Extras
    export SYSTEM_DEVELOPER_APPS_DIR\=/Applications/Xcode.app/Contents/Developer/Applications
    export SYSTEM_DEVELOPER_BIN_DIR\=/Applications/Xcode.app/Contents/Developer/usr/bin
    export SYSTEM_DEVELOPER_DEMOS_DIR\=/Applications/Xcode.app/Contents/Developer/Applications/Utilities/Built\ Examples
    export SYSTEM_DEVELOPER_DIR\=/Applications/Xcode.app/Contents/Developer
    export SYSTEM_DEVELOPER_DOC_DIR\=/Applications/Xcode.app/Contents/Developer/ADC\ Reference\ Library
    export SYSTEM_DEVELOPER_GRAPHICS_TOOLS_DIR\=/Applications/Xcode.app/Contents/Developer/Applications/Graphics\ Tools
    export SYSTEM_DEVELOPER_JAVA_TOOLS_DIR\=/Applications/Xcode.app/Contents/Developer/Applications/Java\ Tools
    export SYSTEM_DEVELOPER_PERFORMANCE_TOOLS_DIR\=/Applications/Xcode.app/Contents/Developer/Applications/Performance\ Tools
    export SYSTEM_DEVELOPER_RELEASENOTES_DIR\=/Applications/Xcode.app/Contents/Developer/ADC\ Reference\ Library/releasenotes
    export SYSTEM_DEVELOPER_TOOLS\=/Applications/Xcode.app/Contents/Developer/Tools
    export SYSTEM_DEVELOPER_TOOLS_DOC_DIR\=/Applications/Xcode.app/Contents/Developer/ADC\ Reference\ Library/documentation/DeveloperTools
    export SYSTEM_DEVELOPER_TOOLS_RELEASENOTES_DIR\=/Applications/Xcode.app/Contents/Developer/ADC\ Reference\ Library/releasenotes/DeveloperTools
    export SYSTEM_DEVELOPER_USR_DIR\=/Applications/Xcode.app/Contents/Developer/usr
    export SYSTEM_DEVELOPER_UTILITIES_DIR\=/Applications/Xcode.app/Contents/Developer/Applications/Utilities
    export SYSTEM_DEXT_INSTALL_PATH\=/System/Library/DriverExtensions
    export SYSTEM_DOCUMENTATION_DIR\=/Library/Documentation
    export SYSTEM_KEXT_INSTALL_PATH\=/System/Library/Extensions
    export SYSTEM_LIBRARY_DIR\=/System/Library
    export TAPI_DEMANGLE\=YES
    export TAPI_ENABLE_PROJECT_HEADERS\=NO
    export TAPI_LANGUAGE\=objective-c
    export TAPI_LANGUAGE_STANDARD\=compiler-default
    export TAPI_USE_SRCROOT\=YES
    export TAPI_VERIFY_MODE\=Pedantic
    export TARGETED_DEVICE_FAMILY\=1,2
    export TARGETNAME\=react-native-config
    export TARGET_BUILD_DIR\=/Users/shashishekhar/Library/Developer/Xcode/DerivedData/RestaurantsNearMeIOS-cxlnvzrpmdwxdmausljrqbwijesy/Build/Products/Debug-iphonesimulator/react-native-config
    export TARGET_NAME\=react-native-config
    export TARGET_TEMP_DIR\=/Users/shashishekhar/Library/Developer/Xcode/DerivedData/RestaurantsNearMeIOS-cxlnvzrpmdwxdmausljrqbwijesy/Build/Intermediates.noindex/Pods.build/Debug-iphonesimulator/react-native-config.build
    export TEMP_DIR\=/Users/shashishekhar/Library/Developer/Xcode/DerivedData/RestaurantsNearMeIOS-cxlnvzrpmdwxdmausljrqbwijesy/Build/Intermediates.noindex/Pods.build/Debug-iphonesimulator/react-native-config.build
    export TEMP_FILES_DIR\=/Users/shashishekhar/Library/Developer/Xcode/DerivedData/RestaurantsNearMeIOS-cxlnvzrpmdwxdmausljrqbwijesy/Build/Intermediates.noindex/Pods.build/Debug-iphonesimulator/react-native-config.build
    export TEMP_FILE_DIR\=/Users/shashishekhar/Library/Developer/Xcode/DerivedData/RestaurantsNearMeIOS-cxlnvzrpmdwxdmausljrqbwijesy/Build/Intermediates.noindex/Pods.build/Debug-iphonesimulator/react-native-config.build
    export TEMP_ROOT\=/Users/shashishekhar/Library/Developer/Xcode/DerivedData/RestaurantsNearMeIOS-cxlnvzrpmdwxdmausljrqbwijesy/Build/Intermediates.noindex
    export TEMP_SANDBOX_DIR\=/Users/shashishekhar/Library/Developer/Xcode/DerivedData/RestaurantsNearMeIOS-cxlnvzrpmdwxdmausljrqbwijesy/Build/Intermediates.noindex/TemporaryTaskSandboxes
    export TEST_FRAMEWORK_SEARCH_PATHS\=\ /Applications/Xcode.app/Contents/Developer/Platforms/iPhoneSimulator.platform/Developer/Library/Frameworks\ /Applications/Xcode.app/Contents/Developer/Platforms/iPhoneSimulator.platform/Developer/SDKs/iPhoneSimulator26.5.sdk/Developer/Library/Frameworks
    export TEST_LIBRARY_SEARCH_PATHS\=\ /Applications/Xcode.app/Contents/Developer/Platforms/iPhoneSimulator.platform/Developer/usr/lib
    export TOOLCHAINS\=com.apple.dt.toolchain.XcodeDefault
    export TOOLCHAIN_DIR\=/Applications/Xcode.app/Contents/Developer/Toolchains/XcodeDefault.xctoolchain
    export TREAT_MISSING_BASELINES_AS_TEST_FAILURES\=NO
    export TREAT_MISSING_SCRIPT_PHASE_OUTPUTS_AS_ERRORS\=NO
    export UID\=501
    export UNINSTALLED_PRODUCTS_DIR\=/Users/shashishekhar/Library/Developer/Xcode/DerivedData/RestaurantsNearMeIOS-cxlnvzrpmdwxdmausljrqbwijesy/Build/Intermediates.noindex/UninstalledProducts
    export UNSTRIPPED_PRODUCT\=NO
    export USER\=shashishekhar
    export USER_APPS_DIR\=/Users/shashishekhar/Applications
    export USER_LIBRARY_DIR\=/Users/shashishekhar/Library
    export USE_DYNAMIC_NO_PIC\=YES
    export USE_HEADERMAP\=YES
    export USE_HEADER_SYMLINKS\=NO
    export USE_HERMES\=true
    export USE_RECURSIVE_SCRIPT_INPUTS_IN_SCRIPT_PHASES\=YES
    export VALIDATE_DEVELOPMENT_ASSET_PATHS\=YES_ERROR
    export VALIDATE_PRODUCT\=NO
    export VALID_ARCHS\=arm64\ x86_64
    export VERBOSE_PBXCP\=NO
    export VERSION_INFO_BUILDER\=shashishekhar
    export VERSION_INFO_FILE\=react-native-config_vers.c
    export VERSION_INFO_STRING\=\"@\(\#\)PROGRAM:react-native-config\ \ PROJECT:Pods-\"
    export WORKSPACE_DIR\=/Users/shashishekhar/Desktop/RestaurantsNearMeIOS/ios
    export WRAP_ASSET_PACKS_IN_SEPARATE_DIRECTORIES\=NO
    export XCODE_APP_SUPPORT_DIR\=/Applications/Xcode.app/Contents/Developer/Library/Xcode
    export XCODE_PRODUCT_BUILD_VERSION\=17F113
    export XCODE_VERSION_ACTUAL\=2660
    export XCODE_VERSION_MAJOR\=2600
    export XCODE_VERSION_MINOR\=2660
    export XPCSERVICES_FOLDER_PATH\=/XPCServices
    export YACC\=yacc
    export _DISCOVER_COMMAND_LINE_LINKER_INPUTS\=YES
    export _DISCOVER_COMMAND_LINE_LINKER_INPUTS_INCLUDE_WL\=YES
    export _LD_MULTIARCH\=YES
    export __DIAGNOSE_DEPRECATED_ARCHS\=YES
    export __ORIGINAL_SDK_DEFINED_LLVM_TARGET_TRIPLE_SYS\=ios
    export arch\=undefined_arch
    export variant\=normal
    /bin/sh -c /Users/shashishekhar/Library/Developer/Xcode/DerivedData/RestaurantsNearMeIOS-cxlnvzrpmdwxdmausljrqbwijesy/Build/Intermediates.noindex/Pods.build/Debug-iphonesimulator/react-native-config.build/Script-46EB2E0001AFA0.sh
+ HOST_PATH=/Users/shashishekhar/Desktop/RestaurantsNearMeIOS/ios/Pods/../..
+ /Users/shashishekhar/Desktop/RestaurantsNearMeIOS/ios/Pods/../../node_modules/react-native-config/ios/ReactNativeConfig/BuildDotenvConfig.rb /Users/shashishekhar/Desktop/RestaurantsNearMeIOS/ios/Pods/../.. /Users/shashishekhar/Desktop/RestaurantsNearMeIOS/ios/Pods/../../node_modules/react-native-config/ios/ReactNativeConfig
reading env file from /Users/shashishekhar/Desktop/RestaurantsNearMeIOS/ios/Pods/../.. and writing .m to /Users/shashishekhar/Desktop/RestaurantsNearMeIOS/ios/Pods/../../node_modules/react-native-config/ios/ReactNativeConfig
going to read env file from root folder /Users/shashishekhar/Desktop/RestaurantsNearMeIOS/ios/Pods/../..
read dotenv {"baseURL"=>"https://api.restaurantsnearme.in"}
Wrote to /Users/shashishekhar/Library/Developer/Xcode/DerivedData/RestaurantsNearMeIOS-cxlnvzrpmdwxdmausljrqbwijesy/Build/Products/GeneratedInfoPlistDotEnv.h

PhaseScriptExecution [CP]\ Copy\ XCFrameworks /Users/shashishekhar/Library/Developer/Xcode/DerivedData/RestaurantsNearMeIOS-cxlnvzrpmdwxdmausljrqbwijesy/Build/Intermediates.noindex/Pods.build/Debug-iphonesimulator/AsyncStorage.build/Script-46EB2E0001AF10.sh (in target 'AsyncStorage' from project 'Pods')
    cd /Users/shashishekhar/Desktop/RestaurantsNearMeIOS/ios/Pods
    /bin/sh -c /Users/shashishekhar/Library/Developer/Xcode/DerivedData/RestaurantsNearMeIOS-cxlnvzrpmdwxdmausljrqbwijesy/Build/Intermediates.noindex/Pods.build/Debug-iphonesimulator/AsyncStorage.build/Script-46EB2E0001AF10.sh
Selected xcframework slice ios-arm64_x86_64-simulator
rsync --delete -av --filter P .*.?????? --links --filter "- CVS/" --filter "- .svn/" --filter "- .git/" --filter "- .hg/" "/Users/shashishekhar/Desktop/RestaurantsNearMeIOS/ios/Pods/../../node_modules/@react-native-async-storage/async-storage/apple-frameworks/SharedAsyncStorage.xcframework/ios-arm64_x86_64-simulator/*" "/Users/shashishekhar/Library/Developer/Xcode/DerivedData/RestaurantsNearMeIOS-cxlnvzrpmdwxdmausljrqbwijesy/Build/Products/Debug-iphonesimulator/XCFrameworkIntermediates/AsyncStorage"
Transfer starting: 18 files

sent 1904 bytes  received 20 bytes  916190 bytes/sec
total size is 20286077  speedup is 10543.69
Copied /Users/shashishekhar/Desktop/RestaurantsNearMeIOS/ios/Pods/../../node_modules/@react-native-async-storage/async-storage/apple-frameworks/SharedAsyncStorage.xcframework/ios-arm64_x86_64-simulator to /Users/shashishekhar/Library/Developer/Xcode/DerivedData/RestaurantsNearMeIOS-cxlnvzrpmdwxdmausljrqbwijesy/Build/Products/Debug-iphonesimulator/XCFrameworkIntermediates/AsyncStorage

PhaseScriptExecution Copy\ generated\ compatibility\ header /Users/shashishekhar/Library/Developer/Xcode/DerivedData/RestaurantsNearMeIOS-cxlnvzrpmdwxdmausljrqbwijesy/Build/Intermediates.noindex/Pods.build/Debug-iphonesimulator/RNScreens.build/Script-46EB2E000171B0.sh (in target 'RNScreens' from project 'Pods')
    cd /Users/shashishekhar/Desktop/RestaurantsNearMeIOS/ios/Pods
    export ACTION\=build
    export AD_HOC_CODE_SIGNING_ALLOWED\=YES
    export ALLOW_BUILD_REQUEST_OVERRIDES\=NO
    export ALLOW_TARGET_PLATFORM_SPECIALIZATION\=NO
    export ALTERNATE_GROUP\=staff
    export ALTERNATE_MODE\=u+w,go-w,a+rX
    export ALTERNATE_OWNER\=shashishekhar
    export ALTERNATIVE_DISTRIBUTION_WEB\=NO
    export ALWAYS_EMBED_SWIFT_STANDARD_LIBRARIES\=NO
    export ALWAYS_SEARCH_USER_PATHS\=NO
    export ALWAYS_USE_SEPARATE_HEADERMAPS\=NO
    export APPLICATION_EXTENSION_API_ONLY\=NO
    export APPLY_RULES_IN_COPY_FILES\=NO
    export APPLY_RULES_IN_COPY_HEADERS\=NO
    export APP_SHORTCUTS_ENABLE_FLEXIBLE_MATCHING\=YES
    export ARCHS\=arm64\ x86_64
    export ARCHS_BASE\=arm64\ x86_64
    export ARCHS_STANDARD\=arm64\ x86_64
    export ARCHS_STANDARD_32_64_BIT\=arm64\ x86_64
    export ARCHS_STANDARD_64_BIT\=arm64\ x86_64
    export ARCHS_STANDARD_INCLUDING_64_BIT\=arm64\ x86_64
    export ARCHS_UNIVERSAL_IPHONE_OS\=arm64\ x86_64
    export AUTOMATICALLY_MERGE_DEPENDENCIES\=NO
    export AUTOMATION_APPLE_EVENTS\=NO
    export AVAILABLE_PLATFORMS\=android\ appletvos\ appletvsimulator\ driverkit\ freebsd\ iphoneos\ iphonesimulator\ linux\ macosx\ none\ openbsd\ qnx\ watchos\ watchsimulator\ webassembly\ xros\ xrsimulator
    export BUILD_ACTIVE_RESOURCES_ONLY\=NO
    export BUILD_COMPONENTS\=headers\ build
    export BUILD_DIR\=/Users/shashishekhar/Library/Developer/Xcode/DerivedData/RestaurantsNearMeIOS-cxlnvzrpmdwxdmausljrqbwijesy/Build/Products
    export BUILD_LIBRARY_FOR_DISTRIBUTION\=NO
    export BUILD_ONLY_KNOWN_LOCALIZATIONS\=NO
    export BUILD_ROOT\=/Users/shashishekhar/Library/Developer/Xcode/DerivedData/RestaurantsNearMeIOS-cxlnvzrpmdwxdmausljrqbwijesy/Build/Products
    export BUILD_STYLE\=
    export BUILD_VARIANTS\=normal
    export BUILT_PRODUCTS_DIR\=/Users/shashishekhar/Library/Developer/Xcode/DerivedData/RestaurantsNearMeIOS-cxlnvzrpmdwxdmausljrqbwijesy/Build/Products/Debug-iphonesimulator/RNScreens
    export BUNDLE_CONTENTS_FOLDER_PATH_deep\=Contents/
    export BUNDLE_EXECUTABLE_FOLDER_NAME_deep\=MacOS
    export BUNDLE_EXTENSIONS_FOLDER_PATH\=Extensions
    export BUNDLE_FORMAT\=shallow
    export BUNDLE_FRAMEWORKS_FOLDER_PATH\=Frameworks
    export BUNDLE_PLUGINS_FOLDER_PATH\=PlugIns
    export BUNDLE_PRIVATE_HEADERS_FOLDER_PATH\=PrivateHeaders
    export BUNDLE_PUBLIC_HEADERS_FOLDER_PATH\=Headers
    export CACHE_ROOT\=/var/folders/n6/7nd1dnm93kng8k7b6j0bk0sc0000gn/C/com.apple.DeveloperTools/26.6-17F113/Xcode
    export CCHROOT\=/var/folders/n6/7nd1dnm93kng8k7b6j0bk0sc0000gn/C/com.apple.DeveloperTools/26.6-17F113/Xcode
    export CHMOD\=/bin/chmod
    export CHOWN\=chown
    export CLANG_ALLOW_NON_MODULAR_INCLUDES_IN_FRAMEWORK_MODULES\=YES
    export CLANG_ANALYZER_LOCALIZABILITY_NONLOCALIZED\=YES
    export CLANG_ANALYZER_NONNULL\=YES
    export CLANG_ANALYZER_NUMBER_OBJECT_CONVERSION\=YES_AGGRESSIVE
    export CLANG_CACHE_FINE_GRAINED_OUTPUTS\=YES
    export CLANG_CXX_LANGUAGE_STANDARD\=c++20
    export CLANG_CXX_LIBRARY\=libc++
    export CLANG_ENABLE_EXPLICIT_MODULES\=YES
    export CLANG_ENABLE_MODULES\=YES
    export CLANG_ENABLE_MODULE_DEBUGGING\=NO
    export CLANG_ENABLE_OBJC_ARC\=YES
    export CLANG_ENABLE_OBJC_WEAK\=NO
    export CLANG_MODULES_BUILD_SESSION_FILE\=/Users/shashishekhar/Library/Developer/Xcode/DerivedData/ModuleCache.noindex/Session.modulevalidation
    export CLANG_WARN_BLOCK_CAPTURE_AUTORELEASING\=YES
    export CLANG_WARN_BOOL_CONVERSION\=YES
    export CLANG_WARN_COMMA\=YES
    export CLANG_WARN_CONSTANT_CONVERSION\=YES
    export CLANG_WARN_DEPRECATED_OBJC_IMPLEMENTATIONS\=YES
    export CLANG_WARN_DIRECT_OBJC_ISA_USAGE\=YES_ERROR
    export CLANG_WARN_DOCUMENTATION_COMMENTS\=YES
    export CLANG_WARN_EMPTY_BODY\=YES
    export CLANG_WARN_ENUM_CONVERSION\=YES
    export CLANG_WARN_INFINITE_RECURSION\=YES
    export CLANG_WARN_INT_CONVERSION\=YES
    export CLANG_WARN_NON_LITERAL_NULL_CONVERSION\=YES
    export CLANG_WARN_OBJC_IMPLICIT_RETAIN_SELF\=YES
    export CLANG_WARN_OBJC_LITERAL_CONVERSION\=YES
    export CLANG_WARN_OBJC_ROOT_CLASS\=YES_ERROR
    export CLANG_WARN_QUOTED_INCLUDE_IN_FRAMEWORK_HEADER\=NO
    export CLANG_WARN_RANGE_LOOP_ANALYSIS\=YES
    export CLANG_WARN_STRICT_PROTOTYPES\=YES
    export CLANG_WARN_SUSPICIOUS_MOVE\=YES
    export CLANG_WARN_UNGUARDED_AVAILABILITY\=YES_AGGRESSIVE
    export CLANG_WARN_UNREACHABLE_CODE\=YES
    export CLANG_WARN__DUPLICATE_METHOD_MATCH\=YES
    export CLASS_FILE_DIR\=/Users/shashishekhar/Library/Developer/Xcode/DerivedData/RestaurantsNearMeIOS-cxlnvzrpmdwxdmausljrqbwijesy/Build/Intermediates.noindex/Pods.build/Debug-iphonesimulator/RNScreens.build/JavaClasses
    export CLEAN_PRECOMPS\=YES
    export CLONE_HEADERS\=NO
    export CODESIGNING_FOLDER_PATH\=/Users/shashishekhar/Library/Developer/Xcode/DerivedData/RestaurantsNearMeIOS-cxlnvzrpmdwxdmausljrqbwijesy/Build/Products/Debug-iphonesimulator/RNScreens/libRNScreens.a
    export CODE_SIGNING_ALLOWED\=NO
    export CODE_SIGNING_REQUIRED\=YES
    export CODE_SIGN_CONTEXT_CLASS\=XCiPhoneSimulatorCodeSignContext
    export CODE_SIGN_IDENTITY\=-
    export CODE_SIGN_INJECT_BASE_ENTITLEMENTS\=YES
    export COLOR_DIAGNOSTICS\=NO
    export COMBINE_HIDPI_IMAGES\=NO
    export COMPILATION_CACHE_CAS_PATH\=/Users/shashishekhar/Library/Developer/Xcode/DerivedData/CompilationCache.noindex
    export COMPILATION_CACHE_KEEP_CAS_DIRECTORY\=YES
    export COMPILER_INDEX_STORE_ENABLE\=Default
    export COMPOSITE_SDK_DIRS\=/Users/shashishekhar/Library/Developer/Xcode/DerivedData/RestaurantsNearMeIOS-cxlnvzrpmdwxdmausljrqbwijesy/Build/Intermediates.noindex/CompositeSDKs
    export COMPRESS_PNG_FILES\=YES
    export CONFIGURATION\=Debug
    export CONFIGURATION_BUILD_DIR\=/Users/shashishekhar/Library/Developer/Xcode/DerivedData/RestaurantsNearMeIOS-cxlnvzrpmdwxdmausljrqbwijesy/Build/Products/Debug-iphonesimulator/RNScreens
    export CONFIGURATION_TEMP_DIR\=/Users/shashishekhar/Library/Developer/Xcode/DerivedData/RestaurantsNearMeIOS-cxlnvzrpmdwxdmausljrqbwijesy/Build/Intermediates.noindex/Pods.build/Debug-iphonesimulator
    export COPYING_PRESERVES_HFS_DATA\=NO
    export COPY_HEADERS_RUN_UNIFDEF\=NO
    export COPY_PHASE_STRIP\=NO
    export CORRESPONDING_DEVICE_PLATFORM_DIR\=/Applications/Xcode.app/Contents/Developer/Platforms/iPhoneOS.platform
    export CORRESPONDING_DEVICE_PLATFORM_NAME\=iphoneos
    export CORRESPONDING_DEVICE_SDK_DIR\=/Applications/Xcode.app/Contents/Developer/Platforms/iPhoneOS.platform/Developer/SDKs/iPhoneOS26.5.sdk
    export CORRESPONDING_DEVICE_SDK_NAME\=iphoneos26.5
    export CP\=/bin/cp
    export CREATE_INFOPLIST_SECTION_IN_BINARY\=NO
    export CURRENT_ARCH\=undefined_arch
    export CURRENT_VARIANT\=normal
    export DEAD_CODE_STRIPPING\=YES
    export DEBUGGING_SYMBOLS\=YES
    export DEBUG_INFORMATION_FORMAT\=dwarf
    export DEBUG_INFORMATION_VERSION\=compiler-default
    export DEFAULT_COMPILER\=com.apple.compilers.llvm.clang.1_0
    export DEFAULT_DEXT_INSTALL_PATH\=/System/Library/DriverExtensions
    export DEFAULT_KEXT_INSTALL_PATH\=/System/Library/Extensions
    export DEFINES_MODULE\=NO
    export DEPLOYMENT_LOCATION\=NO
    export DEPLOYMENT_POSTPROCESSING\=NO
    export DEPLOYMENT_TARGET_SETTING_NAME\=IPHONEOS_DEPLOYMENT_TARGET
    export DEPLOYMENT_TARGET_SUGGESTED_VALUES\=12.0\ 12.1\ 12.2\ 12.3\ 12.4\ 13.0\ 13.1\ 13.2\ 13.3\ 13.4\ 13.5\ 13.6\ 14.0\ 14.1\ 14.2\ 14.3\ 14.4\ 14.5\ 14.6\ 14.7\ 15.0\ 15.1\ 15.2\ 15.3\ 15.4\ 15.5\ 15.6\ 16.0\ 16.1\ 16.2\ 16.3\ 16.4\ 16.5\ 16.6\ 17.0\ 17.1\ 17.2\ 17.3\ 17.4\ 17.5\ 17.6\ 18.0\ 18.1\ 18.2\ 18.3\ 18.4\ 18.5\ 18.6\ 26.0\ 26.2\ 26.3\ 26.4\ 26.5
    export DERIVED_FILES_DIR\=/Users/shashishekhar/Library/Developer/Xcode/DerivedData/RestaurantsNearMeIOS-cxlnvzrpmdwxdmausljrqbwijesy/Build/Intermediates.noindex/Pods.build/Debug-iphonesimulator/RNScreens.build/DerivedSources
    export DERIVED_FILE_DIR\=/Users/shashishekhar/Library/Developer/Xcode/DerivedData/RestaurantsNearMeIOS-cxlnvzrpmdwxdmausljrqbwijesy/Build/Intermediates.noindex/Pods.build/Debug-iphonesimulator/RNScreens.build/DerivedSources
    export DERIVED_SOURCES_DIR\=/Users/shashishekhar/Library/Developer/Xcode/DerivedData/RestaurantsNearMeIOS-cxlnvzrpmdwxdmausljrqbwijesy/Build/Intermediates.noindex/Pods.build/Debug-iphonesimulator/RNScreens.build/DerivedSources
    export DEVELOPER_APPLICATIONS_DIR\=/Applications/Xcode.app/Contents/Developer/Applications
    export DEVELOPER_BIN_DIR\=/Applications/Xcode.app/Contents/Developer/usr/bin
    export DEVELOPER_DIR\=/Applications/Xcode.app/Contents/Developer
    export DEVELOPER_FRAMEWORKS_DIR\=/Applications/Xcode.app/Contents/Developer/Library/Frameworks
    export DEVELOPER_FRAMEWORKS_DIR_QUOTED\=/Applications/Xcode.app/Contents/Developer/Library/Frameworks
    export DEVELOPER_LIBRARY_DIR\=/Applications/Xcode.app/Contents/Developer/Library
    export DEVELOPER_SDK_DIR\=/Applications/Xcode.app/Contents/Developer/Platforms/MacOSX.platform/Developer/SDKs
    export DEVELOPER_TOOLS_DIR\=/Applications/Xcode.app/Contents/Developer/Tools
    export DEVELOPER_USR_DIR\=/Applications/Xcode.app/Contents/Developer/usr
    export DEVELOPMENT_LANGUAGE\=en
    export DIAGNOSE_MISSING_TARGET_DEPENDENCIES\=YES
    export DIFF\=/usr/bin/diff
    export DONT_GENERATE_INFOPLIST_FILE\=NO
    export DSTROOT\=/tmp/Pods.dst
    export DT_TOOLCHAIN_DIR\=/Applications/Xcode.app/Contents/Developer/Toolchains/XcodeDefault.xctoolchain
    export DUMP_DEPENDENCIES\=NO
    export DUMP_DEPENDENCIES_OUTPUT_PATH\=/Users/shashishekhar/Library/Developer/Xcode/DerivedData/RestaurantsNearMeIOS-cxlnvzrpmdwxdmausljrqbwijesy/Build/Intermediates.noindex/Pods.build/Debug-iphonesimulator/RNScreens.build/RNScreens-BuildDependencyInfo.json
    export DWARF_DSYM_FILE_NAME\=libRNScreens.a.dSYM
    export DWARF_DSYM_FILE_SHOULD_ACCOMPANY_PRODUCT\=NO
    export DWARF_DSYM_FOLDER_PATH\=/Users/shashishekhar/Library/Developer/Xcode/DerivedData/RestaurantsNearMeIOS-cxlnvzrpmdwxdmausljrqbwijesy/Build/Products/Debug-iphonesimulator/RNScreens
    export DYNAMIC_LIBRARY_EXTENSION\=dylib
    export EAGER_COMPILATION_ALLOW_SCRIPTS\=NO
    export EAGER_LINKING\=NO
    export EFFECTIVE_PLATFORM_NAME\=-iphonesimulator
    export EFFECTIVE_SWIFT_VERSION\=5
    export EMBEDDED_CONTENT_CONTAINS_SWIFT\=NO
    export EMBED_ASSET_PACKS_IN_PRODUCT_BUNDLE\=NO
    export ENABLE_APP_SANDBOX\=NO
    export ENABLE_CODE_COVERAGE\=YES
    export ENABLE_COHORT_ARCHS\=NO
    export ENABLE_CPLUSPLUS_BOUNDS_SAFE_BUFFERS\=NO
    export ENABLE_C_BOUNDS_SAFETY\=NO
    export ENABLE_DEFAULT_HEADER_SEARCH_PATHS\=YES
    export ENABLE_DEFAULT_SEARCH_PATHS\=YES
    export ENABLE_ENHANCED_SECURITY\=NO
    export ENABLE_HARDENED_RUNTIME\=NO
    export ENABLE_HEADER_DEPENDENCIES\=YES
    export ENABLE_INCOMING_NETWORK_CONNECTIONS\=NO
    export ENABLE_MODULE_VERIFIER\=NO
    export ENABLE_ON_DEMAND_RESOURCES\=NO
    export ENABLE_OUTGOING_NETWORK_CONNECTIONS\=NO
    export ENABLE_POINTER_AUTHENTICATION\=NO
    export ENABLE_PREVIEWS\=NO
    export ENABLE_RESOURCE_ACCESS_AUDIO_INPUT\=NO
    export ENABLE_RESOURCE_ACCESS_BLUETOOTH\=NO
    export ENABLE_RESOURCE_ACCESS_CALENDARS\=NO
    export ENABLE_RESOURCE_ACCESS_CAMERA\=NO
    export ENABLE_RESOURCE_ACCESS_CONTACTS\=NO
    export ENABLE_RESOURCE_ACCESS_LOCATION\=NO
    export ENABLE_RESOURCE_ACCESS_PHOTO_LIBRARY\=NO
    export ENABLE_RESOURCE_ACCESS_PRINTING\=NO
    export ENABLE_RESOURCE_ACCESS_USB\=NO
    export ENABLE_SDK_IMPORTS\=NO
    export ENABLE_SECURITY_COMPILER_WARNINGS\=NO
    export ENABLE_STRICT_OBJC_MSGSEND\=YES
    export ENABLE_TESTABILITY\=YES
    export ENABLE_TESTING_SEARCH_PATHS\=NO
    export ENABLE_USER_SCRIPT_SANDBOXING\=NO
    export ENABLE_XOJIT_PREVIEWS\=YES
    export ENFORCE_VALID_ARCHS\=YES
    export ENTITLEMENTS_DESTINATION\=__entitlements
    export ENTITLEMENTS_REQUIRED\=YES
    export EXCLUDED_INSTALLSRC_SUBDIRECTORY_PATTERNS\=.DS_Store\ .svn\ .git\ .hg\ CVS
    export EXCLUDED_RECURSIVE_SEARCH_PATH_SUBDIRECTORIES\=\*.nib\ \*.lproj\ \*.framework\ \*.gch\ \*.xcode\*\ \*.xcassets\ \*.icon\ \(\*\)\ .DS_Store\ CVS\ .svn\ .git\ .hg\ \*.pbproj\ \*.pbxproj
    export EXECUTABLE_EXTENSION\=a
    export EXECUTABLE_NAME\=libRNScreens.a
    export EXECUTABLE_PATH\=libRNScreens.a
    export EXECUTABLE_PREFIX\=lib
    export EXECUTABLE_SUFFIX\=.a
    export FILE_LIST\=/Users/shashishekhar/Library/Developer/Xcode/DerivedData/RestaurantsNearMeIOS-cxlnvzrpmdwxdmausljrqbwijesy/Build/Intermediates.noindex/Pods.build/Debug-iphonesimulator/RNScreens.build/Objects/LinkFileList
    export FIXED_FILES_DIR\=/Users/shashishekhar/Library/Developer/Xcode/DerivedData/RestaurantsNearMeIOS-cxlnvzrpmdwxdmausljrqbwijesy/Build/Intermediates.noindex/Pods.build/Debug-iphonesimulator/RNScreens.build/FixedFiles
    export FRAMEWORK_FLAG_PREFIX\=-framework
    export FRAMEWORK_SEARCH_PATHS\=/Users/shashishekhar/Library/Developer/Xcode/DerivedData/RestaurantsNearMeIOS-cxlnvzrpmdwxdmausljrqbwijesy/Build/Products/Debug-iphonesimulator/RNScreens\ \ \"/Users/shashishekhar/Desktop/RestaurantsNearMeIOS/ios/Pods/React-Core-prebuilt\"\ \"/Users/shashishekhar/Desktop/RestaurantsNearMeIOS/ios/Pods/ReactNativeDependencies/framework/packages/react-native\"\ \"/Users/shashishekhar/Desktop/RestaurantsNearMeIOS/ios/Pods/hermes-engine/destroot/Library/Frameworks/universal\"\ \"/Users/shashishekhar/Library/Developer/Xcode/DerivedData/RestaurantsNearMeIOS-cxlnvzrpmdwxdmausljrqbwijesy/Build/Products/Debug-iphonesimulator/XCFrameworkIntermediates/React-Core-prebuilt\"\ \"/Users/shashishekhar/Library/Developer/Xcode/DerivedData/RestaurantsNearMeIOS-cxlnvzrpmdwxdmausljrqbwijesy/Build/Products/Debug-iphonesimulator/XCFrameworkIntermediates/ReactNativeDependencies\"\ \"/Users/shashishekhar/Library/Developer/Xcode/DerivedData/RestaurantsNearMeIOS-cxlnvzrpmdwxdmausljrqbwijesy/Build/Products/Debug-iphonesimulator/XCFrameworkIntermediates/hermes-engine/Pre-built\"
    export FRAMEWORK_VERSION\=A
    export FULL_PRODUCT_NAME\=libRNScreens.a
    export FUSE_BUILD_PHASES\=YES
    export FUSE_BUILD_SCRIPT_PHASES\=NO
    export GCC3_VERSION\=3.3
    export GCC_C_LANGUAGE_STANDARD\=gnu11
    export GCC_DYNAMIC_NO_PIC\=NO
    export GCC_NO_COMMON_BLOCKS\=YES
    export GCC_OBJC_LEGACY_DISPATCH\=YES
    export GCC_OPTIMIZATION_LEVEL\=0
    export GCC_PFE_FILE_C_DIALECTS\=c\ objective-c\ c++\ objective-c++
    export GCC_PREFIX_HEADER\=Target\ Support\ Files/RNScreens/RNScreens-prefix.pch
    export GCC_PREPROCESSOR_DEFINITIONS\=POD_CONFIGURATION_DEBUG\=1\ DEBUG\=1\ \ COCOAPODS\=1
    export GCC_TREAT_WARNINGS_AS_ERRORS\=NO
    export GCC_VERSION\=com.apple.compilers.llvm.clang.1_0
    export GCC_VERSION_IDENTIFIER\=com_apple_compilers_llvm_clang_1_0
    export GCC_WARN_64_TO_32_BIT_CONVERSION\=YES
    export GCC_WARN_ABOUT_RETURN_TYPE\=YES_ERROR
    export GCC_WARN_UNDECLARED_SELECTOR\=YES
    export GCC_WARN_UNINITIALIZED_AUTOS\=YES_AGGRESSIVE
    export GCC_WARN_UNUSED_FUNCTION\=YES
    export GCC_WARN_UNUSED_VARIABLE\=YES
    export GENERATED_MODULEMAP_DIR\=/Users/shashishekhar/Library/Developer/Xcode/DerivedData/RestaurantsNearMeIOS-cxlnvzrpmdwxdmausljrqbwijesy/Build/Intermediates.noindex/GeneratedModuleMaps-iphonesimulator
    export GENERATE_INFOPLIST_FILE\=NO
    export GENERATE_INTERMEDIATE_TEXT_BASED_STUBS\=YES
    export GENERATE_PKGINFO_FILE\=NO
    export GENERATE_PRELINK_OBJECT_FILE\=NO
    export GENERATE_PROFILING_CODE\=NO
    export GENERATE_TEXT_BASED_STUBS\=NO
    export GID\=20
    export GROUP\=staff
    export HEADERMAP_INCLUDES_FLAT_ENTRIES_FOR_TARGET_BEING_BUILT\=YES
    export HEADERMAP_INCLUDES_FRAMEWORK_ENTRIES_FOR_ALL_PRODUCT_TYPES\=YES
    export HEADERMAP_INCLUDES_FRAMEWORK_ENTRIES_FOR_TARGETS_NOT_BEING_BUILT\=YES
    export HEADERMAP_INCLUDES_NONPUBLIC_NONPRIVATE_HEADERS\=YES
    export HEADERMAP_INCLUDES_PROJECT_HEADERS\=YES
    export HEADERMAP_USES_FRAMEWORK_PREFIX_ENTRIES\=YES
    export HEADERMAP_USES_VFS\=NO
    export HEADER_SEARCH_PATHS\=/Users/shashishekhar/Library/Developer/Xcode/DerivedData/RestaurantsNearMeIOS-cxlnvzrpmdwxdmausljrqbwijesy/Build/Products/Debug-iphonesimulator/RNScreens/include\ \ \"/Users/shashishekhar/Desktop/RestaurantsNearMeIOS/ios/Pods/Headers/Private\"\ \"/Users/shashishekhar/Desktop/RestaurantsNearMeIOS/ios/Pods/Headers/Private/RNScreens\"\ \"/Users/shashishekhar/Desktop/RestaurantsNearMeIOS/ios/Pods/Headers/Public\"\ \"/Users/shashishekhar/Desktop/RestaurantsNearMeIOS/ios/Pods/Headers/Public/FBLazyVector\"\ \"/Users/shashishekhar/Desktop/RestaurantsNearMeIOS/ios/Pods/Headers/Public/RCTRequired\"\ \"/Users/shashishekhar/Desktop/RestaurantsNearMeIOS/ios/Pods/Headers/Public/RCTSwiftUIWrapper\"\ \"/Users/shashishekhar/Desktop/RestaurantsNearMeIOS/ios/Pods/Headers/Public/RCTTypeSafety\"\ \"/Users/shashishekhar/Desktop/RestaurantsNearMeIOS/ios/Pods/Headers/Public/RNScreens\"\ \"/Users/shashishekhar/Desktop/RestaurantsNearMeIOS/ios/Pods/Headers/Public/React-Core\"\ \"/Users/shashishekhar/Desktop/RestaurantsNearMeIOS/ios/Pods/Headers/Public/React-Core-prebuilt\"\ \"/Users/shashishekhar/Desktop/RestaurantsNearMeIOS/ios/Pods/Headers/Public/React-CoreModules\"\ \"/Users/shashishekhar/Desktop/RestaurantsNearMeIOS/ios/Pods/Headers/Public/React-Fabric\"\ \"/Users/shashishekhar/Desktop/RestaurantsNearMeIOS/ios/Pods/Headers/Public/React-FabricComponents\"\ \"/Users/shashishekhar/Desktop/RestaurantsNearMeIOS/ios/Pods/Headers/Public/React-FabricImage\"\ \"/Users/shashishekhar/Desktop/RestaurantsNearMeIOS/ios/Pods/Headers/Public/React-ImageManager\"\ \"/Users/shashishekhar/Desktop/RestaurantsNearMeIOS/ios/Pods/Headers/Public/React-Mapbuffer\"\ \"/Users/shashishekhar/Desktop/RestaurantsNearMeIOS/ios/Pods/Headers/Public/React-NativeModulesApple\"\ \"/Users/shashishekhar/Desktop/RestaurantsNearMeIOS/ios/Pods/Headers/Public/React-RCTAnimation\"\ \"/Users/shashishekhar/Desktop/RestaurantsNearMeIOS/ios/Pods/Headers/Public/React-RCTBlob\"\ \"/Users/shashishekhar/Desktop/RestaurantsNearMeIOS/ios/Pods/Headers/Public/React-RCTFBReactNativeSpec\"\ \"/Users/shashishekhar/Desktop/RestaurantsNearMeIOS/ios/Pods/Headers/Public/React-RCTFabric\"\ \"/Users/shashishekhar/Desktop/RestaurantsNearMeIOS/ios/Pods/Headers/Public/React-RCTImage\"\ \"/Users/shashishekhar/Desktop/RestaurantsNearMeIOS/ios/Pods/Headers/Public/React-RCTRuntime\"\ \"/Users/shashishekhar/Desktop/RestaurantsNearMeIOS/ios/Pods/Headers/Public/React-RCTText\"\ \"/Users/shashishekhar/Desktop/RestaurantsNearMeIOS/ios/Pods/Headers/Public/React-RuntimeApple\"\ \"/Users/shashishekhar/Desktop/RestaurantsNearMeIOS/ios/Pods/Headers/Public/React-RuntimeCore\"\ \"/Users/shashishekhar/Desktop/RestaurantsNearMeIOS/ios/Pods/Headers/Public/React-RuntimeHermes\"\ \"/Users/shashishekhar/Desktop/RestaurantsNearMeIOS/ios/Pods/Headers/Public/React-callinvoker\"\ \"/Users/shashishekhar/Desktop/RestaurantsNearMeIOS/ios/Pods/Headers/Public/React-cxxreact\"\ \"/Users/shashishekhar/Desktop/RestaurantsNearMeIOS/ios/Pods/Headers/Public/React-debug\"\ \"/Users/shashishekhar/Desktop/RestaurantsNearMeIOS/ios/Pods/Headers/Public/React-defaultsnativemodule\"\ \"/Users/shashishekhar/Desktop/RestaurantsNearMeIOS/ios/Pods/Headers/Public/React-domnativemodule\"\ \"/Users/shashishekhar/Desktop/RestaurantsNearMeIOS/ios/Pods/Headers/Public/React-featureflags\"\ \"/Users/shashishekhar/Desktop/RestaurantsNearMeIOS/ios/Pods/Headers/Public/React-featureflagsnativemodule\"\ \"/Users/shashishekhar/Desktop/RestaurantsNearMeIOS/ios/Pods/Headers/Public/React-graphics\"\ \"/Users/shashishekhar/Desktop/RestaurantsNearMeIOS/ios/Pods/Headers/Public/React-hermes\"\ \"/Users/shashishekhar/Desktop/RestaurantsNearMeIOS/ios/Pods/Headers/Public/React-idlecallbacksnativemodule\"\ \"/Users/shashishekhar/Desktop/RestaurantsNearMeIOS/ios/Pods/Headers/Public/React-intersectionobservernativemodule\"\ \"/Users/shashishekhar/Desktop/RestaurantsNearMeIOS/ios/Pods/Headers/Public/React-jserrorhandler\"\ \"/Users/shashishekhar/Desktop/RestaurantsNearMeIOS/ios/Pods/Headers/Public/React-jsi\"\ \"/Users/shashishekhar/Desktop/RestaurantsNearMeIOS/ios/Pods/Headers/Public/React-jsiexecutor\"\ \"/Users/shashishekhar/Desktop/RestaurantsNearMeIOS/ios/Pods/Headers/Public/React-jsinspector\"\ \"/Users/shashishekhar/Desktop/RestaurantsNearMeIOS/ios/Pods/Headers/Public/React-jsinspectorcdp\"\ \"/Users/shashishekhar/Desktop/RestaurantsNearMeIOS/ios/Pods/Headers/Public/React-jsinspectornetwork\"\ \"/Users/shashishekhar/Desktop/RestaurantsNearMeIOS/ios/Pods/Headers/Public/React-jsinspectortracing\"\ \"/Users/shashishekhar/Desktop/RestaurantsNearMeIOS/ios/Pods/Headers/Public/React-jsitooling\"\ \"/Users/shashishekhar/Desktop/RestaurantsNearMeIOS/ios/Pods/Headers/Public/React-logger\"\ \"/Users/shashishekhar/Desktop/RestaurantsNearMeIOS/ios/Pods/Headers/Public/React-microtasksnativemodule\"\ \"/Users/shashishekhar/Desktop/RestaurantsNearMeIOS/ios/Pods/Headers/Public/React-mutationobservernativemodule\"\ \"/Users/shashishekhar/Desktop/RestaurantsNearMeIOS/ios/Pods/Headers/Public/React-networking\"\ \"/Users/shashishekhar/Desktop/RestaurantsNearMeIOS/ios/Pods/Headers/Public/React-oscompat\"\ \"/Users/shashishekhar/Desktop/RestaurantsNearMeIOS/ios/Pods/Headers/Public/React-perflogger\"\ \"/Users/shashishekhar/Desktop/RestaurantsNearMeIOS/ios/Pods/Headers/Public/React-performancecdpmetrics\"\ \"/Users/shashishekhar/Desktop/RestaurantsNearMeIOS/ios/Pods/Headers/Public/React-performancetimeline\"\ \"/Users/shashishekhar/Desktop/RestaurantsNearMeIOS/ios/Pods/Headers/Public/React-rendererconsistency\"\ \"/Users/shashishekhar/Desktop/RestaurantsNearMeIOS/ios/Pods/Headers/Public/React-renderercss\"\ \"/Users/shashishekhar/Desktop/RestaurantsNearMeIOS/ios/Pods/Headers/Public/React-rendererdebug\"\ \"/Users/shashishekhar/Desktop/RestaurantsNearMeIOS/ios/Pods/Headers/Public/React-runtimeexecutor\"\ \"/Users/shashishekhar/Desktop/RestaurantsNearMeIOS/ios/Pods/Headers/Public/React-runtimescheduler\"\ \"/Users/shashishekhar/Desktop/RestaurantsNearMeIOS/ios/Pods/Headers/Public/React-timing\"\ \"/Users/shashishekhar/Desktop/RestaurantsNearMeIOS/ios/Pods/Headers/Public/React-utils\"\ \"/Users/shashishekhar/Desktop/RestaurantsNearMeIOS/ios/Pods/Headers/Public/React-viewtransitionnativemodule\"\ \"/Users/shashishekhar/Desktop/RestaurantsNearMeIOS/ios/Pods/Headers/Public/React-webperformancenativemodule\"\ \"/Users/shashishekhar/Desktop/RestaurantsNearMeIOS/ios/Pods/Headers/Public/ReactCodegen\"\ \"/Users/shashishekhar/Desktop/RestaurantsNearMeIOS/ios/Pods/Headers/Public/ReactCommon\"\ \"/Users/shashishekhar/Desktop/RestaurantsNearMeIOS/ios/Pods/Headers/Public/ReactNativeDependencies\"\ \"/Users/shashishekhar/Desktop/RestaurantsNearMeIOS/ios/Pods/Headers/Public/Yoga\"\ \"/Users/shashishekhar/Desktop/RestaurantsNearMeIOS/ios/Pods/Headers/Public/hermes-engine\"\ \"/Users/shashishekhar/Desktop/RestaurantsNearMeIOS/ios/Pods/Headers/Private/Yoga\"\ \"/Users/shashishekhar/Desktop/RestaurantsNearMeIOS/ios/Pods/Headers/Private/Yoga\"\ \"/Users/shashishekhar/Desktop/RestaurantsNearMeIOS/ios/Pods/../../node_modules/react-native-screens/common/cpp\"
    export HOME\=/Users/shashishekhar
    export HOST_ARCH\=arm64
    export HOST_PLATFORM\=macosx
    export ICONV\=/usr/bin/iconv
    export IMPLICIT_DEPENDENCY_DOMAIN\=default
    export INDEX_STORE_COMPRESS\=NO
    export INDEX_STORE_ONLY_PROJECT_FILES\=NO
    export INFOPLIST_ENABLE_CFBUNDLEICONS_MERGE\=YES
    export INFOPLIST_EXPAND_BUILD_SETTINGS\=YES
    export INFOPLIST_OUTPUT_FORMAT\=binary
    export INFOPLIST_PREPROCESS\=NO
    export INLINE_PRIVATE_FRAMEWORKS\=NO
    export INSTALLAPI_IGNORE_SKIP_INSTALL\=YES
    export INSTALLHDRS_COPY_PHASE\=NO
    export INSTALLHDRS_SCRIPT_PHASE\=NO
    export INSTALL_DIR\=/tmp/Pods.dst/usr/local/lib
    export INSTALL_GROUP\=staff
    export INSTALL_MODE_FLAG\=u+w,go-w,a+rX
    export INSTALL_OWNER\=shashishekhar
    export INSTALL_PATH\=/usr/local/lib
    export INSTALL_ROOT\=/tmp/Pods.dst
    export IPHONEOS_DEPLOYMENT_TARGET\=15.1
    export IS_UNOPTIMIZED_BUILD\=YES
    export JAVAC_DEFAULT_FLAGS\=-J-Xms64m\ -J-XX:NewSize\=4M\ -J-Dfile.encoding\=UTF8
    export JAVA_APP_STUB\=/System/Library/Frameworks/JavaVM.framework/Resources/MacOS/JavaApplicationStub
    export JAVA_ARCHIVE_CLASSES\=YES
    export JAVA_ARCHIVE_TYPE\=JAR
    export JAVA_COMPILER\=/usr/bin/javac
    export JAVA_FRAMEWORK_RESOURCES_DIRS\=Resources
    export JAVA_JAR_FLAGS\=cv
    export JAVA_SOURCE_SUBDIR\=.
    export JAVA_USE_DEPENDENCIES\=YES
    export JAVA_ZIP_FLAGS\=-urg
    export JIKES_DEFAULT_FLAGS\=+E\ +OLDCSO
    export KEEP_PRIVATE_EXTERNS\=NO
    export LD_DEPENDENCY_INFO_FILE\=/Users/shashishekhar/Library/Developer/Xcode/DerivedData/RestaurantsNearMeIOS-cxlnvzrpmdwxdmausljrqbwijesy/Build/Intermediates.noindex/Pods.build/Debug-iphonesimulator/RNScreens.build/Objects-normal/undefined_arch/RNScreens_dependency_info.dat
    export LD_EXPORT_SYMBOLS\=YES
    export LD_GENERATE_MAP_FILE\=NO
    export LD_MAP_FILE_PATH\=/Users/shashishekhar/Library/Developer/Xcode/DerivedData/RestaurantsNearMeIOS-cxlnvzrpmdwxdmausljrqbwijesy/Build/Intermediates.noindex/Pods.build/Debug-iphonesimulator/RNScreens.build/RNScreens-LinkMap-normal-undefined_arch.txt
    export LD_NO_PIE\=NO
    export LD_QUOTE_LINKER_ARGUMENTS_FOR_COMPILER_DRIVER\=YES
    export LD_SHARED_CACHE_ELIGIBLE\=Automatic
    export LD_WARN_DUPLICATE_LIBRARIES\=NO
    export LD_WARN_UNUSED_DYLIBS\=NO
    export LEGACY_DEVELOPER_DIR\=/Applications/Xcode.app/Contents/PlugIns/Xcode3Core.ideplugin/Contents/SharedSupport/Developer
    export LEX\=lex
    export LIBRARY_DEXT_INSTALL_PATH\=/Library/DriverExtensions
    export LIBRARY_FLAG_NOSPACE\=YES
    export LIBRARY_FLAG_PREFIX\=-l
    export LIBRARY_KEXT_INSTALL_PATH\=/Library/Extensions
    export LIBRARY_SEARCH_PATHS\=/Users/shashishekhar/Library/Developer/Xcode/DerivedData/RestaurantsNearMeIOS-cxlnvzrpmdwxdmausljrqbwijesy/Build/Products/Debug-iphonesimulator/RNScreens\ 
    export LINKER_DISPLAYS_MANGLED_NAMES\=NO
    export LINK_FILE_LIST_normal_arm64\=/Users/shashishekhar/Library/Developer/Xcode/DerivedData/RestaurantsNearMeIOS-cxlnvzrpmdwxdmausljrqbwijesy/Build/Intermediates.noindex/Pods.build/Debug-iphonesimulator/RNScreens.build/Objects-normal/arm64/RNScreens.LinkFileList
    export LINK_FILE_LIST_normal_x86_64\=/Users/shashishekhar/Library/Developer/Xcode/DerivedData/RestaurantsNearMeIOS-cxlnvzrpmdwxdmausljrqbwijesy/Build/Intermediates.noindex/Pods.build/Debug-iphonesimulator/RNScreens.build/Objects-normal/x86_64/RNScreens.LinkFileList
    export LINK_OBJC_RUNTIME\=YES
    export LINK_WITH_STANDARD_LIBRARIES\=YES
    export LLVM_TARGET_TRIPLE_OS_VERSION\=ios15.1
    export LLVM_TARGET_TRIPLE_SUFFIX\=-simulator
    export LLVM_TARGET_TRIPLE_VENDOR\=apple
    export LM_AUX_CONST_METADATA_LIST_PATH_normal_arm64\=/Users/shashishekhar/Library/Developer/Xcode/DerivedData/RestaurantsNearMeIOS-cxlnvzrpmdwxdmausljrqbwijesy/Build/Intermediates.noindex/Pods.build/Debug-iphonesimulator/RNScreens.build/Objects-normal/arm64/RNScreens.SwiftConstValuesFileList
    export LM_AUX_CONST_METADATA_LIST_PATH_normal_x86_64\=/Users/shashishekhar/Library/Developer/Xcode/DerivedData/RestaurantsNearMeIOS-cxlnvzrpmdwxdmausljrqbwijesy/Build/Intermediates.noindex/Pods.build/Debug-iphonesimulator/RNScreens.build/Objects-normal/x86_64/RNScreens.SwiftConstValuesFileList
    export LOCALIZATION_EXPORT_SUPPORTED\=YES
    export LOCALIZATION_PREFERS_STRING_CATALOGS\=NO
    export LOCALIZED_STRING_CODE_COMMENTS\=NO
    export LOCALIZED_STRING_MACRO_NAMES\=NSLocalizedString\ CFCopyLocalizedString
    export LOCALIZED_STRING_SWIFTUI_SUPPORT\=YES
    export LOCAL_ADMIN_APPS_DIR\=/Applications/Utilities
    export LOCAL_APPS_DIR\=/Applications
    export LOCAL_DEVELOPER_DIR\=/Library/Developer
    export LOCAL_LIBRARY_DIR\=/Library
    export LOCROOT\=/Users/shashishekhar/Desktop/RestaurantsNearMeIOS/ios/Pods
    export LOCSYMROOT\=/Users/shashishekhar/Desktop/RestaurantsNearMeIOS/ios/Pods
    export MACH_O_TYPE\=staticlib
    export MAC_OS_X_PRODUCT_BUILD_VERSION\=25E246
    export MAC_OS_X_VERSION_ACTUAL\=260400
    export MAC_OS_X_VERSION_MAJOR\=260000
    export MAC_OS_X_VERSION_MINOR\=260400
    export MAKE_MERGEABLE\=NO
    export MERGEABLE_LIBRARY\=NO
    export MERGED_BINARY_TYPE\=none
    export MERGE_LINKED_LIBRARIES\=NO
    export METAL_LIBRARY_FILE_BASE\=default
    export METAL_LIBRARY_OUTPUT_DIR\=/Users/shashishekhar/Library/Developer/Xcode/DerivedData/RestaurantsNearMeIOS-cxlnvzrpmdwxdmausljrqbwijesy/Build/Products/Debug-iphonesimulator/RNScreens/
    export MODULEMAP_FILE\=Headers/Public/RNScreens/RNScreens.modulemap
    export MODULE_CACHE_DIR\=/Users/shashishekhar/Library/Developer/Xcode/DerivedData/ModuleCache.noindex
    export MTL_ENABLE_DEBUG_INFO\=INCLUDE_SOURCE
    export MTL_FAST_MATH\=YES
    export NATIVE_ARCH\=arm64
    export NATIVE_ARCH_32_BIT\=arm
    export NATIVE_ARCH_64_BIT\=arm64
    export NATIVE_ARCH_ACTUAL\=arm64
    export NO_COMMON\=YES
    export OBJC_ABI_VERSION\=2
    export OBJECT_FILE_DIR\=/Users/shashishekhar/Library/Developer/Xcode/DerivedData/RestaurantsNearMeIOS-cxlnvzrpmdwxdmausljrqbwijesy/Build/Intermediates.noindex/Pods.build/Debug-iphonesimulator/RNScreens.build/Objects
    export OBJECT_FILE_DIR_normal\=/Users/shashishekhar/Library/Developer/Xcode/DerivedData/RestaurantsNearMeIOS-cxlnvzrpmdwxdmausljrqbwijesy/Build/Intermediates.noindex/Pods.build/Debug-iphonesimulator/RNScreens.build/Objects-normal
    export OBJROOT\=/Users/shashishekhar/Library/Developer/Xcode/DerivedData/RestaurantsNearMeIOS-cxlnvzrpmdwxdmausljrqbwijesy/Build/Intermediates.noindex
    export ONLY_ACTIVE_ARCH\=NO
    export OS\=MACOS
    export OSAC\=/usr/bin/osacompile
    export OTHER_CFLAGS\=\ -DRCT_REMOVE_LEGACY_ARCH\=1\ -fmodule-map-file\=\"/Users/shashishekhar/Desktop/RestaurantsNearMeIOS/ios/Pods/Headers/Public/ReactCodegen/ReactCodegen.modulemap\"\ \ -DRCT_REMOVE_LEGACY_ARCH\=1\ -ivfsoverlay\ /Users/shashishekhar/Desktop/RestaurantsNearMeIOS/ios/Pods/React-Core-prebuilt/React-VFS.yaml
    export OTHER_CPLUSPLUSFLAGS\=\ -DRCT_REMOVE_LEGACY_ARCH\=1\ -fmodule-map-file\=\"/Users/shashishekhar/Desktop/RestaurantsNearMeIOS/ios/Pods/Headers/Public/ReactCodegen/ReactCodegen.modulemap\"\ \ -DRCT_REMOVE_LEGACY_ARCH\=1\ -ivfsoverlay\ /Users/shashishekhar/Desktop/RestaurantsNearMeIOS/ios/Pods/React-Core-prebuilt/React-VFS.yaml\ -DRCT_REMOVE_LEGACY_ARCH\=1\ \ -DRCT_NEW_ARCH_ENABLED\=1\ \ -ivfsoverlay\ /Users/shashishekhar/Desktop/RestaurantsNearMeIOS/ios/Pods/React-Core-prebuilt/React-VFS.yaml
    export OTHER_SWIFT_FLAGS\=\ -D\ COCOAPODS\ -Xcc\ -fmodule-map-file\=\"/Users/shashishekhar/Desktop/RestaurantsNearMeIOS/ios/Pods/Headers/Public/ReactCodegen/ReactCodegen.modulemap\"\ -import-underlying-module\ -Xcc\ -fmodule-map-file\=\"/Users/shashishekhar/Desktop/RestaurantsNearMeIOS/ios/Pods/Headers/Public/RNScreens/RNScreens.modulemap\"\ \ \ -DRCT_NEW_ARCH_ENABLED\ -Xcc\ -ivfsoverlay\ -Xcc\ /Users/shashishekhar/Desktop/RestaurantsNearMeIOS/ios/Pods/React-Core-prebuilt/React-VFS.yaml
    export PACKAGE_TYPE\=com.apple.package-type.static-library
    export PASCAL_STRINGS\=YES
    export PATH\=/Applications/Xcode.app/Contents/SharedFrameworks/SwiftBuild.framework/Versions/A/PlugIns/SWBBuildService.bundle/Contents/PlugIns/SWBUniversalPlatformPlugin.bundle/Contents/Frameworks/SWBUniversalPlatform.framework/Resources:/Applications/Xcode.app/Contents/Developer/Toolchains/XcodeDefault.xctoolchain/usr/bin:/Applications/Xcode.app/Contents/Developer/Toolchains/XcodeDefault.xctoolchain/usr/local/bin:/Applications/Xcode.app/Contents/Developer/Toolchains/XcodeDefault.xctoolchain/usr/libexec:/Applications/Xcode.app/Contents/Developer/Platforms/iPhoneSimulator.platform/usr/bin:/Applications/Xcode.app/Contents/Developer/Platforms/iPhoneSimulator.platform/usr/local/bin:/Applications/Xcode.app/Contents/Developer/Platforms/iPhoneSimulator.platform/Developer/usr/bin:/Applications/Xcode.app/Contents/Developer/Platforms/iPhoneSimulator.platform/Developer/usr/local/bin:/Applications/Xcode.app/Contents/Developer/usr/bin:/Applications/Xcode.app/Contents/Developer/usr/local/bin:/Users/shashishekhar/Library/Application\ Support/Code/User/globalStorage/github.copilot-chat/debugCommand:/Users/shashishekhar/Library/Application\ Support/Code/User/globalStorage/github.copilot-chat/copilotCli:/usr/local/bin:/System/Cryptexes/App/usr/bin:/usr/bin:/bin:/usr/sbin:/sbin:/var/run/com.apple.security.cryptexd/codex.system/bootstrap/usr/local/bin:/var/run/com.apple.security.cryptexd/codex.system/bootstrap/usr/bin:/var/run/com.apple.security.cryptexd/codex.system/bootstrap/usr/appleinternal/bin:/opt/pkg/env/active/bin:/opt/pmk/env/global/bin:/Library/Apple/usr/bin:/opt/homebrew/bin
    export PATH_PREFIXES_EXCLUDED_FROM_HEADER_DEPENDENCIES\=/usr/include\ /usr/local/include\ /System/Library/Frameworks\ /System/Library/PrivateFrameworks\ /Applications/Xcode.app/Contents/Developer/Headers\ /Applications/Xcode.app/Contents/Developer/SDKs\ /Applications/Xcode.app/Contents/Developer/Platforms
    export PER_ARCH_MODULE_FILE_DIR\=/Users/shashishekhar/Library/Developer/Xcode/DerivedData/RestaurantsNearMeIOS-cxlnvzrpmdwxdmausljrqbwijesy/Build/Intermediates.noindex/Pods.build/Debug-iphonesimulator/RNScreens.build/Objects-normal/undefined_arch
    export PER_ARCH_OBJECT_FILE_DIR\=/Users/shashishekhar/Library/Developer/Xcode/DerivedData/RestaurantsNearMeIOS-cxlnvzrpmdwxdmausljrqbwijesy/Build/Intermediates.noindex/Pods.build/Debug-iphonesimulator/RNScreens.build/Objects-normal/undefined_arch
    export PER_VARIANT_OBJECT_FILE_DIR\=/Users/shashishekhar/Library/Developer/Xcode/DerivedData/RestaurantsNearMeIOS-cxlnvzrpmdwxdmausljrqbwijesy/Build/Intermediates.noindex/Pods.build/Debug-iphonesimulator/RNScreens.build/Objects-normal
    export PKGINFO_FILE_PATH\=/Users/shashishekhar/Library/Developer/Xcode/DerivedData/RestaurantsNearMeIOS-cxlnvzrpmdwxdmausljrqbwijesy/Build/Intermediates.noindex/Pods.build/Debug-iphonesimulator/RNScreens.build/PkgInfo
    export PLATFORM_DEVELOPER_APPLICATIONS_DIR\=/Applications/Xcode.app/Contents/Developer/Platforms/iPhoneSimulator.platform/Developer/Applications
    export PLATFORM_DEVELOPER_BIN_DIR\=/Applications/Xcode.app/Contents/Developer/Platforms/iPhoneSimulator.platform/Developer/usr/bin
    export PLATFORM_DEVELOPER_LIBRARY_DIR\=/Applications/Xcode.app/Contents/Developer/Platforms/iPhoneSimulator.platform/Developer/Library
    export PLATFORM_DEVELOPER_SDK_DIR\=/Applications/Xcode.app/Contents/Developer/Platforms/iPhoneSimulator.platform/Developer/SDKs
    export PLATFORM_DEVELOPER_TOOLS_DIR\=/Applications/Xcode.app/Contents/Developer/Platforms/iPhoneSimulator.platform/Developer/Tools
    export PLATFORM_DEVELOPER_USR_DIR\=/Applications/Xcode.app/Contents/Developer/Platforms/iPhoneSimulator.platform/Developer/usr
    export PLATFORM_DIR\=/Applications/Xcode.app/Contents/Developer/Platforms/iPhoneSimulator.platform
    export PLATFORM_DISPLAY_NAME\=iOS\ Simulator
    export PLATFORM_FAMILY_NAME\=iOS
    export PLATFORM_NAME\=iphonesimulator
    export PLATFORM_PREFERRED_ARCH\=x86_64
    export PLATFORM_PRODUCT_BUILD_VERSION\=23F81a
    export PLATFORM_REQUIRES_SWIFT_AUTOLINK_EXTRACT\=NO
    export PLATFORM_REQUIRES_SWIFT_MODULEWRAP\=NO
    export PLATFORM_USES_DSYMS\=YES
    export PLIST_FILE_OUTPUT_FORMAT\=binary
    export PODFILE_DIR\=/Users/shashishekhar/Desktop/RestaurantsNearMeIOS/ios/Pods/..
    export PODS_BUILD_DIR\=/Users/shashishekhar/Library/Developer/Xcode/DerivedData/RestaurantsNearMeIOS-cxlnvzrpmdwxdmausljrqbwijesy/Build/Products
    export PODS_CONFIGURATION_BUILD_DIR\=/Users/shashishekhar/Library/Developer/Xcode/DerivedData/RestaurantsNearMeIOS-cxlnvzrpmdwxdmausljrqbwijesy/Build/Products/Debug-iphonesimulator
    export PODS_DEVELOPMENT_LANGUAGE\=en
    export PODS_ROOT\=/Users/shashishekhar/Desktop/RestaurantsNearMeIOS/ios/Pods
    export PODS_TARGET_SRCROOT\=/Users/shashishekhar/Desktop/RestaurantsNearMeIOS/ios/Pods/../../node_modules/react-native-screens
    export PODS_XCFRAMEWORKS_BUILD_DIR\=/Users/shashishekhar/Library/Developer/Xcode/DerivedData/RestaurantsNearMeIOS-cxlnvzrpmdwxdmausljrqbwijesy/Build/Products/Debug-iphonesimulator/XCFrameworkIntermediates
    export PRECOMPS_INCLUDE_HEADERS_FROM_BUILT_PRODUCTS_DIR\=YES
    export PRECOMP_DESTINATION_DIR\=/Users/shashishekhar/Library/Developer/Xcode/DerivedData/RestaurantsNearMeIOS-cxlnvzrpmdwxdmausljrqbwijesy/Build/Intermediates.noindex/Pods.build/Debug-iphonesimulator/RNScreens.build/PrefixHeaders
    export PROCESSED_INFOPLIST_PATH\=/Users/shashishekhar/Library/Developer/Xcode/DerivedData/RestaurantsNearMeIOS-cxlnvzrpmdwxdmausljrqbwijesy/Build/Intermediates.noindex/Pods.build/Debug-iphonesimulator/RNScreens.build/Objects-normal/undefined_arch/Processed-Info.plist
    export PRODUCT_BUNDLE_IDENTIFIER\=org.cocoapods.RNScreens
    export PRODUCT_MODULE_NAME\=RNScreens
    export PRODUCT_NAME\=RNScreens
    export PRODUCT_SETTINGS_PATH\=
    export PRODUCT_TYPE\=com.apple.product-type.library.static
    export PROFILING_CODE\=NO
    export PROJECT\=Pods
    export PROJECT_DERIVED_FILE_DIR\=/Users/shashishekhar/Library/Developer/Xcode/DerivedData/RestaurantsNearMeIOS-cxlnvzrpmdwxdmausljrqbwijesy/Build/Intermediates.noindex/Pods.build/DerivedSources
    export PROJECT_DIR\=/Users/shashishekhar/Desktop/RestaurantsNearMeIOS/ios/Pods
    export PROJECT_FILE_PATH\=/Users/shashishekhar/Desktop/RestaurantsNearMeIOS/ios/Pods/Pods.xcodeproj
    export PROJECT_GUID\=8699adb1dd336b26511df848a716bd42
    export PROJECT_NAME\=Pods
    export PROJECT_TEMP_DIR\=/Users/shashishekhar/Library/Developer/Xcode/DerivedData/RestaurantsNearMeIOS-cxlnvzrpmdwxdmausljrqbwijesy/Build/Intermediates.noindex/Pods.build
    export PROJECT_TEMP_ROOT\=/Users/shashishekhar/Library/Developer/Xcode/DerivedData/RestaurantsNearMeIOS-cxlnvzrpmdwxdmausljrqbwijesy/Build/Intermediates.noindex
    export REACT_NATIVE_PATH\=/Users/shashishekhar/Desktop/RestaurantsNearMeIOS/ios/Pods/../../node_modules/react-native
    export RECOMMENDED_IPHONEOS_DEPLOYMENT_TARGET\=15.0
    export RECURSIVE_SEARCH_PATHS_FOLLOW_SYMLINKS\=YES
    export REMOVE_CVS_FROM_RESOURCES\=YES
    export REMOVE_GIT_FROM_RESOURCES\=YES
    export REMOVE_HEADERS_FROM_EMBEDDED_BUNDLES\=YES
    export REMOVE_HG_FROM_RESOURCES\=YES
    export REMOVE_STATIC_EXECUTABLES_FROM_EMBEDDED_BUNDLES\=YES
    export REMOVE_SVN_FROM_RESOURCES\=YES
    export RESCHEDULE_INDEPENDENT_HEADERS_PHASES\=YES
    export REZ_COLLECTOR_DIR\=/Users/shashishekhar/Library/Developer/Xcode/DerivedData/RestaurantsNearMeIOS-cxlnvzrpmdwxdmausljrqbwijesy/Build/Intermediates.noindex/Pods.build/Debug-iphonesimulator/RNScreens.build/ResourceManagerResources
    export REZ_EXECUTABLE\=YES
    export REZ_OBJECTS_DIR\=/Users/shashishekhar/Library/Developer/Xcode/DerivedData/RestaurantsNearMeIOS-cxlnvzrpmdwxdmausljrqbwijesy/Build/Intermediates.noindex/Pods.build/Debug-iphonesimulator/RNScreens.build/ResourceManagerResources/Objects
    export REZ_SEARCH_PATHS\=/Users/shashishekhar/Library/Developer/Xcode/DerivedData/RestaurantsNearMeIOS-cxlnvzrpmdwxdmausljrqbwijesy/Build/Products/Debug-iphonesimulator/RNScreens\ 
    export RPATH_ORIGIN\=@loader_path
    export RUNTIME_EXCEPTION_ALLOW_DYLD_ENVIRONMENT_VARIABLES\=NO
    export RUNTIME_EXCEPTION_ALLOW_JIT\=NO
    export RUNTIME_EXCEPTION_ALLOW_UNSIGNED_EXECUTABLE_MEMORY\=NO
    export RUNTIME_EXCEPTION_DEBUGGING_TOOL\=NO
    export RUNTIME_EXCEPTION_DISABLE_EXECUTABLE_PAGE_PROTECTION\=NO
    export RUNTIME_EXCEPTION_DISABLE_LIBRARY_VALIDATION\=NO
    export SCANNING_PCM_KEEP_CACHE_DIRECTORY\=YES
    export SCAN_ALL_SOURCE_FILES_FOR_INCLUDES\=NO
    export SCRIPT_INPUT_FILE_0\=/Users/shashishekhar/Library/Developer/Xcode/DerivedData/RestaurantsNearMeIOS-cxlnvzrpmdwxdmausljrqbwijesy/Build/Intermediates.noindex/Pods.build/Debug-iphonesimulator/RNScreens.build/DerivedSources/RNScreens-Swift.h
    export SCRIPT_INPUT_FILE_1\=/Users/shashishekhar/Desktop/RestaurantsNearMeIOS/ios/Pods/Headers/Public/RNScreens/RNScreens.modulemap
    export SCRIPT_INPUT_FILE_2\=/Users/shashishekhar/Desktop/RestaurantsNearMeIOS/ios/Pods/Headers/Public/RNScreens/RNScreens-umbrella.h
    export SCRIPT_INPUT_FILE_COUNT\=3
    export SCRIPT_INPUT_FILE_LIST_COUNT\=0
    export SCRIPT_OUTPUT_FILE_0\=/Users/shashishekhar/Library/Developer/Xcode/DerivedData/RestaurantsNearMeIOS-cxlnvzrpmdwxdmausljrqbwijesy/Build/Products/Debug-iphonesimulator/RNScreens/RNScreens.modulemap
    export SCRIPT_OUTPUT_FILE_1\=/Users/shashishekhar/Library/Developer/Xcode/DerivedData/RestaurantsNearMeIOS-cxlnvzrpmdwxdmausljrqbwijesy/Build/Products/Debug-iphonesimulator/RNScreens/RNScreens-umbrella.h
    export SCRIPT_OUTPUT_FILE_2\=/Users/shashishekhar/Library/Developer/Xcode/DerivedData/RestaurantsNearMeIOS-cxlnvzrpmdwxdmausljrqbwijesy/Build/Products/Debug-iphonesimulator/RNScreens/Swift\ Compatibility\ Header/RNScreens-Swift.h
    export SCRIPT_OUTPUT_FILE_COUNT\=3
    export SCRIPT_OUTPUT_FILE_LIST_COUNT\=0
    export SDKROOT\=/Applications/Xcode.app/Contents/Developer/Platforms/iPhoneSimulator.platform/Developer/SDKs/iPhoneSimulator26.5.sdk
    export SDK_DIR\=/Applications/Xcode.app/Contents/Developer/Platforms/iPhoneSimulator.platform/Developer/SDKs/iPhoneSimulator26.5.sdk
    export SDK_DIR_iphonesimulator\=/Applications/Xcode.app/Contents/Developer/Platforms/iPhoneSimulator.platform/Developer/SDKs/iPhoneSimulator26.5.sdk
    export SDK_DIR_iphonesimulator26_5\=/Applications/Xcode.app/Contents/Developer/Platforms/iPhoneSimulator.platform/Developer/SDKs/iPhoneSimulator26.5.sdk
    export SDK_NAME\=iphonesimulator26.5
    export SDK_NAMES\=iphonesimulator26.5
    export SDK_PRODUCT_BUILD_VERSION\=23F81a
    export SDK_STAT_CACHE_DIR\=/Users/shashishekhar/Library/Developer/Xcode/DerivedData
    export SDK_STAT_CACHE_ENABLE\=YES
    export SDK_STAT_CACHE_PATH\=/Users/shashishekhar/Library/Developer/Xcode/DerivedData/SDKStatCaches.noindex/iphonesimulator26.5-23F81a-6cfe768891a92b912361537c460fe42b.sdkstatcache
    export SDK_VERSION\=26.5
    export SDK_VERSION_ACTUAL\=260500
    export SDK_VERSION_MAJOR\=260000
    export SDK_VERSION_MINOR\=260500
    export SED\=/usr/bin/sed
    export SEPARATE_STRIP\=NO
    export SEPARATE_SYMBOL_EDIT\=NO
    export SET_DIR_MODE_OWNER_GROUP\=YES
    export SET_FILE_MODE_OWNER_GROUP\=NO
    export SHALLOW_BUNDLE\=NO
    export SHARED_DERIVED_FILE_DIR\=/Users/shashishekhar/Library/Developer/Xcode/DerivedData/RestaurantsNearMeIOS-cxlnvzrpmdwxdmausljrqbwijesy/Build/Products/Debug-iphonesimulator/RNScreens/DerivedSources
    export SHARED_PRECOMPS_DIR\=/Users/shashishekhar/Library/Developer/Xcode/DerivedData/RestaurantsNearMeIOS-cxlnvzrpmdwxdmausljrqbwijesy/Build/Intermediates.noindex/PrecompiledHeaders
    export SKIP_INSTALL\=YES
    export SKIP_MERGEABLE_LIBRARY_BUNDLE_HOOK\=NO
    export SOURCE_ROOT\=/Users/shashishekhar/Desktop/RestaurantsNearMeIOS/ios/Pods
    export SRCROOT\=/Users/shashishekhar/Desktop/RestaurantsNearMeIOS/ios/Pods
    export STRINGSDATA_DIR\=/Users/shashishekhar/Library/Developer/Xcode/DerivedData/RestaurantsNearMeIOS-cxlnvzrpmdwxdmausljrqbwijesy/Build/Intermediates.noindex/Pods.build/Debug-iphonesimulator/RNScreens.build/Objects-normal/undefined_arch
    export STRINGSDATA_ROOT\=/Users/shashishekhar/Library/Developer/Xcode/DerivedData/RestaurantsNearMeIOS-cxlnvzrpmdwxdmausljrqbwijesy/Build/Intermediates.noindex/Pods.build/Debug-iphonesimulator/RNScreens.build
    export STRINGS_FILE_INFOPLIST_RENAME\=YES
    export STRINGS_FILE_OUTPUT_ENCODING\=binary
    export STRING_CATALOG_GENERATE_SYMBOLS\=NO
    export STRIP_BITCODE_FROM_COPIED_FILES\=NO
    export STRIP_INSTALLED_PRODUCT\=NO
    export STRIP_STYLE\=debugging
    export STRIP_SWIFT_SYMBOLS\=YES
    export SUPPORTED_DEVICE_FAMILIES\=1,2
    export SUPPORTED_PLATFORMS\=iphoneos\ iphonesimulator
    export SUPPORTS_TEXT_BASED_API\=NO
    export SUPPRESS_WARNINGS\=NO
    export SWIFT_ACTIVE_COMPILATION_CONDITIONS\=\ DEBUG\ 
    export SWIFT_EMIT_CONST_VALUE_PROTOCOLS\=AnyResolverProviding\ AppEntity\ AppEnum\ AppExtension\ AppIntent\ AppIntentsPackage\ AppShortcutProviding\ AppShortcutsProvider\ AppUnionValue\ AppUnionValueCasesProviding\ DynamicOptionsProvider\ EntityQuery\ ExtensionPointDefining\ IntentValueQuery\ Resolver\ TransientEntity\ _AssistantIntentsProvider\ _GenerativeFunctionExtractable\ _IntentValueRepresentable
    export SWIFT_EMIT_LOC_STRINGS\=NO
    export SWIFT_ENABLE_EXPLICIT_MODULES\=NO
    export SWIFT_INSTALL_OBJC_HEADER\=YES
    export SWIFT_OPTIMIZATION_LEVEL\=-Onone
    export SWIFT_PLATFORM_TARGET_PREFIX\=ios
    export SWIFT_RESPONSE_FILE_PATH_normal_arm64\=/Users/shashishekhar/Library/Developer/Xcode/DerivedData/RestaurantsNearMeIOS-cxlnvzrpmdwxdmausljrqbwijesy/Build/Intermediates.noindex/Pods.build/Debug-iphonesimulator/RNScreens.build/Objects-normal/arm64/RNScreens.SwiftFileList
    export SWIFT_RESPONSE_FILE_PATH_normal_x86_64\=/Users/shashishekhar/Library/Developer/Xcode/DerivedData/RestaurantsNearMeIOS-cxlnvzrpmdwxdmausljrqbwijesy/Build/Intermediates.noindex/Pods.build/Debug-iphonesimulator/RNScreens.build/Objects-normal/x86_64/RNScreens.SwiftFileList
    export SWIFT_VERSION\=5.0
    export SYMROOT\=/Users/shashishekhar/Library/Developer/Xcode/DerivedData/RestaurantsNearMeIOS-cxlnvzrpmdwxdmausljrqbwijesy/Build/Products
    export SYSTEM_ADMIN_APPS_DIR\=/Applications/Utilities
    export SYSTEM_APPS_DIR\=/Applications
    export SYSTEM_CORE_SERVICES_DIR\=/System/Library/CoreServices
    export SYSTEM_DEMOS_DIR\=/Applications/Extras
    export SYSTEM_DEVELOPER_APPS_DIR\=/Applications/Xcode.app/Contents/Developer/Applications
    export SYSTEM_DEVELOPER_BIN_DIR\=/Applications/Xcode.app/Contents/Developer/usr/bin
    export SYSTEM_DEVELOPER_DEMOS_DIR\=/Applications/Xcode.app/Contents/Developer/Applications/Utilities/Built\ Examples
    export SYSTEM_DEVELOPER_DIR\=/Applications/Xcode.app/Contents/Developer
    export SYSTEM_DEVELOPER_DOC_DIR\=/Applications/Xcode.app/Contents/Developer/ADC\ Reference\ Library
    export SYSTEM_DEVELOPER_GRAPHICS_TOOLS_DIR\=/Applications/Xcode.app/Contents/Developer/Applications/Graphics\ Tools
    export SYSTEM_DEVELOPER_JAVA_TOOLS_DIR\=/Applications/Xcode.app/Contents/Developer/Applications/Java\ Tools
    export SYSTEM_DEVELOPER_PERFORMANCE_TOOLS_DIR\=/Applications/Xcode.app/Contents/Developer/Applications/Performance\ Tools
    export SYSTEM_DEVELOPER_RELEASENOTES_DIR\=/Applications/Xcode.app/Contents/Developer/ADC\ Reference\ Library/releasenotes
    export SYSTEM_DEVELOPER_TOOLS\=/Applications/Xcode.app/Contents/Developer/Tools
    export SYSTEM_DEVELOPER_TOOLS_DOC_DIR\=/Applications/Xcode.app/Contents/Developer/ADC\ Reference\ Library/documentation/DeveloperTools
    export SYSTEM_DEVELOPER_TOOLS_RELEASENOTES_DIR\=/Applications/Xcode.app/Contents/Developer/ADC\ Reference\ Library/releasenotes/DeveloperTools
    export SYSTEM_DEVELOPER_USR_DIR\=/Applications/Xcode.app/Contents/Developer/usr
    export SYSTEM_DEVELOPER_UTILITIES_DIR\=/Applications/Xcode.app/Contents/Developer/Applications/Utilities
    export SYSTEM_DEXT_INSTALL_PATH\=/System/Library/DriverExtensions
    export SYSTEM_DOCUMENTATION_DIR\=/Library/Documentation
    export SYSTEM_KEXT_INSTALL_PATH\=/System/Library/Extensions
    export SYSTEM_LIBRARY_DIR\=/System/Library
    export TAPI_DEMANGLE\=YES
    export TAPI_ENABLE_PROJECT_HEADERS\=NO
    export TAPI_LANGUAGE\=objective-c
    export TAPI_LANGUAGE_STANDARD\=compiler-default
    export TAPI_USE_SRCROOT\=YES
    export TAPI_VERIFY_MODE\=Pedantic
    export TARGETED_DEVICE_FAMILY\=1,2
    export TARGETNAME\=RNScreens
    export TARGET_BUILD_DIR\=/Users/shashishekhar/Library/Developer/Xcode/DerivedData/RestaurantsNearMeIOS-cxlnvzrpmdwxdmausljrqbwijesy/Build/Products/Debug-iphonesimulator/RNScreens
    export TARGET_NAME\=RNScreens
    export TARGET_TEMP_DIR\=/Users/shashishekhar/Library/Developer/Xcode/DerivedData/RestaurantsNearMeIOS-cxlnvzrpmdwxdmausljrqbwijesy/Build/Intermediates.noindex/Pods.build/Debug-iphonesimulator/RNScreens.build
    export TEMP_DIR\=/Users/shashishekhar/Library/Developer/Xcode/DerivedData/RestaurantsNearMeIOS-cxlnvzrpmdwxdmausljrqbwijesy/Build/Intermediates.noindex/Pods.build/Debug-iphonesimulator/RNScreens.build
    export TEMP_FILES_DIR\=/Users/shashishekhar/Library/Developer/Xcode/DerivedData/RestaurantsNearMeIOS-cxlnvzrpmdwxdmausljrqbwijesy/Build/Intermediates.noindex/Pods.build/Debug-iphonesimulator/RNScreens.build
    export TEMP_FILE_DIR\=/Users/shashishekhar/Library/Developer/Xcode/DerivedData/RestaurantsNearMeIOS-cxlnvzrpmdwxdmausljrqbwijesy/Build/Intermediates.noindex/Pods.build/Debug-iphonesimulator/RNScreens.build
    export TEMP_ROOT\=/Users/shashishekhar/Library/Developer/Xcode/DerivedData/RestaurantsNearMeIOS-cxlnvzrpmdwxdmausljrqbwijesy/Build/Intermediates.noindex
    export TEMP_SANDBOX_DIR\=/Users/shashishekhar/Library/Developer/Xcode/DerivedData/RestaurantsNearMeIOS-cxlnvzrpmdwxdmausljrqbwijesy/Build/Intermediates.noindex/TemporaryTaskSandboxes
    export TEST_FRAMEWORK_SEARCH_PATHS\=\ /Applications/Xcode.app/Contents/Developer/Platforms/iPhoneSimulator.platform/Developer/Library/Frameworks\ /Applications/Xcode.app/Contents/Developer/Platforms/iPhoneSimulator.platform/Developer/SDKs/iPhoneSimulator26.5.sdk/Developer/Library/Frameworks
    export TEST_LIBRARY_SEARCH_PATHS\=\ /Applications/Xcode.app/Contents/Developer/Platforms/iPhoneSimulator.platform/Developer/usr/lib
    export TOOLCHAINS\=com.apple.dt.toolchain.XcodeDefault
    export TOOLCHAIN_DIR\=/Applications/Xcode.app/Contents/Developer/Toolchains/XcodeDefault.xctoolchain
    export TREAT_MISSING_BASELINES_AS_TEST_FAILURES\=NO
    export TREAT_MISSING_SCRIPT_PHASE_OUTPUTS_AS_ERRORS\=NO
    export UID\=501
    export UNINSTALLED_PRODUCTS_DIR\=/Users/shashishekhar/Library/Developer/Xcode/DerivedData/RestaurantsNearMeIOS-cxlnvzrpmdwxdmausljrqbwijesy/Build/Intermediates.noindex/UninstalledProducts
    export UNSTRIPPED_PRODUCT\=NO
    export USER\=shashishekhar
    export USER_APPS_DIR\=/Users/shashishekhar/Applications
    export USER_LIBRARY_DIR\=/Users/shashishekhar/Library
    export USE_DYNAMIC_NO_PIC\=YES
    export USE_HEADERMAP\=YES
    export USE_HEADER_SYMLINKS\=NO
    export USE_HERMES\=true
    export USE_RECURSIVE_SCRIPT_INPUTS_IN_SCRIPT_PHASES\=YES
    export VALIDATE_DEVELOPMENT_ASSET_PATHS\=YES_ERROR
    export VALIDATE_PRODUCT\=NO
    export VALID_ARCHS\=arm64\ x86_64
    export VERBOSE_PBXCP\=NO
    export VERSION_INFO_BUILDER\=shashishekhar
    export VERSION_INFO_FILE\=RNScreens_vers.c
    export VERSION_INFO_STRING\=\"@\(\#\)PROGRAM:RNScreens\ \ PROJECT:Pods-\"
    export WORKSPACE_DIR\=/Users/shashishekhar/Desktop/RestaurantsNearMeIOS/ios
    export WRAP_ASSET_PACKS_IN_SEPARATE_DIRECTORIES\=NO
    export XCODE_APP_SUPPORT_DIR\=/Applications/Xcode.app/Contents/Developer/Library/Xcode
    export XCODE_PRODUCT_BUILD_VERSION\=17F113
    export XCODE_VERSION_ACTUAL\=2660
    export XCODE_VERSION_MAJOR\=2600
    export XCODE_VERSION_MINOR\=2660
    export XPCSERVICES_FOLDER_PATH\=/XPCServices
    export YACC\=yacc
    export _DISCOVER_COMMAND_LINE_LINKER_INPUTS\=YES
    export _DISCOVER_COMMAND_LINE_LINKER_INPUTS_INCLUDE_WL\=YES
    export _LD_MULTIARCH\=YES
    export __DIAGNOSE_DEPRECATED_ARCHS\=YES
    export __ORIGINAL_SDK_DEFINED_LLVM_TARGET_TRIPLE_SYS\=ios
    export arch\=undefined_arch
    export variant\=normal
    /bin/sh -c /Users/shashishekhar/Library/Developer/Xcode/DerivedData/RestaurantsNearMeIOS-cxlnvzrpmdwxdmausljrqbwijesy/Build/Intermediates.noindex/Pods.build/Debug-iphonesimulator/RNScreens.build/Script-46EB2E000171B0.sh

SwiftCompile normal arm64 Compiling\ PagerViewProvider.swift /Users/shashishekhar/Desktop/RestaurantsNearMeIOS/node_modules/react-native-pager-view/ios/PagerViewProvider.swift (in target 'react-native-pager-view' from project 'Pods')
SwiftCompile normal arm64 /Users/shashishekhar/Desktop/RestaurantsNearMeIOS/node_modules/react-native-pager-view/ios/PagerViewProvider.swift (in target 'react-native-pager-view' from project 'Pods')
    cd /Users/shashishekhar/Desktop/RestaurantsNearMeIOS/ios/Pods
    

SwiftCompile normal arm64 Compiling\ Extensions.swift /Users/shashishekhar/Desktop/RestaurantsNearMeIOS/node_modules/react-native-pager-view/ios/Extensions.swift (in target 'react-native-pager-view' from project 'Pods')

SwiftCompile normal arm64 /Users/shashishekhar/Desktop/RestaurantsNearMeIOS/node_modules/react-native-pager-view/ios/Extensions.swift (in target 'react-native-pager-view' from project 'Pods')
    cd /Users/shashishekhar/Desktop/RestaurantsNearMeIOS/ios/Pods
    

SwiftCompile normal arm64 Compiling\ PagerViewProps.swift /Users/shashishekhar/Desktop/RestaurantsNearMeIOS/node_modules/react-native-pager-view/ios/PagerViewProps.swift (in target 'react-native-pager-view' from project 'Pods')

SwiftCompile normal arm64 /Users/shashishekhar/Desktop/RestaurantsNearMeIOS/node_modules/react-native-pager-view/ios/PagerViewProps.swift (in target 'react-native-pager-view' from project 'Pods')
    cd /Users/shashishekhar/Desktop/RestaurantsNearMeIOS/ios/Pods
    

SwiftCompile normal arm64 Compiling\ PagerScrollDelegate.swift /Users/shashishekhar/Desktop/RestaurantsNearMeIOS/node_modules/react-native-pager-view/ios/PagerScrollDelegate.swift (in target 'react-native-pager-view' from project 'Pods')
SwiftCompile normal arm64 /Users/shashishekhar/Desktop/RestaurantsNearMeIOS/node_modules/react-native-pager-view/ios/PagerScrollDelegate.swift (in target 'react-native-pager-view' from project 'Pods')
    cd /Users/shashishekhar/Desktop/RestaurantsNearMeIOS/ios/Pods
    

SwiftEmitModule normal arm64 Emitting\ module\ for\ react_native_pager_view (in target 'react-native-pager-view' from project 'Pods')

EmitSwiftModule normal arm64 (in target 'react-native-pager-view' from project 'Pods')
    cd /Users/shashishekhar/Desktop/RestaurantsNearMeIOS/ios/Pods
    

SwiftCompile normal arm64 Compiling\ PagerView.swift /Users/shashishekhar/Desktop/RestaurantsNearMeIOS/node_modules/react-native-pager-view/ios/PagerView.swift (in target 'react-native-pager-view' from project 'Pods')
SwiftCompile normal arm64 /Users/shashishekhar/Desktop/RestaurantsNearMeIOS/node_modules/react-native-pager-view/ios/PagerView.swift (in target 'react-native-pager-view' from project 'Pods')
    cd /Users/shashishekhar/Desktop/RestaurantsNearMeIOS/ios/Pods
    

CompileC /Users/shashishekhar/Library/Developer/Xcode/DerivedData/RestaurantsNearMeIOS-cxlnvzrpmdwxdmausljrqbwijesy/Build/Intermediates.noindex/Pods.build/Debug-iphonesimulator/react-native-maps.build/Objects-normal/arm64/PlaceHolderGoogleMapView.o /Users/shashishekhar/Desktop/RestaurantsNearMeIOS/node_modules/react-native-maps/ios/AirMaps/FabricPlaceholders/PlaceHolderGoogleMapView.mm normal arm64 objective-c++ com.apple.compilers.llvm.clang.1_0.compiler (in target 'react-native-maps' from project 'Pods')
    cd /Users/shashishekhar/Desktop/RestaurantsNearMeIOS/ios/Pods
    
    Using response file: /Users/shashishekhar/Library/Developer/Xcode/DerivedData/RestaurantsNearMeIOS-cxlnvzrpmdwxdmausljrqbwijesy/Build/Intermediates.noindex/Pods.build/Debug-iphonesimulator/react-native-maps.build/Objects-normal/arm64/af3fcb34312c57c0f52879cdce924b91-common-args.resp
    
    /Applications/Xcode.app/Contents/Developer/Toolchains/XcodeDefault.xctoolchain/usr/bin/clang -x objective-c++ -ivfsstatcache /Users/shashishekhar/Library/Developer/Xcode/DerivedData/SDKStatCaches.noindex/iphonesimulator26.5-23F81a-6cfe768891a92b912361537c460fe42b.sdkstatcache -target arm64-apple-ios15.1-simulator -fmessage-length\=0 -fdiagnostics-show-note-include-stack -fmacro-backtrace-limit\=0 -fno-color-diagnostics -fmodules-prune-interval\=86400 -fmodules-prune-after\=345600 -fbuild-session-file\=/Users/shashishekhar/Library/Developer/Xcode/DerivedData/ModuleCache.noindex/Session.modulevalidation -fmodules-validate-once-per-build-session -Wno-trigraphs -Wno-missing-field-initializers -Wno-missing-prototypes -Werror\=return-type -Wdocumentation -Wunreachable-code -Wno-implicit-atomic-properties -Werror\=deprecated-objc-isa-usage -Wno-objc-interface-ivars -Werror\=objc-root-class -Wno-arc-repeated-use-of-weak -Wimplicit-retain-self -Wno-non-virtual-dtor -Wno-overloaded-virtual -Wno-exit-time-destructors -Wduplicate-method-match -Wno-missing-braces -Wparentheses -Wswitch -Wunused-function -Wno-unused-label -Wno-unused-parameter -Wunused-variable -Wunused-value -Wempty-body -Wuninitialized -Wconditional-uninitialized -Wno-unknown-pragmas -Wno-shadow -Wno-four-char-constants -Wno-conversion -Wconstant-conversion -Wint-conversion -Wbool-conversion -Wenum-conversion -Wno-float-conversion -Wnon-literal-null-conversion -Wobjc-literal-conversion -Wshorten-64-to-32 -Wno-newline-eof -Wno-selector -Wno-strict-selector-match -Wundeclared-selector -Wdeprecated-implementations -Wno-c++11-extensions -Wno-implicit-fallthrough -isysroot /Applications/Xcode.app/Contents/Developer/Platforms/iPhoneSimulator.platform/Developer/SDKs/iPhoneSimulator26.5.sdk -fstrict-aliasing -Wprotocol -Wdeprecated-declarations -Winvalid-offsetof -Wno-sign-conversion -Winfinite-recursion -Wmove -Wcomma -Wblock-capture-autoreleasing -Wstrict-prototypes -Wrange-loop-analysis -Wno-semicolon-before-method-body -Wunguarded-availability -index-store-path /Users/shashishekhar/Library/Developer/Xcode/DerivedData/RestaurantsNearMeIOS-cxlnvzrpmdwxdmausljrqbwijesy/Index.noindex/DataStore @/Users/shashishekhar/Library/Developer/Xcode/DerivedData/RestaurantsNearMeIOS-cxlnvzrpmdwxdmausljrqbwijesy/Build/Intermediates.noindex/Pods.build/Debug-iphonesimulator/react-native-maps.build/Objects-normal/arm64/af3fcb34312c57c0f52879cdce924b91-common-args.resp -DFOLLY_MOBILE\=1 -DFOLLY_USE_LIBCPP\=1 -DFOLLY_CFG_NO_COROUTINES\=1 -DFOLLY_HAVE_CLOCK_GETTIME\=1 -Wno-comma -Wno-shorten-64-to-32 -DRCT_NEW_ARCH_ENABLED\=1 -include /Users/shashishekhar/Desktop/RestaurantsNearMeIOS/ios/Pods/Target\ Support\ Files/react-native-maps/react-native-maps-prefix.pch -MMD -MT dependencies -MF /Users/shashishekhar/Library/Developer/Xcode/DerivedData/RestaurantsNearMeIOS-cxlnvzrpmdwxdmausljrqbwijesy/Build/Intermediates.noindex/Pods.build/Debug-iphonesimulator/react-native-maps.build/Objects-normal/arm64/PlaceHolderGoogleMapView.d --serialize-diagnostics /Users/shashishekhar/Library/Developer/Xcode/DerivedData/RestaurantsNearMeIOS-cxlnvzrpmdwxdmausljrqbwijesy/Build/Intermediates.noindex/Pods.build/Debug-iphonesimulator/react-native-maps.build/Objects-normal/arm64/PlaceHolderGoogleMapView.dia -c /Users/shashishekhar/Desktop/RestaurantsNearMeIOS/node_modules/react-native-maps/ios/AirMaps/FabricPlaceholders/PlaceHolderGoogleMapView.mm -o /Users/shashishekhar/Library/Developer/Xcode/DerivedData/RestaurantsNearMeIOS-cxlnvzrpmdwxdmausljrqbwijesy/Build/Intermediates.noindex/Pods.build/Debug-iphonesimulator/react-native-maps.build/Objects-normal/arm64/PlaceHolderGoogleMapView.o -index-unit-output-path /Pods.build/Debug-iphonesimulator/react-native-maps.build/Objects-normal/arm64/PlaceHolderGoogleMapView.o

ScanDependencies /Users/shashishekhar/Library/Developer/Xcode/DerivedData/RestaurantsNearMeIOS-cxlnvzrpmdwxdmausljrqbwijesy/Build/Intermediates.noindex/Pods.build/Debug-iphonesimulator/react-native-config.build/Objects-normal/arm64/GeneratedDotEnv.o /Users/shashishekhar/Desktop/RestaurantsNearMeIOS/node_modules/react-native-config/ios/ReactNativeConfig/GeneratedDotEnv.m normal arm64 objective-c com.apple.compilers.llvm.clang.1_0.compiler (in target 'react-native-config' from project 'Pods')
    cd /Users/shashishekhar/Desktop/RestaurantsNearMeIOS/ios/Pods
    
    Using response file: /Users/shashishekhar/Library/Developer/Xcode/DerivedData/RestaurantsNearMeIOS-cxlnvzrpmdwxdmausljrqbwijesy/Build/Intermediates.noindex/Pods.build/Debug-iphonesimulator/react-native-config.build/Objects-normal/arm64/e6072d4f65d7061329687fe24e3d63a7-common-args.resp
    
    builtin-ScanDependencies -o /Users/shashishekhar/Library/Developer/Xcode/DerivedData/RestaurantsNearMeIOS-cxlnvzrpmdwxdmausljrqbwijesy/Build/Intermediates.noindex/Pods.build/Debug-iphonesimulator/react-native-config.build/Objects-normal/arm64/GeneratedDotEnv.o.scan -- /Applications/Xcode.app/Contents/Developer/Toolchains/XcodeDefault.xctoolchain/usr/bin/clang -x objective-c -ivfsstatcache /Users/shashishekhar/Library/Developer/Xcode/DerivedData/SDKStatCaches.noindex/iphonesimulator26.5-23F81a-6cfe768891a92b912361537c460fe42b.sdkstatcache -target arm64-apple-ios15.1-simulator -fmessage-length\=0 -fdiagnostics-show-note-include-stack -fmacro-backtrace-limit\=0 -fno-color-diagnostics -fmodules-prune-interval\=86400 -fmodules-prune-after\=345600 -fbuild-session-file\=/Users/shashishekhar/Library/Developer/Xcode/DerivedData/ModuleCache.noindex/Session.modulevalidation -fmodules-validate-once-per-build-session -Wno-trigraphs -Wno-missing-field-initializers -Wno-missing-prototypes -Werror\=return-type -Wdocumentation -Wunreachable-code -Wno-implicit-atomic-properties -Werror\=deprecated-objc-isa-usage -Wno-objc-interface-ivars -Werror\=objc-root-class -Wno-arc-repeated-use-of-weak -Wimplicit-retain-self -Wduplicate-method-match -Wno-missing-braces -Wparentheses -Wswitch -Wunused-function -Wno-unused-label -Wno-unused-parameter -Wunused-variable -Wunused-value -Wempty-body -Wuninitialized -Wconditional-uninitialized -Wno-unknown-pragmas -Wno-shadow -Wno-four-char-constants -Wno-conversion -Wconstant-conversion -Wint-conversion -Wbool-conversion -Wenum-conversion -Wno-float-conversion -Wnon-literal-null-conversion -Wobjc-literal-conversion -Wshorten-64-to-32 -Wpointer-sign -Wno-newline-eof -Wno-selector -Wno-strict-selector-match -Wundeclared-selector -Wdeprecated-implementations -Wno-implicit-fallthrough -isysroot /Applications/Xcode.app/Contents/Developer/Platforms/iPhoneSimulator.platform/Developer/SDKs/iPhoneSimulator26.5.sdk -fstrict-aliasing -Wprotocol -Wdeprecated-declarations -Wno-sign-conversion -Winfinite-recursion -Wcomma -Wblock-capture-autoreleasing -Wstrict-prototypes -Wno-semicolon-before-method-body -Wunguarded-availability -index-store-path /Users/shashishekhar/Library/Developer/Xcode/DerivedData/RestaurantsNearMeIOS-cxlnvzrpmdwxdmausljrqbwijesy/Index.noindex/DataStore @/Users/shashishekhar/Library/Developer/Xcode/DerivedData/RestaurantsNearMeIOS-cxlnvzrpmdwxdmausljrqbwijesy/Build/Intermediates.noindex/Pods.build/Debug-iphonesimulator/react-native-config.build/Objects-normal/arm64/e6072d4f65d7061329687fe24e3d63a7-common-args.resp -DRCT_NEW_ARCH_ENABLED\=1 -include /Users/shashishekhar/Desktop/RestaurantsNearMeIOS/ios/Pods/Target\ Support\ Files/react-native-config/react-native-config-prefix.pch -MMD -MT dependencies -MF /Users/shashishekhar/Library/Developer/Xcode/DerivedData/RestaurantsNearMeIOS-cxlnvzrpmdwxdmausljrqbwijesy/Build/Intermediates.noindex/Pods.build/Debug-iphonesimulator/react-native-config.build/Objects-normal/arm64/GeneratedDotEnv.d --serialize-diagnostics /Users/shashishekhar/Library/Developer/Xcode/DerivedData/RestaurantsNearMeIOS-cxlnvzrpmdwxdmausljrqbwijesy/Build/Intermediates.noindex/Pods.build/Debug-iphonesimulator/react-native-config.build/Objects-normal/arm64/GeneratedDotEnv.dia -c /Users/shashishekhar/Desktop/RestaurantsNearMeIOS/node_modules/react-native-config/ios/ReactNativeConfig/GeneratedDotEnv.m -o /Users/shashishekhar/Library/Developer/Xcode/DerivedData/RestaurantsNearMeIOS-cxlnvzrpmdwxdmausljrqbwijesy/Build/Intermediates.noindex/Pods.build/Debug-iphonesimulator/react-native-config.build/Objects-normal/arm64/GeneratedDotEnv.o -index-unit-output-path /Pods.build/Debug-iphonesimulator/react-native-config.build/Objects-normal/arm64/GeneratedDotEnv.o

PhaseScriptExecution Copy\ generated\ compatibility\ header /Users/shashishekhar/Library/Developer/Xcode/DerivedData/RestaurantsNearMeIOS-cxlnvzrpmdwxdmausljrqbwijesy/Build/Intermediates.noindex/Pods.build/Debug-iphonesimulator/AsyncStorage.build/Script-46EB2E00014D80.sh (in target 'AsyncStorage' from project 'Pods')
    cd /Users/shashishekhar/Desktop/RestaurantsNearMeIOS/ios/Pods
    export ACTION\=build
    export AD_HOC_CODE_SIGNING_ALLOWED\=YES
    export ALLOW_BUILD_REQUEST_OVERRIDES\=NO
    export ALLOW_TARGET_PLATFORM_SPECIALIZATION\=NO
    export ALTERNATE_GROUP\=staff
    export ALTERNATE_MODE\=u+w,go-w,a+rX
    export ALTERNATE_OWNER\=shashishekhar
    export ALTERNATIVE_DISTRIBUTION_WEB\=NO
    export ALWAYS_EMBED_SWIFT_STANDARD_LIBRARIES\=NO
    export ALWAYS_SEARCH_USER_PATHS\=NO
    export ALWAYS_USE_SEPARATE_HEADERMAPS\=NO
    export APPLICATION_EXTENSION_API_ONLY\=NO
    export APPLY_RULES_IN_COPY_FILES\=NO
    export APPLY_RULES_IN_COPY_HEADERS\=NO
    export APP_SHORTCUTS_ENABLE_FLEXIBLE_MATCHING\=YES
    export ARCHS\=arm64\ x86_64
    export ARCHS_BASE\=arm64\ x86_64
    export ARCHS_STANDARD\=arm64\ x86_64
    export ARCHS_STANDARD_32_64_BIT\=arm64\ x86_64
    export ARCHS_STANDARD_64_BIT\=arm64\ x86_64
    export ARCHS_STANDARD_INCLUDING_64_BIT\=arm64\ x86_64
    export ARCHS_UNIVERSAL_IPHONE_OS\=arm64\ x86_64
    export AUTOMATICALLY_MERGE_DEPENDENCIES\=NO
    export AUTOMATION_APPLE_EVENTS\=NO
    export AVAILABLE_PLATFORMS\=android\ appletvos\ appletvsimulator\ driverkit\ freebsd\ iphoneos\ iphonesimulator\ linux\ macosx\ none\ openbsd\ qnx\ watchos\ watchsimulator\ webassembly\ xros\ xrsimulator
    export BUILD_ACTIVE_RESOURCES_ONLY\=NO
    export BUILD_COMPONENTS\=headers\ build
    export BUILD_DIR\=/Users/shashishekhar/Library/Developer/Xcode/DerivedData/RestaurantsNearMeIOS-cxlnvzrpmdwxdmausljrqbwijesy/Build/Products
    export BUILD_LIBRARY_FOR_DISTRIBUTION\=NO
    export BUILD_ONLY_KNOWN_LOCALIZATIONS\=NO
    export BUILD_ROOT\=/Users/shashishekhar/Library/Developer/Xcode/DerivedData/RestaurantsNearMeIOS-cxlnvzrpmdwxdmausljrqbwijesy/Build/Products
    export BUILD_STYLE\=
    export BUILD_VARIANTS\=normal
    export BUILT_PRODUCTS_DIR\=/Users/shashishekhar/Library/Developer/Xcode/DerivedData/RestaurantsNearMeIOS-cxlnvzrpmdwxdmausljrqbwijesy/Build/Products/Debug-iphonesimulator/AsyncStorage
    export BUNDLE_CONTENTS_FOLDER_PATH_deep\=Contents/
    export BUNDLE_EXECUTABLE_FOLDER_NAME_deep\=MacOS
    export BUNDLE_EXTENSIONS_FOLDER_PATH\=Extensions
    export BUNDLE_FORMAT\=shallow
    export BUNDLE_FRAMEWORKS_FOLDER_PATH\=Frameworks
    export BUNDLE_PLUGINS_FOLDER_PATH\=PlugIns
    export BUNDLE_PRIVATE_HEADERS_FOLDER_PATH\=PrivateHeaders
    export BUNDLE_PUBLIC_HEADERS_FOLDER_PATH\=Headers
    export CACHE_ROOT\=/var/folders/n6/7nd1dnm93kng8k7b6j0bk0sc0000gn/C/com.apple.DeveloperTools/26.6-17F113/Xcode
    export CCHROOT\=/var/folders/n6/7nd1dnm93kng8k7b6j0bk0sc0000gn/C/com.apple.DeveloperTools/26.6-17F113/Xcode
    export CHMOD\=/bin/chmod
    export CHOWN\=chown
    export CLANG_ALLOW_NON_MODULAR_INCLUDES_IN_FRAMEWORK_MODULES\=YES
    export CLANG_ANALYZER_LOCALIZABILITY_NONLOCALIZED\=YES
    export CLANG_ANALYZER_NONNULL\=YES
    export CLANG_ANALYZER_NUMBER_OBJECT_CONVERSION\=YES_AGGRESSIVE
    export CLANG_CACHE_FINE_GRAINED_OUTPUTS\=YES
    export CLANG_CXX_LANGUAGE_STANDARD\=c++20
    export CLANG_CXX_LIBRARY\=libc++
    export CLANG_ENABLE_EXPLICIT_MODULES\=YES
    export CLANG_ENABLE_MODULES\=YES
    export CLANG_ENABLE_MODULE_DEBUGGING\=NO
    export CLANG_ENABLE_OBJC_ARC\=YES
    export CLANG_ENABLE_OBJC_WEAK\=NO
    export CLANG_MODULES_BUILD_SESSION_FILE\=/Users/shashishekhar/Library/Developer/Xcode/DerivedData/ModuleCache.noindex/Session.modulevalidation
    export CLANG_WARN_BLOCK_CAPTURE_AUTORELEASING\=YES
    export CLANG_WARN_BOOL_CONVERSION\=YES
    export CLANG_WARN_COMMA\=YES
    export CLANG_WARN_CONSTANT_CONVERSION\=YES
    export CLANG_WARN_DEPRECATED_OBJC_IMPLEMENTATIONS\=YES
    export CLANG_WARN_DIRECT_OBJC_ISA_USAGE\=YES_ERROR
    export CLANG_WARN_DOCUMENTATION_COMMENTS\=YES
    export CLANG_WARN_EMPTY_BODY\=YES
    export CLANG_WARN_ENUM_CONVERSION\=YES
    export CLANG_WARN_INFINITE_RECURSION\=YES
    export CLANG_WARN_INT_CONVERSION\=YES
    export CLANG_WARN_NON_LITERAL_NULL_CONVERSION\=YES
    export CLANG_WARN_OBJC_IMPLICIT_RETAIN_SELF\=YES
    export CLANG_WARN_OBJC_LITERAL_CONVERSION\=YES
    export CLANG_WARN_OBJC_ROOT_CLASS\=YES_ERROR
    export CLANG_WARN_QUOTED_INCLUDE_IN_FRAMEWORK_HEADER\=NO
    export CLANG_WARN_RANGE_LOOP_ANALYSIS\=YES
    export CLANG_WARN_STRICT_PROTOTYPES\=YES
    export CLANG_WARN_SUSPICIOUS_MOVE\=YES
    export CLANG_WARN_UNGUARDED_AVAILABILITY\=YES_AGGRESSIVE
    export CLANG_WARN_UNREACHABLE_CODE\=YES
    export CLANG_WARN__DUPLICATE_METHOD_MATCH\=YES
    export CLASS_FILE_DIR\=/Users/shashishekhar/Library/Developer/Xcode/DerivedData/RestaurantsNearMeIOS-cxlnvzrpmdwxdmausljrqbwijesy/Build/Intermediates.noindex/Pods.build/Debug-iphonesimulator/AsyncStorage.build/JavaClasses
    export CLEAN_PRECOMPS\=YES
    export CLONE_HEADERS\=NO
    export CODESIGNING_FOLDER_PATH\=/Users/shashishekhar/Library/Developer/Xcode/DerivedData/RestaurantsNearMeIOS-cxlnvzrpmdwxdmausljrqbwijesy/Build/Products/Debug-iphonesimulator/AsyncStorage/libAsyncStorage.a
    export CODE_SIGNING_ALLOWED\=NO
    export CODE_SIGNING_REQUIRED\=YES
    export CODE_SIGN_CONTEXT_CLASS\=XCiPhoneSimulatorCodeSignContext
    export CODE_SIGN_IDENTITY\=-
    export CODE_SIGN_INJECT_BASE_ENTITLEMENTS\=YES
    export COLOR_DIAGNOSTICS\=NO
    export COMBINE_HIDPI_IMAGES\=NO
    export COMPILATION_CACHE_CAS_PATH\=/Users/shashishekhar/Library/Developer/Xcode/DerivedData/CompilationCache.noindex
    export COMPILATION_CACHE_KEEP_CAS_DIRECTORY\=YES
    export COMPILER_INDEX_STORE_ENABLE\=Default
    export COMPOSITE_SDK_DIRS\=/Users/shashishekhar/Library/Developer/Xcode/DerivedData/RestaurantsNearMeIOS-cxlnvzrpmdwxdmausljrqbwijesy/Build/Intermediates.noindex/CompositeSDKs
    export COMPRESS_PNG_FILES\=YES
    export CONFIGURATION\=Debug
    export CONFIGURATION_BUILD_DIR\=/Users/shashishekhar/Library/Developer/Xcode/DerivedData/RestaurantsNearMeIOS-cxlnvzrpmdwxdmausljrqbwijesy/Build/Products/Debug-iphonesimulator/AsyncStorage
    export CONFIGURATION_TEMP_DIR\=/Users/shashishekhar/Library/Developer/Xcode/DerivedData/RestaurantsNearMeIOS-cxlnvzrpmdwxdmausljrqbwijesy/Build/Intermediates.noindex/Pods.build/Debug-iphonesimulator
    export COPYING_PRESERVES_HFS_DATA\=NO
    export COPY_HEADERS_RUN_UNIFDEF\=NO
    export COPY_PHASE_STRIP\=NO
    export CORRESPONDING_DEVICE_PLATFORM_DIR\=/Applications/Xcode.app/Contents/Developer/Platforms/iPhoneOS.platform
    export CORRESPONDING_DEVICE_PLATFORM_NAME\=iphoneos
    export CORRESPONDING_DEVICE_SDK_DIR\=/Applications/Xcode.app/Contents/Developer/Platforms/iPhoneOS.platform/Developer/SDKs/iPhoneOS26.5.sdk
    export CORRESPONDING_DEVICE_SDK_NAME\=iphoneos26.5
    export CP\=/bin/cp
    export CREATE_INFOPLIST_SECTION_IN_BINARY\=NO
    export CURRENT_ARCH\=undefined_arch
    export CURRENT_VARIANT\=normal
    export DEAD_CODE_STRIPPING\=YES
    export DEBUGGING_SYMBOLS\=YES
    export DEBUG_INFORMATION_FORMAT\=dwarf
    export DEBUG_INFORMATION_VERSION\=compiler-default
    export DEFAULT_COMPILER\=com.apple.compilers.llvm.clang.1_0
    export DEFAULT_DEXT_INSTALL_PATH\=/System/Library/DriverExtensions
    export DEFAULT_KEXT_INSTALL_PATH\=/System/Library/Extensions
    export DEFINES_MODULE\=NO
    export DEPLOYMENT_LOCATION\=NO
    export DEPLOYMENT_POSTPROCESSING\=NO
    export DEPLOYMENT_TARGET_SETTING_NAME\=IPHONEOS_DEPLOYMENT_TARGET
    export DEPLOYMENT_TARGET_SUGGESTED_VALUES\=12.0\ 12.1\ 12.2\ 12.3\ 12.4\ 13.0\ 13.1\ 13.2\ 13.3\ 13.4\ 13.5\ 13.6\ 14.0\ 14.1\ 14.2\ 14.3\ 14.4\ 14.5\ 14.6\ 14.7\ 15.0\ 15.1\ 15.2\ 15.3\ 15.4\ 15.5\ 15.6\ 16.0\ 16.1\ 16.2\ 16.3\ 16.4\ 16.5\ 16.6\ 17.0\ 17.1\ 17.2\ 17.3\ 17.4\ 17.5\ 17.6\ 18.0\ 18.1\ 18.2\ 18.3\ 18.4\ 18.5\ 18.6\ 26.0\ 26.2\ 26.3\ 26.4\ 26.5
    export DERIVED_FILES_DIR\=/Users/shashishekhar/Library/Developer/Xcode/DerivedData/RestaurantsNearMeIOS-cxlnvzrpmdwxdmausljrqbwijesy/Build/Intermediates.noindex/Pods.build/Debug-iphonesimulator/AsyncStorage.build/DerivedSources
    export DERIVED_FILE_DIR\=/Users/shashishekhar/Library/Developer/Xcode/DerivedData/RestaurantsNearMeIOS-cxlnvzrpmdwxdmausljrqbwijesy/Build/Intermediates.noindex/Pods.build/Debug-iphonesimulator/AsyncStorage.build/DerivedSources
    export DERIVED_SOURCES_DIR\=/Users/shashishekhar/Library/Developer/Xcode/DerivedData/RestaurantsNearMeIOS-cxlnvzrpmdwxdmausljrqbwijesy/Build/Intermediates.noindex/Pods.build/Debug-iphonesimulator/AsyncStorage.build/DerivedSources
    export DEVELOPER_APPLICATIONS_DIR\=/Applications/Xcode.app/Contents/Developer/Applications
    export DEVELOPER_BIN_DIR\=/Applications/Xcode.app/Contents/Developer/usr/bin
    export DEVELOPER_DIR\=/Applications/Xcode.app/Contents/Developer
    export DEVELOPER_FRAMEWORKS_DIR\=/Applications/Xcode.app/Contents/Developer/Library/Frameworks
    export DEVELOPER_FRAMEWORKS_DIR_QUOTED\=/Applications/Xcode.app/Contents/Developer/Library/Frameworks
    export DEVELOPER_LIBRARY_DIR\=/Applications/Xcode.app/Contents/Developer/Library
    export DEVELOPER_SDK_DIR\=/Applications/Xcode.app/Contents/Developer/Platforms/MacOSX.platform/Developer/SDKs
    export DEVELOPER_TOOLS_DIR\=/Applications/Xcode.app/Contents/Developer/Tools
    export DEVELOPER_USR_DIR\=/Applications/Xcode.app/Contents/Developer/usr
    export DEVELOPMENT_LANGUAGE\=en
    export DIAGNOSE_MISSING_TARGET_DEPENDENCIES\=YES
    export DIFF\=/usr/bin/diff
    export DONT_GENERATE_INFOPLIST_FILE\=NO
    export DSTROOT\=/tmp/Pods.dst
    export DT_TOOLCHAIN_DIR\=/Applications/Xcode.app/Contents/Developer/Toolchains/XcodeDefault.xctoolchain
    export DUMP_DEPENDENCIES\=NO
    export DUMP_DEPENDENCIES_OUTPUT_PATH\=/Users/shashishekhar/Library/Developer/Xcode/DerivedData/RestaurantsNearMeIOS-cxlnvzrpmdwxdmausljrqbwijesy/Build/Intermediates.noindex/Pods.build/Debug-iphonesimulator/AsyncStorage.build/AsyncStorage-BuildDependencyInfo.json
    export DWARF_DSYM_FILE_NAME\=libAsyncStorage.a.dSYM
    export DWARF_DSYM_FILE_SHOULD_ACCOMPANY_PRODUCT\=NO
    export DWARF_DSYM_FOLDER_PATH\=/Users/shashishekhar/Library/Developer/Xcode/DerivedData/RestaurantsNearMeIOS-cxlnvzrpmdwxdmausljrqbwijesy/Build/Products/Debug-iphonesimulator/AsyncStorage
    export DYNAMIC_LIBRARY_EXTENSION\=dylib
    export EAGER_COMPILATION_ALLOW_SCRIPTS\=NO
    export EAGER_LINKING\=NO
    export EFFECTIVE_PLATFORM_NAME\=-iphonesimulator
    export EFFECTIVE_SWIFT_VERSION\=5
    export EMBEDDED_CONTENT_CONTAINS_SWIFT\=NO
    export EMBED_ASSET_PACKS_IN_PRODUCT_BUNDLE\=NO
    export ENABLE_APP_SANDBOX\=NO
    export ENABLE_CODE_COVERAGE\=YES
    export ENABLE_COHORT_ARCHS\=NO
    export ENABLE_CPLUSPLUS_BOUNDS_SAFE_BUFFERS\=NO
    export ENABLE_C_BOUNDS_SAFETY\=NO
    export ENABLE_DEFAULT_HEADER_SEARCH_PATHS\=YES
    export ENABLE_DEFAULT_SEARCH_PATHS\=YES
    export ENABLE_ENHANCED_SECURITY\=NO
    export ENABLE_HARDENED_RUNTIME\=NO
    export ENABLE_HEADER_DEPENDENCIES\=YES
    export ENABLE_INCOMING_NETWORK_CONNECTIONS\=NO
    export ENABLE_MODULE_VERIFIER\=NO
    export ENABLE_ON_DEMAND_RESOURCES\=NO
    export ENABLE_OUTGOING_NETWORK_CONNECTIONS\=NO
    export ENABLE_POINTER_AUTHENTICATION\=NO
    export ENABLE_PREVIEWS\=NO
    export ENABLE_RESOURCE_ACCESS_AUDIO_INPUT\=NO
    export ENABLE_RESOURCE_ACCESS_BLUETOOTH\=NO
    export ENABLE_RESOURCE_ACCESS_CALENDARS\=NO
    export ENABLE_RESOURCE_ACCESS_CAMERA\=NO
    export ENABLE_RESOURCE_ACCESS_CONTACTS\=NO
    export ENABLE_RESOURCE_ACCESS_LOCATION\=NO
    export ENABLE_RESOURCE_ACCESS_PHOTO_LIBRARY\=NO
    export ENABLE_RESOURCE_ACCESS_PRINTING\=NO
    export ENABLE_RESOURCE_ACCESS_USB\=NO
    export ENABLE_SDK_IMPORTS\=NO
    export ENABLE_SECURITY_COMPILER_WARNINGS\=NO
    export ENABLE_STRICT_OBJC_MSGSEND\=YES
    export ENABLE_TESTABILITY\=YES
    export ENABLE_TESTING_SEARCH_PATHS\=NO
    export ENABLE_USER_SCRIPT_SANDBOXING\=NO
    export ENABLE_XOJIT_PREVIEWS\=YES
    export ENFORCE_VALID_ARCHS\=YES
    export ENTITLEMENTS_DESTINATION\=__entitlements
    export ENTITLEMENTS_REQUIRED\=YES
    export EXCLUDED_INSTALLSRC_SUBDIRECTORY_PATTERNS\=.DS_Store\ .svn\ .git\ .hg\ CVS
    export EXCLUDED_RECURSIVE_SEARCH_PATH_SUBDIRECTORIES\=\*.nib\ \*.lproj\ \*.framework\ \*.gch\ \*.xcode\*\ \*.xcassets\ \*.icon\ \(\*\)\ .DS_Store\ CVS\ .svn\ .git\ .hg\ \*.pbproj\ \*.pbxproj
    export EXECUTABLE_EXTENSION\=a
    export EXECUTABLE_NAME\=libAsyncStorage.a
    export EXECUTABLE_PATH\=libAsyncStorage.a
    export EXECUTABLE_PREFIX\=lib
    export EXECUTABLE_SUFFIX\=.a
    export FILE_LIST\=/Users/shashishekhar/Library/Developer/Xcode/DerivedData/RestaurantsNearMeIOS-cxlnvzrpmdwxdmausljrqbwijesy/Build/Intermediates.noindex/Pods.build/Debug-iphonesimulator/AsyncStorage.build/Objects/LinkFileList
    export FIXED_FILES_DIR\=/Users/shashishekhar/Library/Developer/Xcode/DerivedData/RestaurantsNearMeIOS-cxlnvzrpmdwxdmausljrqbwijesy/Build/Intermediates.noindex/Pods.build/Debug-iphonesimulator/AsyncStorage.build/FixedFiles
    export FRAMEWORK_FLAG_PREFIX\=-framework
    export FRAMEWORK_SEARCH_PATHS\=/Users/shashishekhar/Library/Developer/Xcode/DerivedData/RestaurantsNearMeIOS-cxlnvzrpmdwxdmausljrqbwijesy/Build/Products/Debug-iphonesimulator/AsyncStorage\ \ \"/Users/shashishekhar/Desktop/RestaurantsNearMeIOS/ios/Pods/../../node_modules/@react-native-async-storage/async-storage/apple-frameworks\"\ \"/Users/shashishekhar/Desktop/RestaurantsNearMeIOS/ios/Pods/React-Core-prebuilt\"\ \"/Users/shashishekhar/Desktop/RestaurantsNearMeIOS/ios/Pods/ReactNativeDependencies/framework/packages/react-native\"\ \"/Users/shashishekhar/Desktop/RestaurantsNearMeIOS/ios/Pods/hermes-engine/destroot/Library/Frameworks/universal\"\ \"/Users/shashishekhar/Library/Developer/Xcode/DerivedData/RestaurantsNearMeIOS-cxlnvzrpmdwxdmausljrqbwijesy/Build/Products/Debug-iphonesimulator/XCFrameworkIntermediates/AsyncStorage\"\ \"/Users/shashishekhar/Library/Developer/Xcode/DerivedData/RestaurantsNearMeIOS-cxlnvzrpmdwxdmausljrqbwijesy/Build/Products/Debug-iphonesimulator/XCFrameworkIntermediates/React-Core-prebuilt\"\ \"/Users/shashishekhar/Library/Developer/Xcode/DerivedData/RestaurantsNearMeIOS-cxlnvzrpmdwxdmausljrqbwijesy/Build/Products/Debug-iphonesimulator/XCFrameworkIntermediates/ReactNativeDependencies\"\ \"/Users/shashishekhar/Library/Developer/Xcode/DerivedData/RestaurantsNearMeIOS-cxlnvzrpmdwxdmausljrqbwijesy/Build/Products/Debug-iphonesimulator/XCFrameworkIntermediates/hermes-engine/Pre-built\"
    export FRAMEWORK_VERSION\=A
    export FULL_PRODUCT_NAME\=libAsyncStorage.a
    export FUSE_BUILD_PHASES\=YES
    export FUSE_BUILD_SCRIPT_PHASES\=NO
    export GCC3_VERSION\=3.3
    export GCC_C_LANGUAGE_STANDARD\=gnu11
    export GCC_DYNAMIC_NO_PIC\=NO
    export GCC_NO_COMMON_BLOCKS\=YES
    export GCC_OBJC_LEGACY_DISPATCH\=YES
    export GCC_OPTIMIZATION_LEVEL\=0
    export GCC_PFE_FILE_C_DIALECTS\=c\ objective-c\ c++\ objective-c++
    export GCC_PREFIX_HEADER\=Target\ Support\ Files/AsyncStorage/AsyncStorage-prefix.pch
    export GCC_PREPROCESSOR_DEFINITIONS\=POD_CONFIGURATION_DEBUG\=1\ DEBUG\=1\ \ COCOAPODS\=1
    export GCC_TREAT_WARNINGS_AS_ERRORS\=NO
    export GCC_VERSION\=com.apple.compilers.llvm.clang.1_0
    export GCC_VERSION_IDENTIFIER\=com_apple_compilers_llvm_clang_1_0
    export GCC_WARN_64_TO_32_BIT_CONVERSION\=YES
    export GCC_WARN_ABOUT_RETURN_TYPE\=YES_ERROR
    export GCC_WARN_UNDECLARED_SELECTOR\=YES
    export GCC_WARN_UNINITIALIZED_AUTOS\=YES_AGGRESSIVE
    export GCC_WARN_UNUSED_FUNCTION\=YES
    export GCC_WARN_UNUSED_VARIABLE\=YES
    export GENERATED_MODULEMAP_DIR\=/Users/shashishekhar/Library/Developer/Xcode/DerivedData/RestaurantsNearMeIOS-cxlnvzrpmdwxdmausljrqbwijesy/Build/Intermediates.noindex/GeneratedModuleMaps-iphonesimulator
    export GENERATE_INFOPLIST_FILE\=NO
    export GENERATE_INTERMEDIATE_TEXT_BASED_STUBS\=YES
    export GENERATE_PKGINFO_FILE\=NO
    export GENERATE_PRELINK_OBJECT_FILE\=NO
    export GENERATE_PROFILING_CODE\=NO
    export GENERATE_TEXT_BASED_STUBS\=NO
    export GID\=20
    export GROUP\=staff
    export HEADERMAP_INCLUDES_FLAT_ENTRIES_FOR_TARGET_BEING_BUILT\=YES
    export HEADERMAP_INCLUDES_FRAMEWORK_ENTRIES_FOR_ALL_PRODUCT_TYPES\=YES
    export HEADERMAP_INCLUDES_FRAMEWORK_ENTRIES_FOR_TARGETS_NOT_BEING_BUILT\=YES
    export HEADERMAP_INCLUDES_NONPUBLIC_NONPRIVATE_HEADERS\=YES
    export HEADERMAP_INCLUDES_PROJECT_HEADERS\=YES
    export HEADERMAP_USES_FRAMEWORK_PREFIX_ENTRIES\=YES
    export HEADERMAP_USES_VFS\=NO
    export HEADER_SEARCH_PATHS\=/Users/shashishekhar/Library/Developer/Xcode/DerivedData/RestaurantsNearMeIOS-cxlnvzrpmdwxdmausljrqbwijesy/Build/Products/Debug-iphonesimulator/AsyncStorage/include\ \ \"/Users/shashishekhar/Desktop/RestaurantsNearMeIOS/ios/Pods/Headers/Private\"\ \"/Users/shashishekhar/Desktop/RestaurantsNearMeIOS/ios/Pods/Headers/Private/AsyncStorage\"\ \"/Users/shashishekhar/Desktop/RestaurantsNearMeIOS/ios/Pods/Headers/Public\"\ \"/Users/shashishekhar/Desktop/RestaurantsNearMeIOS/ios/Pods/Headers/Public/FBLazyVector\"\ \"/Users/shashishekhar/Desktop/RestaurantsNearMeIOS/ios/Pods/Headers/Public/RCTRequired\"\ \"/Users/shashishekhar/Desktop/RestaurantsNearMeIOS/ios/Pods/Headers/Public/RCTSwiftUIWrapper\"\ \"/Users/shashishekhar/Desktop/RestaurantsNearMeIOS/ios/Pods/Headers/Public/RCTTypeSafety\"\ \"/Users/shashishekhar/Desktop/RestaurantsNearMeIOS/ios/Pods/Headers/Public/React-Core\"\ \"/Users/shashishekhar/Desktop/RestaurantsNearMeIOS/ios/Pods/Headers/Public/React-Core-prebuilt\"\ \"/Users/shashishekhar/Desktop/RestaurantsNearMeIOS/ios/Pods/Headers/Public/React-CoreModules\"\ \"/Users/shashishekhar/Desktop/RestaurantsNearMeIOS/ios/Pods/Headers/Public/React-Fabric\"\ \"/Users/shashishekhar/Desktop/RestaurantsNearMeIOS/ios/Pods/Headers/Public/React-FabricComponents\"\ \"/Users/shashishekhar/Desktop/RestaurantsNearMeIOS/ios/Pods/Headers/Public/React-FabricImage\"\ \"/Users/shashishekhar/Desktop/RestaurantsNearMeIOS/ios/Pods/Headers/Public/React-ImageManager\"\ \"/Users/shashishekhar/Desktop/RestaurantsNearMeIOS/ios/Pods/Headers/Public/React-Mapbuffer\"\ \"/Users/shashishekhar/Desktop/RestaurantsNearMeIOS/ios/Pods/Headers/Public/React-NativeModulesApple\"\ \"/Users/shashishekhar/Desktop/RestaurantsNearMeIOS/ios/Pods/Headers/Public/React-RCTAnimation\"\ \"/Users/shashishekhar/Desktop/RestaurantsNearMeIOS/ios/Pods/Headers/Public/React-RCTBlob\"\ \"/Users/shashishekhar/Desktop/RestaurantsNearMeIOS/ios/Pods/Headers/Public/React-RCTFBReactNativeSpec\"\ \"/Users/shashishekhar/Desktop/RestaurantsNearMeIOS/ios/Pods/Headers/Public/React-RCTFabric\"\ \"/Users/shashishekhar/Desktop/RestaurantsNearMeIOS/ios/Pods/Headers/Public/React-RCTImage\"\ \"/Users/shashishekhar/Desktop/RestaurantsNearMeIOS/ios/Pods/Headers/Public/React-RCTRuntime\"\ \"/Users/shashishekhar/Desktop/RestaurantsNearMeIOS/ios/Pods/Headers/Public/React-RCTText\"\ \"/Users/shashishekhar/Desktop/RestaurantsNearMeIOS/ios/Pods/Headers/Public/React-RuntimeApple\"\ \"/Users/shashishekhar/Desktop/RestaurantsNearMeIOS/ios/Pods/Headers/Public/React-RuntimeCore\"\ \"/Users/shashishekhar/Desktop/RestaurantsNearMeIOS/ios/Pods/Headers/Public/React-RuntimeHermes\"\ \"/Users/shashishekhar/Desktop/RestaurantsNearMeIOS/ios/Pods/Headers/Public/React-callinvoker\"\ \"/Users/shashishekhar/Desktop/RestaurantsNearMeIOS/ios/Pods/Headers/Public/React-cxxreact\"\ \"/Users/shashishekhar/Desktop/RestaurantsNearMeIOS/ios/Pods/Headers/Public/React-debug\"\ \"/Users/shashishekhar/Desktop/RestaurantsNearMeIOS/ios/Pods/Headers/Public/React-defaultsnativemodule\"\ \"/Users/shashishekhar/Desktop/RestaurantsNearMeIOS/ios/Pods/Headers/Public/React-domnativemodule\"\ \"/Users/shashishekhar/Desktop/RestaurantsNearMeIOS/ios/Pods/Headers/Public/React-featureflags\"\ \"/Users/shashishekhar/Desktop/RestaurantsNearMeIOS/ios/Pods/Headers/Public/React-featureflagsnativemodule\"\ \"/Users/shashishekhar/Desktop/RestaurantsNearMeIOS/ios/Pods/Headers/Public/React-graphics\"\ \"/Users/shashishekhar/Desktop/RestaurantsNearMeIOS/ios/Pods/Headers/Public/React-hermes\"\ \"/Users/shashishekhar/Desktop/RestaurantsNearMeIOS/ios/Pods/Headers/Public/React-idlecallbacksnativemodule\"\ \"/Users/shashishekhar/Desktop/RestaurantsNearMeIOS/ios/Pods/Headers/Public/React-intersectionobservernativemodule\"\ \"/Users/shashishekhar/Desktop/RestaurantsNearMeIOS/ios/Pods/Headers/Public/React-jserrorhandler\"\ \"/Users/shashishekhar/Desktop/RestaurantsNearMeIOS/ios/Pods/Headers/Public/React-jsi\"\ \"/Users/shashishekhar/Desktop/RestaurantsNearMeIOS/ios/Pods/Headers/Public/React-jsiexecutor\"\ \"/Users/shashishekhar/Desktop/RestaurantsNearMeIOS/ios/Pods/Headers/Public/React-jsinspector\"\ \"/Users/shashishekhar/Desktop/RestaurantsNearMeIOS/ios/Pods/Headers/Public/React-jsinspectorcdp\"\ \"/Users/shashishekhar/Desktop/RestaurantsNearMeIOS/ios/Pods/Headers/Public/React-jsinspectornetwork\"\ \"/Users/shashishekhar/Desktop/RestaurantsNearMeIOS/ios/Pods/Headers/Public/React-jsinspectortracing\"\ \"/Users/shashishekhar/Desktop/RestaurantsNearMeIOS/ios/Pods/Headers/Public/React-jsitooling\"\ \"/Users/shashishekhar/Desktop/RestaurantsNearMeIOS/ios/Pods/Headers/Public/React-logger\"\ \"/Users/shashishekhar/Desktop/RestaurantsNearMeIOS/ios/Pods/Headers/Public/React-microtasksnativemodule\"\ \"/Users/shashishekhar/Desktop/RestaurantsNearMeIOS/ios/Pods/Headers/Public/React-mutationobservernativemodule\"\ \"/Users/shashishekhar/Desktop/RestaurantsNearMeIOS/ios/Pods/Headers/Public/React-networking\"\ \"/Users/shashishekhar/Desktop/RestaurantsNearMeIOS/ios/Pods/Headers/Public/React-oscompat\"\ \"/Users/shashishekhar/Desktop/RestaurantsNearMeIOS/ios/Pods/Headers/Public/React-perflogger\"\ \"/Users/shashishekhar/Desktop/RestaurantsNearMeIOS/ios/Pods/Headers/Public/React-performancecdpmetrics\"\ \"/Users/shashishekhar/Desktop/RestaurantsNearMeIOS/ios/Pods/Headers/Public/React-performancetimeline\"\ \"/Users/shashishekhar/Desktop/RestaurantsNearMeIOS/ios/Pods/Headers/Public/React-rendererconsistency\"\ \"/Users/shashishekhar/Desktop/RestaurantsNearMeIOS/ios/Pods/Headers/Public/React-renderercss\"\ \"/Users/shashishekhar/Desktop/RestaurantsNearMeIOS/ios/Pods/Headers/Public/React-rendererdebug\"\ \"/Users/shashishekhar/Desktop/RestaurantsNearMeIOS/ios/Pods/Headers/Public/React-runtimeexecutor\"\ \"/Users/shashishekhar/Desktop/RestaurantsNearMeIOS/ios/Pods/Headers/Public/React-runtimescheduler\"\ \"/Users/shashishekhar/Desktop/RestaurantsNearMeIOS/ios/Pods/Headers/Public/React-timing\"\ \"/Users/shashishekhar/Desktop/RestaurantsNearMeIOS/ios/Pods/Headers/Public/React-utils\"\ \"/Users/shashishekhar/Desktop/RestaurantsNearMeIOS/ios/Pods/Headers/Public/React-viewtransitionnativemodule\"\ \"/Users/shashishekhar/Desktop/RestaurantsNearMeIOS/ios/Pods/Headers/Public/React-webperformancenativemodule\"\ \"/Users/shashishekhar/Desktop/RestaurantsNearMeIOS/ios/Pods/Headers/Public/ReactCodegen\"\ \"/Users/shashishekhar/Desktop/RestaurantsNearMeIOS/ios/Pods/Headers/Public/ReactCommon\"\ \"/Users/shashishekhar/Desktop/RestaurantsNearMeIOS/ios/Pods/Headers/Public/ReactNativeDependencies\"\ \"/Users/shashishekhar/Desktop/RestaurantsNearMeIOS/ios/Pods/Headers/Public/Yoga\"\ \"/Users/shashishekhar/Desktop/RestaurantsNearMeIOS/ios/Pods/Headers/Public/hermes-engine\"\ \"/Users/shashishekhar/Desktop/RestaurantsNearMeIOS/ios/Pods/Headers/Private/Yoga\"
    export HOME\=/Users/shashishekhar
    export HOST_ARCH\=arm64
    export HOST_PLATFORM\=macosx
    export ICONV\=/usr/bin/iconv
    export IMPLICIT_DEPENDENCY_DOMAIN\=default
    export INDEX_STORE_COMPRESS\=NO
    export INDEX_STORE_ONLY_PROJECT_FILES\=NO
    export INFOPLIST_ENABLE_CFBUNDLEICONS_MERGE\=YES
    export INFOPLIST_EXPAND_BUILD_SETTINGS\=YES
    export INFOPLIST_OUTPUT_FORMAT\=binary
    export INFOPLIST_PREPROCESS\=NO
    export INLINE_PRIVATE_FRAMEWORKS\=NO
    export INSTALLAPI_IGNORE_SKIP_INSTALL\=YES
    export INSTALLHDRS_COPY_PHASE\=NO
    export INSTALLHDRS_SCRIPT_PHASE\=NO
    export INSTALL_DIR\=/tmp/Pods.dst/usr/local/lib
    export INSTALL_GROUP\=staff
    export INSTALL_MODE_FLAG\=u+w,go-w,a+rX
    export INSTALL_OWNER\=shashishekhar
    export INSTALL_PATH\=/usr/local/lib
    export INSTALL_ROOT\=/tmp/Pods.dst
    export IPHONEOS_DEPLOYMENT_TARGET\=15.1
    export IS_UNOPTIMIZED_BUILD\=YES
    export JAVAC_DEFAULT_FLAGS\=-J-Xms64m\ -J-XX:NewSize\=4M\ -J-Dfile.encoding\=UTF8
    export JAVA_APP_STUB\=/System/Library/Frameworks/JavaVM.framework/Resources/MacOS/JavaApplicationStub
    export JAVA_ARCHIVE_CLASSES\=YES
    export JAVA_ARCHIVE_TYPE\=JAR
    export JAVA_COMPILER\=/usr/bin/javac
    export JAVA_FRAMEWORK_RESOURCES_DIRS\=Resources
    export JAVA_JAR_FLAGS\=cv
    export JAVA_SOURCE_SUBDIR\=.
    export JAVA_USE_DEPENDENCIES\=YES
    export JAVA_ZIP_FLAGS\=-urg
    export JIKES_DEFAULT_FLAGS\=+E\ +OLDCSO
    export KEEP_PRIVATE_EXTERNS\=NO
    export LD_DEPENDENCY_INFO_FILE\=/Users/shashishekhar/Library/Developer/Xcode/DerivedData/RestaurantsNearMeIOS-cxlnvzrpmdwxdmausljrqbwijesy/Build/Intermediates.noindex/Pods.build/Debug-iphonesimulator/AsyncStorage.build/Objects-normal/undefined_arch/AsyncStorage_dependency_info.dat
    export LD_EXPORT_SYMBOLS\=YES
    export LD_GENERATE_MAP_FILE\=NO
    export LD_MAP_FILE_PATH\=/Users/shashishekhar/Library/Developer/Xcode/DerivedData/RestaurantsNearMeIOS-cxlnvzrpmdwxdmausljrqbwijesy/Build/Intermediates.noindex/Pods.build/Debug-iphonesimulator/AsyncStorage.build/AsyncStorage-LinkMap-normal-undefined_arch.txt
    export LD_NO_PIE\=NO
    export LD_QUOTE_LINKER_ARGUMENTS_FOR_COMPILER_DRIVER\=YES
    export LD_SHARED_CACHE_ELIGIBLE\=Automatic
    export LD_WARN_DUPLICATE_LIBRARIES\=NO
    export LD_WARN_UNUSED_DYLIBS\=NO
    export LEGACY_DEVELOPER_DIR\=/Applications/Xcode.app/Contents/PlugIns/Xcode3Core.ideplugin/Contents/SharedSupport/Developer
    export LEX\=lex
    export LIBRARY_DEXT_INSTALL_PATH\=/Library/DriverExtensions
    export LIBRARY_FLAG_NOSPACE\=YES
    export LIBRARY_FLAG_PREFIX\=-l
    export LIBRARY_KEXT_INSTALL_PATH\=/Library/Extensions
    export LIBRARY_SEARCH_PATHS\=/Users/shashishekhar/Library/Developer/Xcode/DerivedData/RestaurantsNearMeIOS-cxlnvzrpmdwxdmausljrqbwijesy/Build/Products/Debug-iphonesimulator/AsyncStorage\ 
    export LINKER_DISPLAYS_MANGLED_NAMES\=NO
    export LINK_FILE_LIST_normal_arm64\=/Users/shashishekhar/Library/Developer/Xcode/DerivedData/RestaurantsNearMeIOS-cxlnvzrpmdwxdmausljrqbwijesy/Build/Intermediates.noindex/Pods.build/Debug-iphonesimulator/AsyncStorage.build/Objects-normal/arm64/AsyncStorage.LinkFileList
    export LINK_FILE_LIST_normal_x86_64\=/Users/shashishekhar/Library/Developer/Xcode/DerivedData/RestaurantsNearMeIOS-cxlnvzrpmdwxdmausljrqbwijesy/Build/Intermediates.noindex/Pods.build/Debug-iphonesimulator/AsyncStorage.build/Objects-normal/x86_64/AsyncStorage.LinkFileList
    export LINK_OBJC_RUNTIME\=YES
    export LINK_WITH_STANDARD_LIBRARIES\=YES
    export LLVM_TARGET_TRIPLE_OS_VERSION\=ios15.1
    export LLVM_TARGET_TRIPLE_SUFFIX\=-simulator
    export LLVM_TARGET_TRIPLE_VENDOR\=apple
    export LM_AUX_CONST_METADATA_LIST_PATH_normal_arm64\=/Users/shashishekhar/Library/Developer/Xcode/DerivedData/RestaurantsNearMeIOS-cxlnvzrpmdwxdmausljrqbwijesy/Build/Intermediates.noindex/Pods.build/Debug-iphonesimulator/AsyncStorage.build/Objects-normal/arm64/AsyncStorage.SwiftConstValuesFileList
    export LM_AUX_CONST_METADATA_LIST_PATH_normal_x86_64\=/Users/shashishekhar/Library/Developer/Xcode/DerivedData/RestaurantsNearMeIOS-cxlnvzrpmdwxdmausljrqbwijesy/Build/Intermediates.noindex/Pods.build/Debug-iphonesimulator/AsyncStorage.build/Objects-normal/x86_64/AsyncStorage.SwiftConstValuesFileList
    export LOCALIZATION_EXPORT_SUPPORTED\=YES
    export LOCALIZATION_PREFERS_STRING_CATALOGS\=NO
    export LOCALIZED_STRING_CODE_COMMENTS\=NO
    export LOCALIZED_STRING_MACRO_NAMES\=NSLocalizedString\ CFCopyLocalizedString
    export LOCALIZED_STRING_SWIFTUI_SUPPORT\=YES
    export LOCAL_ADMIN_APPS_DIR\=/Applications/Utilities
    export LOCAL_APPS_DIR\=/Applications
    export LOCAL_DEVELOPER_DIR\=/Library/Developer
    export LOCAL_LIBRARY_DIR\=/Library
    export LOCROOT\=/Users/shashishekhar/Desktop/RestaurantsNearMeIOS/ios/Pods
    export LOCSYMROOT\=/Users/shashishekhar/Desktop/RestaurantsNearMeIOS/ios/Pods
    export MACH_O_TYPE\=staticlib
    export MAC_OS_X_PRODUCT_BUILD_VERSION\=25E246
    export MAC_OS_X_VERSION_ACTUAL\=260400
    export MAC_OS_X_VERSION_MAJOR\=260000
    export MAC_OS_X_VERSION_MINOR\=260400
    export MAKE_MERGEABLE\=NO
    export MERGEABLE_LIBRARY\=NO
    export MERGED_BINARY_TYPE\=none
    export MERGE_LINKED_LIBRARIES\=NO
    export METAL_LIBRARY_FILE_BASE\=default
    export METAL_LIBRARY_OUTPUT_DIR\=/Users/shashishekhar/Library/Developer/Xcode/DerivedData/RestaurantsNearMeIOS-cxlnvzrpmdwxdmausljrqbwijesy/Build/Products/Debug-iphonesimulator/AsyncStorage/
    export MODULEMAP_FILE\=Headers/Public/AsyncStorage/AsyncStorage.modulemap
    export MODULE_CACHE_DIR\=/Users/shashishekhar/Library/Developer/Xcode/DerivedData/ModuleCache.noindex
    export MTL_ENABLE_DEBUG_INFO\=INCLUDE_SOURCE
    export MTL_FAST_MATH\=YES
    export NATIVE_ARCH\=arm64
    export NATIVE_ARCH_32_BIT\=arm
    export NATIVE_ARCH_64_BIT\=arm64
    export NATIVE_ARCH_ACTUAL\=arm64
    export NO_COMMON\=YES
    export OBJC_ABI_VERSION\=2
    export OBJECT_FILE_DIR\=/Users/shashishekhar/Library/Developer/Xcode/DerivedData/RestaurantsNearMeIOS-cxlnvzrpmdwxdmausljrqbwijesy/Build/Intermediates.noindex/Pods.build/Debug-iphonesimulator/AsyncStorage.build/Objects
    export OBJECT_FILE_DIR_normal\=/Users/shashishekhar/Library/Developer/Xcode/DerivedData/RestaurantsNearMeIOS-cxlnvzrpmdwxdmausljrqbwijesy/Build/Intermediates.noindex/Pods.build/Debug-iphonesimulator/AsyncStorage.build/Objects-normal
    export OBJROOT\=/Users/shashishekhar/Library/Developer/Xcode/DerivedData/RestaurantsNearMeIOS-cxlnvzrpmdwxdmausljrqbwijesy/Build/Intermediates.noindex
    export ONLY_ACTIVE_ARCH\=NO
    export OS\=MACOS
    export OSAC\=/usr/bin/osacompile
    export OTHER_CFLAGS\=\ -DRCT_REMOVE_LEGACY_ARCH\=1\ -fmodule-map-file\=\"/Users/shashishekhar/Desktop/RestaurantsNearMeIOS/ios/Pods/Headers/Public/ReactCodegen/ReactCodegen.modulemap\"\ \ -DRCT_REMOVE_LEGACY_ARCH\=1\ -ivfsoverlay\ /Users/shashishekhar/Desktop/RestaurantsNearMeIOS/ios/Pods/React-Core-prebuilt/React-VFS.yaml
    export OTHER_CPLUSPLUSFLAGS\=\ -DRCT_REMOVE_LEGACY_ARCH\=1\ -fmodule-map-file\=\"/Users/shashishekhar/Desktop/RestaurantsNearMeIOS/ios/Pods/Headers/Public/ReactCodegen/ReactCodegen.modulemap\"\ \ -DRCT_REMOVE_LEGACY_ARCH\=1\ -ivfsoverlay\ /Users/shashishekhar/Desktop/RestaurantsNearMeIOS/ios/Pods/React-Core-prebuilt/React-VFS.yaml\ -DRCT_REMOVE_LEGACY_ARCH\=1\ -DRCT_NEW_ARCH_ENABLED\=1\ \ -ivfsoverlay\ /Users/shashishekhar/Desktop/RestaurantsNearMeIOS/ios/Pods/React-Core-prebuilt/React-VFS.yaml
    export OTHER_SWIFT_FLAGS\=\ -D\ COCOAPODS\ -Xcc\ -fmodule-map-file\=\"/Users/shashishekhar/Desktop/RestaurantsNearMeIOS/ios/Pods/Headers/Public/ReactCodegen/ReactCodegen.modulemap\"\ -import-underlying-module\ -Xcc\ -fmodule-map-file\=\"/Users/shashishekhar/Desktop/RestaurantsNearMeIOS/ios/Pods/Headers/Public/AsyncStorage/AsyncStorage.modulemap\"\ \ -DRCT_NEW_ARCH_ENABLED\ -Xcc\ -ivfsoverlay\ -Xcc\ /Users/shashishekhar/Desktop/RestaurantsNearMeIOS/ios/Pods/React-Core-prebuilt/React-VFS.yaml
    export PACKAGE_TYPE\=com.apple.package-type.static-library
    export PASCAL_STRINGS\=YES
    export PATH\=/Applications/Xcode.app/Contents/SharedFrameworks/SwiftBuild.framework/Versions/A/PlugIns/SWBBuildService.bundle/Contents/PlugIns/SWBUniversalPlatformPlugin.bundle/Contents/Frameworks/SWBUniversalPlatform.framework/Resources:/Applications/Xcode.app/Contents/Developer/Toolchains/XcodeDefault.xctoolchain/usr/bin:/Applications/Xcode.app/Contents/Developer/Toolchains/XcodeDefault.xctoolchain/usr/local/bin:/Applications/Xcode.app/Contents/Developer/Toolchains/XcodeDefault.xctoolchain/usr/libexec:/Applications/Xcode.app/Contents/Developer/Platforms/iPhoneSimulator.platform/usr/bin:/Applications/Xcode.app/Contents/Developer/Platforms/iPhoneSimulator.platform/usr/local/bin:/Applications/Xcode.app/Contents/Developer/Platforms/iPhoneSimulator.platform/Developer/usr/bin:/Applications/Xcode.app/Contents/Developer/Platforms/iPhoneSimulator.platform/Developer/usr/local/bin:/Applications/Xcode.app/Contents/Developer/usr/bin:/Applications/Xcode.app/Contents/Developer/usr/local/bin:/Users/shashishekhar/Library/Application\ Support/Code/User/globalStorage/github.copilot-chat/debugCommand:/Users/shashishekhar/Library/Application\ Support/Code/User/globalStorage/github.copilot-chat/copilotCli:/usr/local/bin:/System/Cryptexes/App/usr/bin:/usr/bin:/bin:/usr/sbin:/sbin:/var/run/com.apple.security.cryptexd/codex.system/bootstrap/usr/local/bin:/var/run/com.apple.security.cryptexd/codex.system/bootstrap/usr/bin:/var/run/com.apple.security.cryptexd/codex.system/bootstrap/usr/appleinternal/bin:/opt/pkg/env/active/bin:/opt/pmk/env/global/bin:/Library/Apple/usr/bin:/opt/homebrew/bin
    export PATH_PREFIXES_EXCLUDED_FROM_HEADER_DEPENDENCIES\=/usr/include\ /usr/local/include\ /System/Library/Frameworks\ /System/Library/PrivateFrameworks\ /Applications/Xcode.app/Contents/Developer/Headers\ /Applications/Xcode.app/Contents/Developer/SDKs\ /Applications/Xcode.app/Contents/Developer/Platforms
    export PER_ARCH_MODULE_FILE_DIR\=/Users/shashishekhar/Library/Developer/Xcode/DerivedData/RestaurantsNearMeIOS-cxlnvzrpmdwxdmausljrqbwijesy/Build/Intermediates.noindex/Pods.build/Debug-iphonesimulator/AsyncStorage.build/Objects-normal/undefined_arch
    export PER_ARCH_OBJECT_FILE_DIR\=/Users/shashishekhar/Library/Developer/Xcode/DerivedData/RestaurantsNearMeIOS-cxlnvzrpmdwxdmausljrqbwijesy/Build/Intermediates.noindex/Pods.build/Debug-iphonesimulator/AsyncStorage.build/Objects-normal/undefined_arch
    export PER_VARIANT_OBJECT_FILE_DIR\=/Users/shashishekhar/Library/Developer/Xcode/DerivedData/RestaurantsNearMeIOS-cxlnvzrpmdwxdmausljrqbwijesy/Build/Intermediates.noindex/Pods.build/Debug-iphonesimulator/AsyncStorage.build/Objects-normal
    export PKGINFO_FILE_PATH\=/Users/shashishekhar/Library/Developer/Xcode/DerivedData/RestaurantsNearMeIOS-cxlnvzrpmdwxdmausljrqbwijesy/Build/Intermediates.noindex/Pods.build/Debug-iphonesimulator/AsyncStorage.build/PkgInfo
    export PLATFORM_DEVELOPER_APPLICATIONS_DIR\=/Applications/Xcode.app/Contents/Developer/Platforms/iPhoneSimulator.platform/Developer/Applications
    export PLATFORM_DEVELOPER_BIN_DIR\=/Applications/Xcode.app/Contents/Developer/Platforms/iPhoneSimulator.platform/Developer/usr/bin
    export PLATFORM_DEVELOPER_LIBRARY_DIR\=/Applications/Xcode.app/Contents/Developer/Platforms/iPhoneSimulator.platform/Developer/Library
    export PLATFORM_DEVELOPER_SDK_DIR\=/Applications/Xcode.app/Contents/Developer/Platforms/iPhoneSimulator.platform/Developer/SDKs
    export PLATFORM_DEVELOPER_TOOLS_DIR\=/Applications/Xcode.app/Contents/Developer/Platforms/iPhoneSimulator.platform/Developer/Tools
    export PLATFORM_DEVELOPER_USR_DIR\=/Applications/Xcode.app/Contents/Developer/Platforms/iPhoneSimulator.platform/Developer/usr
    export PLATFORM_DIR\=/Applications/Xcode.app/Contents/Developer/Platforms/iPhoneSimulator.platform
    export PLATFORM_DISPLAY_NAME\=iOS\ Simulator
    export PLATFORM_FAMILY_NAME\=iOS
    export PLATFORM_NAME\=iphonesimulator
    export PLATFORM_PREFERRED_ARCH\=x86_64
    export PLATFORM_PRODUCT_BUILD_VERSION\=23F81a
    export PLATFORM_REQUIRES_SWIFT_AUTOLINK_EXTRACT\=NO
    export PLATFORM_REQUIRES_SWIFT_MODULEWRAP\=NO
    export PLATFORM_USES_DSYMS\=YES
    export PLIST_FILE_OUTPUT_FORMAT\=binary
    export PODFILE_DIR\=/Users/shashishekhar/Desktop/RestaurantsNearMeIOS/ios/Pods/..
    export PODS_BUILD_DIR\=/Users/shashishekhar/Library/Developer/Xcode/DerivedData/RestaurantsNearMeIOS-cxlnvzrpmdwxdmausljrqbwijesy/Build/Products
    export PODS_CONFIGURATION_BUILD_DIR\=/Users/shashishekhar/Library/Developer/Xcode/DerivedData/RestaurantsNearMeIOS-cxlnvzrpmdwxdmausljrqbwijesy/Build/Products/Debug-iphonesimulator
    export PODS_DEVELOPMENT_LANGUAGE\=en
    export PODS_ROOT\=/Users/shashishekhar/Desktop/RestaurantsNearMeIOS/ios/Pods
    export PODS_TARGET_SRCROOT\=/Users/shashishekhar/Desktop/RestaurantsNearMeIOS/ios/Pods/../../node_modules/@react-native-async-storage/async-storage
    export PODS_XCFRAMEWORKS_BUILD_DIR\=/Users/shashishekhar/Library/Developer/Xcode/DerivedData/RestaurantsNearMeIOS-cxlnvzrpmdwxdmausljrqbwijesy/Build/Products/Debug-iphonesimulator/XCFrameworkIntermediates
    export PRECOMPS_INCLUDE_HEADERS_FROM_BUILT_PRODUCTS_DIR\=YES
    export PRECOMP_DESTINATION_DIR\=/Users/shashishekhar/Library/Developer/Xcode/DerivedData/RestaurantsNearMeIOS-cxlnvzrpmdwxdmausljrqbwijesy/Build/Intermediates.noindex/Pods.build/Debug-iphonesimulator/AsyncStorage.build/PrefixHeaders
    export PROCESSED_INFOPLIST_PATH\=/Users/shashishekhar/Library/Developer/Xcode/DerivedData/RestaurantsNearMeIOS-cxlnvzrpmdwxdmausljrqbwijesy/Build/Intermediates.noindex/Pods.build/Debug-iphonesimulator/AsyncStorage.build/Objects-normal/undefined_arch/Processed-Info.plist
    export PRODUCT_BUNDLE_IDENTIFIER\=org.cocoapods.AsyncStorage
    export PRODUCT_MODULE_NAME\=AsyncStorage
    export PRODUCT_NAME\=AsyncStorage
    export PRODUCT_SETTINGS_PATH\=
    export PRODUCT_TYPE\=com.apple.product-type.library.static
    export PROFILING_CODE\=NO
    export PROJECT\=Pods
    export PROJECT_DERIVED_FILE_DIR\=/Users/shashishekhar/Library/Developer/Xcode/DerivedData/RestaurantsNearMeIOS-cxlnvzrpmdwxdmausljrqbwijesy/Build/Intermediates.noindex/Pods.build/DerivedSources
    export PROJECT_DIR\=/Users/shashishekhar/Desktop/RestaurantsNearMeIOS/ios/Pods
    export PROJECT_FILE_PATH\=/Users/shashishekhar/Desktop/RestaurantsNearMeIOS/ios/Pods/Pods.xcodeproj
    export PROJECT_GUID\=8699adb1dd336b26511df848a716bd42
    export PROJECT_NAME\=Pods
    export PROJECT_TEMP_DIR\=/Users/shashishekhar/Library/Developer/Xcode/DerivedData/RestaurantsNearMeIOS-cxlnvzrpmdwxdmausljrqbwijesy/Build/Intermediates.noindex/Pods.build
    export PROJECT_TEMP_ROOT\=/Users/shashishekhar/Library/Developer/Xcode/DerivedData/RestaurantsNearMeIOS-cxlnvzrpmdwxdmausljrqbwijesy/Build/Intermediates.noindex
    export REACT_NATIVE_PATH\=/Users/shashishekhar/Desktop/RestaurantsNearMeIOS/ios/Pods/../../node_modules/react-native
    export RECOMMENDED_IPHONEOS_DEPLOYMENT_TARGET\=15.0
    export RECURSIVE_SEARCH_PATHS_FOLLOW_SYMLINKS\=YES
    export REMOVE_CVS_FROM_RESOURCES\=YES
    export REMOVE_GIT_FROM_RESOURCES\=YES
    export REMOVE_HEADERS_FROM_EMBEDDED_BUNDLES\=YES
    export REMOVE_HG_FROM_RESOURCES\=YES
    export REMOVE_STATIC_EXECUTABLES_FROM_EMBEDDED_BUNDLES\=YES
    export REMOVE_SVN_FROM_RESOURCES\=YES
    export RESCHEDULE_INDEPENDENT_HEADERS_PHASES\=YES
    export REZ_COLLECTOR_DIR\=/Users/shashishekhar/Library/Developer/Xcode/DerivedData/RestaurantsNearMeIOS-cxlnvzrpmdwxdmausljrqbwijesy/Build/Intermediates.noindex/Pods.build/Debug-iphonesimulator/AsyncStorage.build/ResourceManagerResources
    export REZ_EXECUTABLE\=YES
    export REZ_OBJECTS_DIR\=/Users/shashishekhar/Library/Developer/Xcode/DerivedData/RestaurantsNearMeIOS-cxlnvzrpmdwxdmausljrqbwijesy/Build/Intermediates.noindex/Pods.build/Debug-iphonesimulator/AsyncStorage.build/ResourceManagerResources/Objects
    export REZ_SEARCH_PATHS\=/Users/shashishekhar/Library/Developer/Xcode/DerivedData/RestaurantsNearMeIOS-cxlnvzrpmdwxdmausljrqbwijesy/Build/Products/Debug-iphonesimulator/AsyncStorage\ 
    export RPATH_ORIGIN\=@loader_path
    export RUNTIME_EXCEPTION_ALLOW_DYLD_ENVIRONMENT_VARIABLES\=NO
    export RUNTIME_EXCEPTION_ALLOW_JIT\=NO
    export RUNTIME_EXCEPTION_ALLOW_UNSIGNED_EXECUTABLE_MEMORY\=NO
    export RUNTIME_EXCEPTION_DEBUGGING_TOOL\=NO
    export RUNTIME_EXCEPTION_DISABLE_EXECUTABLE_PAGE_PROTECTION\=NO
    export RUNTIME_EXCEPTION_DISABLE_LIBRARY_VALIDATION\=NO
    export SCANNING_PCM_KEEP_CACHE_DIRECTORY\=YES
    export SCAN_ALL_SOURCE_FILES_FOR_INCLUDES\=NO
    export SCRIPT_INPUT_FILE_0\=/Users/shashishekhar/Library/Developer/Xcode/DerivedData/RestaurantsNearMeIOS-cxlnvzrpmdwxdmausljrqbwijesy/Build/Intermediates.noindex/Pods.build/Debug-iphonesimulator/AsyncStorage.build/DerivedSources/AsyncStorage-Swift.h
    export SCRIPT_INPUT_FILE_1\=/Users/shashishekhar/Desktop/RestaurantsNearMeIOS/ios/Pods/Headers/Public/AsyncStorage/AsyncStorage.modulemap
    export SCRIPT_INPUT_FILE_2\=/Users/shashishekhar/Desktop/RestaurantsNearMeIOS/ios/Pods/Headers/Public/AsyncStorage/AsyncStorage-umbrella.h
    export SCRIPT_INPUT_FILE_COUNT\=3
    export SCRIPT_INPUT_FILE_LIST_COUNT\=0
    export SCRIPT_OUTPUT_FILE_0\=/Users/shashishekhar/Library/Developer/Xcode/DerivedData/RestaurantsNearMeIOS-cxlnvzrpmdwxdmausljrqbwijesy/Build/Products/Debug-iphonesimulator/AsyncStorage/AsyncStorage.modulemap
    export SCRIPT_OUTPUT_FILE_1\=/Users/shashishekhar/Library/Developer/Xcode/DerivedData/RestaurantsNearMeIOS-cxlnvzrpmdwxdmausljrqbwijesy/Build/Products/Debug-iphonesimulator/AsyncStorage/AsyncStorage-umbrella.h
    export SCRIPT_OUTPUT_FILE_2\=/Users/shashishekhar/Library/Developer/Xcode/DerivedData/RestaurantsNearMeIOS-cxlnvzrpmdwxdmausljrqbwijesy/Build/Products/Debug-iphonesimulator/AsyncStorage/Swift\ Compatibility\ Header/AsyncStorage-Swift.h
    export SCRIPT_OUTPUT_FILE_COUNT\=3
    export SCRIPT_OUTPUT_FILE_LIST_COUNT\=0
    export SDKROOT\=/Applications/Xcode.app/Contents/Developer/Platforms/iPhoneSimulator.platform/Developer/SDKs/iPhoneSimulator26.5.sdk
    export SDK_DIR\=/Applications/Xcode.app/Contents/Developer/Platforms/iPhoneSimulator.platform/Developer/SDKs/iPhoneSimulator26.5.sdk
    export SDK_DIR_iphonesimulator\=/Applications/Xcode.app/Contents/Developer/Platforms/iPhoneSimulator.platform/Developer/SDKs/iPhoneSimulator26.5.sdk
    export SDK_DIR_iphonesimulator26_5\=/Applications/Xcode.app/Contents/Developer/Platforms/iPhoneSimulator.platform/Developer/SDKs/iPhoneSimulator26.5.sdk
    export SDK_NAME\=iphonesimulator26.5
    export SDK_NAMES\=iphonesimulator26.5
    export SDK_PRODUCT_BUILD_VERSION\=23F81a
    export SDK_STAT_CACHE_DIR\=/Users/shashishekhar/Library/Developer/Xcode/DerivedData
    export SDK_STAT_CACHE_ENABLE\=YES
    export SDK_STAT_CACHE_PATH\=/Users/shashishekhar/Library/Developer/Xcode/DerivedData/SDKStatCaches.noindex/iphonesimulator26.5-23F81a-6cfe768891a92b912361537c460fe42b.sdkstatcache
    export SDK_VERSION\=26.5
    export SDK_VERSION_ACTUAL\=260500
    export SDK_VERSION_MAJOR\=260000
    export SDK_VERSION_MINOR\=260500
    export SED\=/usr/bin/sed
    export SEPARATE_STRIP\=NO
    export SEPARATE_SYMBOL_EDIT\=NO
    export SET_DIR_MODE_OWNER_GROUP\=YES
    export SET_FILE_MODE_OWNER_GROUP\=NO
    export SHALLOW_BUNDLE\=NO
    export SHARED_DERIVED_FILE_DIR\=/Users/shashishekhar/Library/Developer/Xcode/DerivedData/RestaurantsNearMeIOS-cxlnvzrpmdwxdmausljrqbwijesy/Build/Products/Debug-iphonesimulator/AsyncStorage/DerivedSources
    export SHARED_PRECOMPS_DIR\=/Users/shashishekhar/Library/Developer/Xcode/DerivedData/RestaurantsNearMeIOS-cxlnvzrpmdwxdmausljrqbwijesy/Build/Intermediates.noindex/PrecompiledHeaders
    export SKIP_INSTALL\=YES
    export SKIP_MERGEABLE_LIBRARY_BUNDLE_HOOK\=NO
    export SOURCE_ROOT\=/Users/shashishekhar/Desktop/RestaurantsNearMeIOS/ios/Pods
    export SRCROOT\=/Users/shashishekhar/Desktop/RestaurantsNearMeIOS/ios/Pods
    export STRINGSDATA_DIR\=/Users/shashishekhar/Library/Developer/Xcode/DerivedData/RestaurantsNearMeIOS-cxlnvzrpmdwxdmausljrqbwijesy/Build/Intermediates.noindex/Pods.build/Debug-iphonesimulator/AsyncStorage.build/Objects-normal/undefined_arch
    export STRINGSDATA_ROOT\=/Users/shashishekhar/Library/Developer/Xcode/DerivedData/RestaurantsNearMeIOS-cxlnvzrpmdwxdmausljrqbwijesy/Build/Intermediates.noindex/Pods.build/Debug-iphonesimulator/AsyncStorage.build
    export STRINGS_FILE_INFOPLIST_RENAME\=YES
    export STRINGS_FILE_OUTPUT_ENCODING\=binary
    export STRING_CATALOG_GENERATE_SYMBOLS\=NO
    export STRIP_BITCODE_FROM_COPIED_FILES\=NO
    export STRIP_INSTALLED_PRODUCT\=NO
    export STRIP_STYLE\=debugging
    export STRIP_SWIFT_SYMBOLS\=YES
    export SUPPORTED_DEVICE_FAMILIES\=1,2
    export SUPPORTED_PLATFORMS\=iphoneos\ iphonesimulator
    export SUPPORTS_TEXT_BASED_API\=NO
    export SUPPRESS_WARNINGS\=NO
    export SWIFT_ACTIVE_COMPILATION_CONDITIONS\=\ DEBUG\ 
    export SWIFT_EMIT_CONST_VALUE_PROTOCOLS\=AnyResolverProviding\ AppEntity\ AppEnum\ AppExtension\ AppIntent\ AppIntentsPackage\ AppShortcutProviding\ AppShortcutsProvider\ AppUnionValue\ AppUnionValueCasesProviding\ DynamicOptionsProvider\ EntityQuery\ ExtensionPointDefining\ IntentValueQuery\ Resolver\ TransientEntity\ _AssistantIntentsProvider\ _GenerativeFunctionExtractable\ _IntentValueRepresentable
    export SWIFT_EMIT_LOC_STRINGS\=NO
    export SWIFT_ENABLE_EXPLICIT_MODULES\=NO
    export SWIFT_INSTALL_OBJC_HEADER\=YES
    export SWIFT_OPTIMIZATION_LEVEL\=-Onone
    export SWIFT_PLATFORM_TARGET_PREFIX\=ios
    export SWIFT_RESPONSE_FILE_PATH_normal_arm64\=/Users/shashishekhar/Library/Developer/Xcode/DerivedData/RestaurantsNearMeIOS-cxlnvzrpmdwxdmausljrqbwijesy/Build/Intermediates.noindex/Pods.build/Debug-iphonesimulator/AsyncStorage.build/Objects-normal/arm64/AsyncStorage.SwiftFileList
    export SWIFT_RESPONSE_FILE_PATH_normal_x86_64\=/Users/shashishekhar/Library/Developer/Xcode/DerivedData/RestaurantsNearMeIOS-cxlnvzrpmdwxdmausljrqbwijesy/Build/Intermediates.noindex/Pods.build/Debug-iphonesimulator/AsyncStorage.build/Objects-normal/x86_64/AsyncStorage.SwiftFileList
    export SWIFT_VERSION\=5.9.2
    export SYMROOT\=/Users/shashishekhar/Library/Developer/Xcode/DerivedData/RestaurantsNearMeIOS-cxlnvzrpmdwxdmausljrqbwijesy/Build/Products
    export SYSTEM_ADMIN_APPS_DIR\=/Applications/Utilities
    export SYSTEM_APPS_DIR\=/Applications
    export SYSTEM_CORE_SERVICES_DIR\=/System/Library/CoreServices
    export SYSTEM_DEMOS_DIR\=/Applications/Extras
    export SYSTEM_DEVELOPER_APPS_DIR\=/Applications/Xcode.app/Contents/Developer/Applications
    export SYSTEM_DEVELOPER_BIN_DIR\=/Applications/Xcode.app/Contents/Developer/usr/bin
    export SYSTEM_DEVELOPER_DEMOS_DIR\=/Applications/Xcode.app/Contents/Developer/Applications/Utilities/Built\ Examples
    export SYSTEM_DEVELOPER_DIR\=/Applications/Xcode.app/Contents/Developer
    export SYSTEM_DEVELOPER_DOC_DIR\=/Applications/Xcode.app/Contents/Developer/ADC\ Reference\ Library
    export SYSTEM_DEVELOPER_GRAPHICS_TOOLS_DIR\=/Applications/Xcode.app/Contents/Developer/Applications/Graphics\ Tools
    export SYSTEM_DEVELOPER_JAVA_TOOLS_DIR\=/Applications/Xcode.app/Contents/Developer/Applications/Java\ Tools
    export SYSTEM_DEVELOPER_PERFORMANCE_TOOLS_DIR\=/Applications/Xcode.app/Contents/Developer/Applications/Performance\ Tools
    export SYSTEM_DEVELOPER_RELEASENOTES_DIR\=/Applications/Xcode.app/Contents/Developer/ADC\ Reference\ Library/releasenotes
    export SYSTEM_DEVELOPER_TOOLS\=/Applications/Xcode.app/Contents/Developer/Tools
    export SYSTEM_DEVELOPER_TOOLS_DOC_DIR\=/Applications/Xcode.app/Contents/Developer/ADC\ Reference\ Library/documentation/DeveloperTools
    export SYSTEM_DEVELOPER_TOOLS_RELEASENOTES_DIR\=/Applications/Xcode.app/Contents/Developer/ADC\ Reference\ Library/releasenotes/DeveloperTools
    export SYSTEM_DEVELOPER_USR_DIR\=/Applications/Xcode.app/Contents/Developer/usr
    export SYSTEM_DEVELOPER_UTILITIES_DIR\=/Applications/Xcode.app/Contents/Developer/Applications/Utilities
    export SYSTEM_DEXT_INSTALL_PATH\=/System/Library/DriverExtensions
    export SYSTEM_DOCUMENTATION_DIR\=/Library/Documentation
    export SYSTEM_KEXT_INSTALL_PATH\=/System/Library/Extensions
    export SYSTEM_LIBRARY_DIR\=/System/Library
    export TAPI_DEMANGLE\=YES
    export TAPI_ENABLE_PROJECT_HEADERS\=NO
    export TAPI_LANGUAGE\=objective-c
    export TAPI_LANGUAGE_STANDARD\=compiler-default
    export TAPI_USE_SRCROOT\=YES
    export TAPI_VERIFY_MODE\=Pedantic
    export TARGETED_DEVICE_FAMILY\=1,2
    export TARGETNAME\=AsyncStorage
    export TARGET_BUILD_DIR\=/Users/shashishekhar/Library/Developer/Xcode/DerivedData/RestaurantsNearMeIOS-cxlnvzrpmdwxdmausljrqbwijesy/Build/Products/Debug-iphonesimulator/AsyncStorage
    export TARGET_NAME\=AsyncStorage
    export TARGET_TEMP_DIR\=/Users/shashishekhar/Library/Developer/Xcode/DerivedData/RestaurantsNearMeIOS-cxlnvzrpmdwxdmausljrqbwijesy/Build/Intermediates.noindex/Pods.build/Debug-iphonesimulator/AsyncStorage.build
    export TEMP_DIR\=/Users/shashishekhar/Library/Developer/Xcode/DerivedData/RestaurantsNearMeIOS-cxlnvzrpmdwxdmausljrqbwijesy/Build/Intermediates.noindex/Pods.build/Debug-iphonesimulator/AsyncStorage.build
    export TEMP_FILES_DIR\=/Users/shashishekhar/Library/Developer/Xcode/DerivedData/RestaurantsNearMeIOS-cxlnvzrpmdwxdmausljrqbwijesy/Build/Intermediates.noindex/Pods.build/Debug-iphonesimulator/AsyncStorage.build
    export TEMP_FILE_DIR\=/Users/shashishekhar/Library/Developer/Xcode/DerivedData/RestaurantsNearMeIOS-cxlnvzrpmdwxdmausljrqbwijesy/Build/Intermediates.noindex/Pods.build/Debug-iphonesimulator/AsyncStorage.build
    export TEMP_ROOT\=/Users/shashishekhar/Library/Developer/Xcode/DerivedData/RestaurantsNearMeIOS-cxlnvzrpmdwxdmausljrqbwijesy/Build/Intermediates.noindex
    export TEMP_SANDBOX_DIR\=/Users/shashishekhar/Library/Developer/Xcode/DerivedData/RestaurantsNearMeIOS-cxlnvzrpmdwxdmausljrqbwijesy/Build/Intermediates.noindex/TemporaryTaskSandboxes
    export TEST_FRAMEWORK_SEARCH_PATHS\=\ /Applications/Xcode.app/Contents/Developer/Platforms/iPhoneSimulator.platform/Developer/Library/Frameworks\ /Applications/Xcode.app/Contents/Developer/Platforms/iPhoneSimulator.platform/Developer/SDKs/iPhoneSimulator26.5.sdk/Developer/Library/Frameworks
    export TEST_LIBRARY_SEARCH_PATHS\=\ /Applications/Xcode.app/Contents/Developer/Platforms/iPhoneSimulator.platform/Developer/usr/lib
    export TOOLCHAINS\=com.apple.dt.toolchain.XcodeDefault
    export TOOLCHAIN_DIR\=/Applications/Xcode.app/Contents/Developer/Toolchains/XcodeDefault.xctoolchain
    export TREAT_MISSING_BASELINES_AS_TEST_FAILURES\=NO
    export TREAT_MISSING_SCRIPT_PHASE_OUTPUTS_AS_ERRORS\=NO
    export UID\=501
    export UNINSTALLED_PRODUCTS_DIR\=/Users/shashishekhar/Library/Developer/Xcode/DerivedData/RestaurantsNearMeIOS-cxlnvzrpmdwxdmausljrqbwijesy/Build/Intermediates.noindex/UninstalledProducts
    export UNSTRIPPED_PRODUCT\=NO
    export USER\=shashishekhar
    export USER_APPS_DIR\=/Users/shashishekhar/Applications
    export USER_LIBRARY_DIR\=/Users/shashishekhar/Library
    export USE_DYNAMIC_NO_PIC\=YES
    export USE_HEADERMAP\=YES
    export USE_HEADER_SYMLINKS\=NO
    export USE_HERMES\=true
    export USE_RECURSIVE_SCRIPT_INPUTS_IN_SCRIPT_PHASES\=YES
    export VALIDATE_DEVELOPMENT_ASSET_PATHS\=YES_ERROR
    export VALIDATE_PRODUCT\=NO
    export VALID_ARCHS\=arm64\ x86_64
    export VERBOSE_PBXCP\=NO
    export VERSION_INFO_BUILDER\=shashishekhar
    export VERSION_INFO_FILE\=AsyncStorage_vers.c
    export VERSION_INFO_STRING\=\"@\(\#\)PROGRAM:AsyncStorage\ \ PROJECT:Pods-\"
    export WORKSPACE_DIR\=/Users/shashishekhar/Desktop/RestaurantsNearMeIOS/ios
    export WRAP_ASSET_PACKS_IN_SEPARATE_DIRECTORIES\=NO
    export XCODE_APP_SUPPORT_DIR\=/Applications/Xcode.app/Contents/Developer/Library/Xcode
    export XCODE_PRODUCT_BUILD_VERSION\=17F113
    export XCODE_VERSION_ACTUAL\=2660
    export XCODE_VERSION_MAJOR\=2600
    export XCODE_VERSION_MINOR\=2660
    export XPCSERVICES_FOLDER_PATH\=/XPCServices
    export YACC\=yacc
    export _DISCOVER_COMMAND_LINE_LINKER_INPUTS\=YES
    export _DISCOVER_COMMAND_LINE_LINKER_INPUTS_INCLUDE_WL\=YES
    export _LD_MULTIARCH\=YES
    export __DIAGNOSE_DEPRECATED_ARCHS\=YES
    export __ORIGINAL_SDK_DEFINED_LLVM_TARGET_TRIPLE_SYS\=ios
    export arch\=undefined_arch
    export variant\=normal
    /bin/sh -c /Users/shashishekhar/Library/Developer/Xcode/DerivedData/RestaurantsNearMeIOS-cxlnvzrpmdwxdmausljrqbwijesy/Build/Intermediates.noindex/Pods.build/Debug-iphonesimulator/AsyncStorage.build/Script-46EB2E00014D80.sh

PrecompileModule /Users/shashishekhar/Library/Developer/Xcode/DerivedData/RestaurantsNearMeIOS-cxlnvzrpmdwxdmausljrqbwijesy/Build/Intermediates.noindex/ExplicitPrecompiledModules/ptrauth-A2XD0ATZ39UYX2L9OXFT7DHXP.scan
    cd /
    builtin-precompileModule /Users/shashishekhar/Library/Developer/Xcode/DerivedData/RestaurantsNearMeIOS-cxlnvzrpmdwxdmausljrqbwijesy/Build/Intermediates.noindex/ExplicitPrecompiledModules/ptrauth-A2XD0ATZ39UYX2L9OXFT7DHXP.scan

PrecompileModule /Users/shashishekhar/Library/Developer/Xcode/DerivedData/RestaurantsNearMeIOS-cxlnvzrpmdwxdmausljrqbwijesy/Build/Intermediates.noindex/ExplicitPrecompiledModules/_Builtin_stddef-BAX1WJLQSODWH2G9W5MNV7Q5J.scan
    cd /
    builtin-precompileModule /Users/shashishekhar/Library/Developer/Xcode/DerivedData/RestaurantsNearMeIOS-cxlnvzrpmdwxdmausljrqbwijesy/Build/Intermediates.noindex/ExplicitPrecompiledModules/_Builtin_stddef-BAX1WJLQSODWH2G9W5MNV7Q5J.scan

PrecompileModule /Users/shashishekhar/Library/Developer/Xcode/DerivedData/RestaurantsNearMeIOS-cxlnvzrpmdwxdmausljrqbwijesy/Build/Intermediates.noindex/ExplicitPrecompiledModules/_Builtin_stdbool-AU13JYYTZ3GF57W4SAHCVNN9O.scan
    cd /
    builtin-precompileModule /Users/shashishekhar/Library/Developer/Xcode/DerivedData/RestaurantsNearMeIOS-cxlnvzrpmdwxdmausljrqbwijesy/Build/Intermediates.noindex/ExplicitPrecompiledModules/_Builtin_stdbool-AU13JYYTZ3GF57W4SAHCVNN9O.scan

PrecompileModule /Users/shashishekhar/Library/Developer/Xcode/DerivedData/RestaurantsNearMeIOS-cxlnvzrpmdwxdmausljrqbwijesy/Build/Intermediates.noindex/ExplicitPrecompiledModules/_AvailabilityInternal-BP1KNTTJYYJIDM003EDWWJJFW.scan
    cd /
    builtin-precompileModule /Users/shashishekhar/Library/Developer/Xcode/DerivedData/RestaurantsNearMeIOS-cxlnvzrpmdwxdmausljrqbwijesy/Build/Intermediates.noindex/ExplicitPrecompiledModules/_AvailabilityInternal-BP1KNTTJYYJIDM003EDWWJJFW.scan

PrecompileModule /Users/shashishekhar/Library/Developer/Xcode/DerivedData/RestaurantsNearMeIOS-cxlnvzrpmdwxdmausljrqbwijesy/Build/Intermediates.noindex/ExplicitPrecompiledModules/_Builtin_float-5MWTSNJFQT6LQ8KS4TQ4VPUDX.scan
    cd /
    builtin-precompileModule /Users/shashishekhar/Library/Developer/Xcode/DerivedData/RestaurantsNearMeIOS-cxlnvzrpmdwxdmausljrqbwijesy/Build/Intermediates.noindex/ExplicitPrecompiledModules/_Builtin_float-5MWTSNJFQT6LQ8KS4TQ4VPUDX.scan

PrecompileModule /Users/shashishekhar/Library/Developer/Xcode/DerivedData/RestaurantsNearMeIOS-cxlnvzrpmdwxdmausljrqbwijesy/Build/Intermediates.noindex/ExplicitPrecompiledModules/_Builtin_stdarg-2BZX6V0QHAQ0GC5X1S52IMRV3.scan
    cd /
    builtin-precompileModule /Users/shashishekhar/Library/Developer/Xcode/DerivedData/RestaurantsNearMeIOS-cxlnvzrpmdwxdmausljrqbwijesy/Build/Intermediates.noindex/ExplicitPrecompiledModules/_Builtin_stdarg-2BZX6V0QHAQ0GC5X1S52IMRV3.scan

PrecompileModule /Users/shashishekhar/Library/Developer/Xcode/DerivedData/RestaurantsNearMeIOS-cxlnvzrpmdwxdmausljrqbwijesy/Build/Intermediates.noindex/ExplicitPrecompiledModules/ptrcheck-D5N4QAMMGALSMLVW4B7Y2PP6U.scan
    cd /
    builtin-precompileModule /Users/shashishekhar/Library/Developer/Xcode/DerivedData/RestaurantsNearMeIOS-cxlnvzrpmdwxdmausljrqbwijesy/Build/Intermediates.noindex/ExplicitPrecompiledModules/ptrcheck-D5N4QAMMGALSMLVW4B7Y2PP6U.scan

ScanDependencies /Users/shashishekhar/Library/Developer/Xcode/DerivedData/RestaurantsNearMeIOS-cxlnvzrpmdwxdmausljrqbwijesy/Build/Intermediates.noindex/Pods.build/Debug-iphonesimulator/react-native-config.build/Objects-normal/x86_64/RNCConfig.o /Users/shashishekhar/Desktop/RestaurantsNearMeIOS/node_modules/react-native-config/ios/ReactNativeConfig/RNCConfig.m normal x86_64 objective-c com.apple.compilers.llvm.clang.1_0.compiler (in target 'react-native-config' from project 'Pods')
    cd /Users/shashishekhar/Desktop/RestaurantsNearMeIOS/ios/Pods
    
    Using response file: /Users/shashishekhar/Library/Developer/Xcode/DerivedData/RestaurantsNearMeIOS-cxlnvzrpmdwxdmausljrqbwijesy/Build/Intermediates.noindex/Pods.build/Debug-iphonesimulator/react-native-config.build/Objects-normal/x86_64/e6072d4f65d7061329687fe24e3d63a7-common-args.resp
    
    builtin-ScanDependencies -o /Users/shashishekhar/Library/Developer/Xcode/DerivedData/RestaurantsNearMeIOS-cxlnvzrpmdwxdmausljrqbwijesy/Build/Intermediates.noindex/Pods.build/Debug-iphonesimulator/react-native-config.build/Objects-normal/x86_64/RNCConfig.o.scan -- /Applications/Xcode.app/Contents/Developer/Toolchains/XcodeDefault.xctoolchain/usr/bin/clang -x objective-c -ivfsstatcache /Users/shashishekhar/Library/Developer/Xcode/DerivedData/SDKStatCaches.noindex/iphonesimulator26.5-23F81a-6cfe768891a92b912361537c460fe42b.sdkstatcache -target x86_64-apple-ios15.1-simulator -fmessage-length\=0 -fdiagnostics-show-note-include-stack -fmacro-backtrace-limit\=0 -fno-color-diagnostics -fmodules-prune-interval\=86400 -fmodules-prune-after\=345600 -fbuild-session-file\=/Users/shashishekhar/Library/Developer/Xcode/DerivedData/ModuleCache.noindex/Session.modulevalidation -fmodules-validate-once-per-build-session -Wno-trigraphs -Wno-missing-field-initializers -Wno-missing-prototypes -Werror\=return-type -Wdocumentation -Wunreachable-code -Wno-implicit-atomic-properties -Werror\=deprecated-objc-isa-usage -Wno-objc-interface-ivars -Werror\=objc-root-class -Wno-arc-repeated-use-of-weak -Wimplicit-retain-self -Wduplicate-method-match -Wno-missing-braces -Wparentheses -Wswitch -Wunused-function -Wno-unused-label -Wno-unused-parameter -Wunused-variable -Wunused-value -Wempty-body -Wuninitialized -Wconditional-uninitialized -Wno-unknown-pragmas -Wno-shadow -Wno-four-char-constants -Wno-conversion -Wconstant-conversion -Wint-conversion -Wbool-conversion -Wenum-conversion -Wno-float-conversion -Wnon-literal-null-conversion -Wobjc-literal-conversion -Wshorten-64-to-32 -Wpointer-sign -Wno-newline-eof -Wno-selector -Wno-strict-selector-match -Wundeclared-selector -Wdeprecated-implementations -Wno-implicit-fallthrough -isysroot /Applications/Xcode.app/Contents/Developer/Platforms/iPhoneSimulator.platform/Developer/SDKs/iPhoneSimulator26.5.sdk -fstrict-aliasing -Wprotocol -Wdeprecated-declarations -Wno-sign-conversion -Winfinite-recursion -Wcomma -Wblock-capture-autoreleasing -Wstrict-prototypes -Wno-semicolon-before-method-body -Wunguarded-availability -index-store-path /Users/shashishekhar/Library/Developer/Xcode/DerivedData/RestaurantsNearMeIOS-cxlnvzrpmdwxdmausljrqbwijesy/Index.noindex/DataStore @/Users/shashishekhar/Library/Developer/Xcode/DerivedData/RestaurantsNearMeIOS-cxlnvzrpmdwxdmausljrqbwijesy/Build/Intermediates.noindex/Pods.build/Debug-iphonesimulator/react-native-config.build/Objects-normal/x86_64/e6072d4f65d7061329687fe24e3d63a7-common-args.resp -DRCT_NEW_ARCH_ENABLED\=1 -include /Users/shashishekhar/Desktop/RestaurantsNearMeIOS/ios/Pods/Target\ Support\ Files/react-native-config/react-native-config-prefix.pch -MMD -MT dependencies -MF /Users/shashishekhar/Library/Developer/Xcode/DerivedData/RestaurantsNearMeIOS-cxlnvzrpmdwxdmausljrqbwijesy/Build/Intermediates.noindex/Pods.build/Debug-iphonesimulator/react-native-config.build/Objects-normal/x86_64/RNCConfig.d --serialize-diagnostics /Users/shashishekhar/Library/Developer/Xcode/DerivedData/RestaurantsNearMeIOS-cxlnvzrpmdwxdmausljrqbwijesy/Build/Intermediates.noindex/Pods.build/Debug-iphonesimulator/react-native-config.build/Objects-normal/x86_64/RNCConfig.dia -c /Users/shashishekhar/Desktop/RestaurantsNearMeIOS/node_modules/react-native-config/ios/ReactNativeConfig/RNCConfig.m -o /Users/shashishekhar/Library/Developer/Xcode/DerivedData/RestaurantsNearMeIOS-cxlnvzrpmdwxdmausljrqbwijesy/Build/Intermediates.noindex/Pods.build/Debug-iphonesimulator/react-native-config.build/Objects-normal/x86_64/RNCConfig.o -index-unit-output-path /Pods.build/Debug-iphonesimulator/react-native-config.build/Objects-normal/x86_64/RNCConfig.o

ScanDependencies /Users/shashishekhar/Library/Developer/Xcode/DerivedData/RestaurantsNearMeIOS-cxlnvzrpmdwxdmausljrqbwijesy/Build/Intermediates.noindex/Pods.build/Debug-iphonesimulator/react-native-config.build/Objects-normal/x86_64/GeneratedDotEnv.o /Users/shashishekhar/Desktop/RestaurantsNearMeIOS/node_modules/react-native-config/ios/ReactNativeConfig/GeneratedDotEnv.m normal x86_64 objective-c com.apple.compilers.llvm.clang.1_0.compiler (in target 'react-native-config' from project 'Pods')
    cd /Users/shashishekhar/Desktop/RestaurantsNearMeIOS/ios/Pods
    
    Using response file: /Users/shashishekhar/Library/Developer/Xcode/DerivedData/RestaurantsNearMeIOS-cxlnvzrpmdwxdmausljrqbwijesy/Build/Intermediates.noindex/Pods.build/Debug-iphonesimulator/react-native-config.build/Objects-normal/x86_64/e6072d4f65d7061329687fe24e3d63a7-common-args.resp
    
    builtin-ScanDependencies -o /Users/shashishekhar/Library/Developer/Xcode/DerivedData/RestaurantsNearMeIOS-cxlnvzrpmdwxdmausljrqbwijesy/Build/Intermediates.noindex/Pods.build/Debug-iphonesimulator/react-native-config.build/Objects-normal/x86_64/GeneratedDotEnv.o.scan -- /Applications/Xcode.app/Contents/Developer/Toolchains/XcodeDefault.xctoolchain/usr/bin/clang -x objective-c -ivfsstatcache /Users/shashishekhar/Library/Developer/Xcode/DerivedData/SDKStatCaches.noindex/iphonesimulator26.5-23F81a-6cfe768891a92b912361537c460fe42b.sdkstatcache -target x86_64-apple-ios15.1-simulator -fmessage-length\=0 -fdiagnostics-show-note-include-stack -fmacro-backtrace-limit\=0 -fno-color-diagnostics -fmodules-prune-interval\=86400 -fmodules-prune-after\=345600 -fbuild-session-file\=/Users/shashishekhar/Library/Developer/Xcode/DerivedData/ModuleCache.noindex/Session.modulevalidation -fmodules-validate-once-per-build-session -Wno-trigraphs -Wno-missing-field-initializers -Wno-missing-prototypes -Werror\=return-type -Wdocumentation -Wunreachable-code -Wno-implicit-atomic-properties -Werror\=deprecated-objc-isa-usage -Wno-objc-interface-ivars -Werror\=objc-root-class -Wno-arc-repeated-use-of-weak -Wimplicit-retain-self -Wduplicate-method-match -Wno-missing-braces -Wparentheses -Wswitch -Wunused-function -Wno-unused-label -Wno-unused-parameter -Wunused-variable -Wunused-value -Wempty-body -Wuninitialized -Wconditional-uninitialized -Wno-unknown-pragmas -Wno-shadow -Wno-four-char-constants -Wno-conversion -Wconstant-conversion -Wint-conversion -Wbool-conversion -Wenum-conversion -Wno-float-conversion -Wnon-literal-null-conversion -Wobjc-literal-conversion -Wshorten-64-to-32 -Wpointer-sign -Wno-newline-eof -Wno-selector -Wno-strict-selector-match -Wundeclared-selector -Wdeprecated-implementations -Wno-implicit-fallthrough -isysroot /Applications/Xcode.app/Contents/Developer/Platforms/iPhoneSimulator.platform/Developer/SDKs/iPhoneSimulator26.5.sdk -fstrict-aliasing -Wprotocol -Wdeprecated-declarations -Wno-sign-conversion -Winfinite-recursion -Wcomma -Wblock-capture-autoreleasing -Wstrict-prototypes -Wno-semicolon-before-method-body -Wunguarded-availability -index-store-path /Users/shashishekhar/Library/Developer/Xcode/DerivedData/RestaurantsNearMeIOS-cxlnvzrpmdwxdmausljrqbwijesy/Index.noindex/DataStore @/Users/shashishekhar/Library/Developer/Xcode/DerivedData/RestaurantsNearMeIOS-cxlnvzrpmdwxdmausljrqbwijesy/Build/Intermediates.noindex/Pods.build/Debug-iphonesimulator/react-native-config.build/Objects-normal/x86_64/e6072d4f65d7061329687fe24e3d63a7-common-args.resp -DRCT_NEW_ARCH_ENABLED\=1 -include /Users/shashishekhar/Desktop/RestaurantsNearMeIOS/ios/Pods/Target\ Support\ Files/react-native-config/react-native-config-prefix.pch -MMD -MT dependencies -MF /Users/shashishekhar/Library/Developer/Xcode/DerivedData/RestaurantsNearMeIOS-cxlnvzrpmdwxdmausljrqbwijesy/Build/Intermediates.noindex/Pods.build/Debug-iphonesimulator/react-native-config.build/Objects-normal/x86_64/GeneratedDotEnv.d --serialize-diagnostics /Users/shashishekhar/Library/Developer/Xcode/DerivedData/RestaurantsNearMeIOS-cxlnvzrpmdwxdmausljrqbwijesy/Build/Intermediates.noindex/Pods.build/Debug-iphonesimulator/react-native-config.build/Objects-normal/x86_64/GeneratedDotEnv.dia -c /Users/shashishekhar/Desktop/RestaurantsNearMeIOS/node_modules/react-native-config/ios/ReactNativeConfig/GeneratedDotEnv.m -o /Users/shashishekhar/Library/Developer/Xcode/DerivedData/RestaurantsNearMeIOS-cxlnvzrpmdwxdmausljrqbwijesy/Build/Intermediates.noindex/Pods.build/Debug-iphonesimulator/react-native-config.build/Objects-normal/x86_64/GeneratedDotEnv.o -index-unit-output-path /Pods.build/Debug-iphonesimulator/react-native-config.build/Objects-normal/x86_64/GeneratedDotEnv.o

ScanDependencies /Users/shashishekhar/Library/Developer/Xcode/DerivedData/RestaurantsNearMeIOS-cxlnvzrpmdwxdmausljrqbwijesy/Build/Intermediates.noindex/Pods.build/Debug-iphonesimulator/react-native-config.build/Objects-normal/arm64/RNCConfig.o /Users/shashishekhar/Desktop/RestaurantsNearMeIOS/node_modules/react-native-config/ios/ReactNativeConfig/RNCConfig.m normal arm64 objective-c com.apple.compilers.llvm.clang.1_0.compiler (in target 'react-native-config' from project 'Pods')
    cd /Users/shashishekhar/Desktop/RestaurantsNearMeIOS/ios/Pods
    
    Using response file: /Users/shashishekhar/Library/Developer/Xcode/DerivedData/RestaurantsNearMeIOS-cxlnvzrpmdwxdmausljrqbwijesy/Build/Intermediates.noindex/Pods.build/Debug-iphonesimulator/react-native-config.build/Objects-normal/arm64/e6072d4f65d7061329687fe24e3d63a7-common-args.resp
    
    builtin-ScanDependencies -o /Users/shashishekhar/Library/Developer/Xcode/DerivedData/RestaurantsNearMeIOS-cxlnvzrpmdwxdmausljrqbwijesy/Build/Intermediates.noindex/Pods.build/Debug-iphonesimulator/react-native-config.build/Objects-normal/arm64/RNCConfig.o.scan -- /Applications/Xcode.app/Contents/Developer/Toolchains/XcodeDefault.xctoolchain/usr/bin/clang -x objective-c -ivfsstatcache /Users/shashishekhar/Library/Developer/Xcode/DerivedData/SDKStatCaches.noindex/iphonesimulator26.5-23F81a-6cfe768891a92b912361537c460fe42b.sdkstatcache -target arm64-apple-ios15.1-simulator -fmessage-length\=0 -fdiagnostics-show-note-include-stack -fmacro-backtrace-limit\=0 -fno-color-diagnostics -fmodules-prune-interval\=86400 -fmodules-prune-after\=345600 -fbuild-session-file\=/Users/shashishekhar/Library/Developer/Xcode/DerivedData/ModuleCache.noindex/Session.modulevalidation -fmodules-validate-once-per-build-session -Wno-trigraphs -Wno-missing-field-initializers -Wno-missing-prototypes -Werror\=return-type -Wdocumentation -Wunreachable-code -Wno-implicit-atomic-properties -Werror\=deprecated-objc-isa-usage -Wno-objc-interface-ivars -Werror\=objc-root-class -Wno-arc-repeated-use-of-weak -Wimplicit-retain-self -Wduplicate-method-match -Wno-missing-braces -Wparentheses -Wswitch -Wunused-function -Wno-unused-label -Wno-unused-parameter -Wunused-variable -Wunused-value -Wempty-body -Wuninitialized -Wconditional-uninitialized -Wno-unknown-pragmas -Wno-shadow -Wno-four-char-constants -Wno-conversion -Wconstant-conversion -Wint-conversion -Wbool-conversion -Wenum-conversion -Wno-float-conversion -Wnon-literal-null-conversion -Wobjc-literal-conversion -Wshorten-64-to-32 -Wpointer-sign -Wno-newline-eof -Wno-selector -Wno-strict-selector-match -Wundeclared-selector -Wdeprecated-implementations -Wno-implicit-fallthrough -isysroot /Applications/Xcode.app/Contents/Developer/Platforms/iPhoneSimulator.platform/Developer/SDKs/iPhoneSimulator26.5.sdk -fstrict-aliasing -Wprotocol -Wdeprecated-declarations -Wno-sign-conversion -Winfinite-recursion -Wcomma -Wblock-capture-autoreleasing -Wstrict-prototypes -Wno-semicolon-before-method-body -Wunguarded-availability -index-store-path /Users/shashishekhar/Library/Developer/Xcode/DerivedData/RestaurantsNearMeIOS-cxlnvzrpmdwxdmausljrqbwijesy/Index.noindex/DataStore @/Users/shashishekhar/Library/Developer/Xcode/DerivedData/RestaurantsNearMeIOS-cxlnvzrpmdwxdmausljrqbwijesy/Build/Intermediates.noindex/Pods.build/Debug-iphonesimulator/react-native-config.build/Objects-normal/arm64/e6072d4f65d7061329687fe24e3d63a7-common-args.resp -DRCT_NEW_ARCH_ENABLED\=1 -include /Users/shashishekhar/Desktop/RestaurantsNearMeIOS/ios/Pods/Target\ Support\ Files/react-native-config/react-native-config-prefix.pch -MMD -MT dependencies -MF /Users/shashishekhar/Library/Developer/Xcode/DerivedData/RestaurantsNearMeIOS-cxlnvzrpmdwxdmausljrqbwijesy/Build/Intermediates.noindex/Pods.build/Debug-iphonesimulator/react-native-config.build/Objects-normal/arm64/RNCConfig.d --serialize-diagnostics /Users/shashishekhar/Library/Developer/Xcode/DerivedData/RestaurantsNearMeIOS-cxlnvzrpmdwxdmausljrqbwijesy/Build/Intermediates.noindex/Pods.build/Debug-iphonesimulator/react-native-config.build/Objects-normal/arm64/RNCConfig.dia -c /Users/shashishekhar/Desktop/RestaurantsNearMeIOS/node_modules/react-native-config/ios/ReactNativeConfig/RNCConfig.m -o /Users/shashishekhar/Library/Developer/Xcode/DerivedData/RestaurantsNearMeIOS-cxlnvzrpmdwxdmausljrqbwijesy/Build/Intermediates.noindex/Pods.build/Debug-iphonesimulator/react-native-config.build/Objects-normal/arm64/RNCConfig.o -index-unit-output-path /Pods.build/Debug-iphonesimulator/react-native-config.build/Objects-normal/arm64/RNCConfig.o

PrecompileModule /Users/shashishekhar/Library/Developer/Xcode/DerivedData/RestaurantsNearMeIOS-cxlnvzrpmdwxdmausljrqbwijesy/Build/Intermediates.noindex/ExplicitPrecompiledModules/_DarwinFoundation1-77TM3MYLHAHMK68PQU9D2J5J7.scan
    cd /
    builtin-precompileModule /Users/shashishekhar/Library/Developer/Xcode/DerivedData/RestaurantsNearMeIOS-cxlnvzrpmdwxdmausljrqbwijesy/Build/Intermediates.noindex/ExplicitPrecompiledModules/_DarwinFoundation1-77TM3MYLHAHMK68PQU9D2J5J7.scan

PrecompileModule /Users/shashishekhar/Library/Developer/Xcode/DerivedData/RestaurantsNearMeIOS-cxlnvzrpmdwxdmausljrqbwijesy/Build/Intermediates.noindex/ExplicitPrecompiledModules/_AvailabilityInternal-E8F6PJ7JMZB9TS2G2MXHAXQYR.scan
    cd /
    builtin-precompileModule /Users/shashishekhar/Library/Developer/Xcode/DerivedData/RestaurantsNearMeIOS-cxlnvzrpmdwxdmausljrqbwijesy/Build/Intermediates.noindex/ExplicitPrecompiledModules/_AvailabilityInternal-E8F6PJ7JMZB9TS2G2MXHAXQYR.scan

PrecompileModule /Users/shashishekhar/Library/Developer/Xcode/DerivedData/RestaurantsNearMeIOS-cxlnvzrpmdwxdmausljrqbwijesy/Build/Intermediates.noindex/ExplicitPrecompiledModules/_Builtin_stddef-CTETU1ACWEWVLRDZUWPRTNY5.scan
    cd /
    builtin-precompileModule /Users/shashishekhar/Library/Developer/Xcode/DerivedData/RestaurantsNearMeIOS-cxlnvzrpmdwxdmausljrqbwijesy/Build/Intermediates.noindex/ExplicitPrecompiledModules/_Builtin_stddef-CTETU1ACWEWVLRDZUWPRTNY5.scan

PrecompileModule /Users/shashishekhar/Library/Developer/Xcode/DerivedData/RestaurantsNearMeIOS-cxlnvzrpmdwxdmausljrqbwijesy/Build/Intermediates.noindex/ExplicitPrecompiledModules/_Builtin_float-584G0ES0LFOK4O0EWFISVWWMJ.scan
    cd /
    builtin-precompileModule /Users/shashishekhar/Library/Developer/Xcode/DerivedData/RestaurantsNearMeIOS-cxlnvzrpmdwxdmausljrqbwijesy/Build/Intermediates.noindex/ExplicitPrecompiledModules/_Builtin_float-584G0ES0LFOK4O0EWFISVWWMJ.scan

PrecompileModule /Users/shashishekhar/Library/Developer/Xcode/DerivedData/RestaurantsNearMeIOS-cxlnvzrpmdwxdmausljrqbwijesy/Build/Intermediates.noindex/ExplicitPrecompiledModules/_Builtin_stdarg-DJIL58E5ZWBLDPRTBUBW28YKK.scan
    cd /
    builtin-precompileModule /Users/shashishekhar/Library/Developer/Xcode/DerivedData/RestaurantsNearMeIOS-cxlnvzrpmdwxdmausljrqbwijesy/Build/Intermediates.noindex/ExplicitPrecompiledModules/_Builtin_stdarg-DJIL58E5ZWBLDPRTBUBW28YKK.scan

PrecompileModule /Users/shashishekhar/Library/Developer/Xcode/DerivedData/RestaurantsNearMeIOS-cxlnvzrpmdwxdmausljrqbwijesy/Build/Intermediates.noindex/ExplicitPrecompiledModules/_DarwinFoundation2-ERDO8I8NUISNFGR1BRH7B5D95.scan
    cd /
    builtin-precompileModule /Users/shashishekhar/Library/Developer/Xcode/DerivedData/RestaurantsNearMeIOS-cxlnvzrpmdwxdmausljrqbwijesy/Build/Intermediates.noindex/ExplicitPrecompiledModules/_DarwinFoundation2-ERDO8I8NUISNFGR1BRH7B5D95.scan

PrecompileModule /Users/shashishekhar/Library/Developer/Xcode/DerivedData/RestaurantsNearMeIOS-cxlnvzrpmdwxdmausljrqbwijesy/Build/Intermediates.noindex/ExplicitPrecompiledModules/_Builtin_limits-DI3K5P7F8OFMLOQZ3HV3LHR86.scan
    cd /
    builtin-precompileModule /Users/shashishekhar/Library/Developer/Xcode/DerivedData/RestaurantsNearMeIOS-cxlnvzrpmdwxdmausljrqbwijesy/Build/Intermediates.noindex/ExplicitPrecompiledModules/_Builtin_limits-DI3K5P7F8OFMLOQZ3HV3LHR86.scan

PrecompileModule /Users/shashishekhar/Library/Developer/Xcode/DerivedData/RestaurantsNearMeIOS-cxlnvzrpmdwxdmausljrqbwijesy/Build/Intermediates.noindex/ExplicitPrecompiledModules/_Builtin_stdbool-2V0FBPFP4D5JGCQ9S8IQ1MYZN.scan
    cd /
    builtin-precompileModule /Users/shashishekhar/Library/Developer/Xcode/DerivedData/RestaurantsNearMeIOS-cxlnvzrpmdwxdmausljrqbwijesy/Build/Intermediates.noindex/ExplicitPrecompiledModules/_Builtin_stdbool-2V0FBPFP4D5JGCQ9S8IQ1MYZN.scan

PrecompileModule /Users/shashishekhar/Library/Developer/Xcode/DerivedData/RestaurantsNearMeIOS-cxlnvzrpmdwxdmausljrqbwijesy/Build/Intermediates.noindex/ExplicitPrecompiledModules/ptrauth-BOP1NLQONRZGM1LQU9838BYQH.scan
    cd /
    builtin-precompileModule /Users/shashishekhar/Library/Developer/Xcode/DerivedData/RestaurantsNearMeIOS-cxlnvzrpmdwxdmausljrqbwijesy/Build/Intermediates.noindex/ExplicitPrecompiledModules/ptrauth-BOP1NLQONRZGM1LQU9838BYQH.scan

PrecompileModule /Users/shashishekhar/Library/Developer/Xcode/DerivedData/RestaurantsNearMeIOS-cxlnvzrpmdwxdmausljrqbwijesy/Build/Intermediates.noindex/ExplicitPrecompiledModules/ptrcheck-THTMIWIM26J31FGIAHIDLZM4.scan
    cd /
    builtin-precompileModule /Users/shashishekhar/Library/Developer/Xcode/DerivedData/RestaurantsNearMeIOS-cxlnvzrpmdwxdmausljrqbwijesy/Build/Intermediates.noindex/ExplicitPrecompiledModules/ptrcheck-THTMIWIM26J31FGIAHIDLZM4.scan

PrecompileModule /Users/shashishekhar/Library/Developer/Xcode/DerivedData/RestaurantsNearMeIOS-cxlnvzrpmdwxdmausljrqbwijesy/Build/Intermediates.noindex/ExplicitPrecompiledModules/_Builtin_stdint-328EEE11RPHN5JXLLQTGXN64C.scan
    cd /
    builtin-precompileModule /Users/shashishekhar/Library/Developer/Xcode/DerivedData/RestaurantsNearMeIOS-cxlnvzrpmdwxdmausljrqbwijesy/Build/Intermediates.noindex/ExplicitPrecompiledModules/_Builtin_stdint-328EEE11RPHN5JXLLQTGXN64C.scan

SwiftDriverJobDiscovery normal arm64 Emitting module for react_native_pager_view (in target 'react-native-pager-view' from project 'Pods')

SwiftDriver\ Compilation\ Requirements react-native-pager-view normal arm64 com.apple.xcode.tools.swift.compiler (in target 'react-native-pager-view' from project 'Pods')
    cd /Users/shashishekhar/Desktop/RestaurantsNearMeIOS/ios/Pods
    builtin-Swift-Compilation-Requirements -- /Applications/Xcode.app/Contents/Developer/Toolchains/XcodeDefault.xctoolchain/usr/bin/swiftc -module-name react_native_pager_view -Onone @/Users/shashishekhar/Library/Developer/Xcode/DerivedData/RestaurantsNearMeIOS-cxlnvzrpmdwxdmausljrqbwijesy/Build/Intermediates.noindex/Pods.build/Debug-iphonesimulator/react-native-pager-view.build/Objects-normal/arm64/react-native-pager-view.SwiftFileList -DDEBUG -D COCOAPODS -Xcc -fmodule-map-file\=/Users/shashishekhar/Library/Developer/Xcode/DerivedData/RestaurantsNearMeIOS-cxlnvzrpmdwxdmausljrqbwijesy/Build/Products/Debug-iphonesimulator/SwiftUIIntrospect/SwiftUIIntrospect.modulemap -Xcc -fmodule-map-file\=/Users/shashishekhar/Desktop/RestaurantsNearMeIOS/ios/Pods/Headers/Public/ReactCodegen/ReactCodegen.modulemap -import-underlying-module -Xcc -fmodule-map-file\=/Users/shashishekhar/Desktop/RestaurantsNearMeIOS/ios/Pods/Headers/Public/react_native_pager_view/react-native-pager-view.modulemap -DRCT_NEW_ARCH_ENABLED -Xcc -ivfsoverlay -Xcc /Users/shashishekhar/Desktop/RestaurantsNearMeIOS/ios/Pods/React-Core-prebuilt/React-VFS.yaml -enable-bare-slash-regex -enable-experimental-feature DebugDescriptionMacro -sdk /Applications/Xcode.app/Contents/Developer/Platforms/iPhoneSimulator.platform/Developer/SDKs/iPhoneSimulator26.5.sdk -target arm64-apple-ios15.1-simulator -g -module-cache-path /Users/shashishekhar/Library/Developer/Xcode/DerivedData/ModuleCache.noindex -Xfrontend -serialize-debugging-options -enable-testing -index-store-path /Users/shashishekhar/Library/Developer/Xcode/DerivedData/RestaurantsNearMeIOS-cxlnvzrpmdwxdmausljrqbwijesy/Index.noindex/DataStore -Xcc -D_LIBCPP_HARDENING_MODE\=_LIBCPP_HARDENING_MODE_DEBUG -swift-version 5 -I /Users/shashishekhar/Library/Developer/Xcode/DerivedData/RestaurantsNearMeIOS-cxlnvzrpmdwxdmausljrqbwijesy/Build/Products/Debug-iphonesimulator/react-native-pager-view -I /Users/shashishekhar/Library/Developer/Xcode/DerivedData/RestaurantsNearMeIOS-cxlnvzrpmdwxdmausljrqbwijesy/Build/Products/Debug-iphonesimulator/SwiftUIIntrospect -F /Users/shashishekhar/Library/Developer/Xcode/DerivedData/RestaurantsNearMeIOS-cxlnvzrpmdwxdmausljrqbwijesy/Build/Products/Debug-iphonesimulator/react-native-pager-view -F /Users/shashishekhar/Desktop/RestaurantsNearMeIOS/ios/Pods/React-Core-prebuilt -F /Users/shashishekhar/Desktop/RestaurantsNearMeIOS/ios/Pods/ReactNativeDependencies/framework/packages/react-native -F /Users/shashishekhar/Desktop/RestaurantsNearMeIOS/ios/Pods/hermes-engine/destroot/Library/Frameworks/universal -F /Users/shashishekhar/Library/Developer/Xcode/DerivedData/RestaurantsNearMeIOS-cxlnvzrpmdwxdmausljrqbwijesy/Build/Products/Debug-iphonesimulator/XCFrameworkIntermediates/React-Core-prebuilt -F /Users/shashishekhar/Library/Developer/Xcode/DerivedData/RestaurantsNearMeIOS-cxlnvzrpmdwxdmausljrqbwijesy/Build/Products/Debug-iphonesimulator/XCFrameworkIntermediates/ReactNativeDependencies -F /Users/shashishekhar/Library/Developer/Xcode/DerivedData/RestaurantsNearMeIOS-cxlnvzrpmdwxdmausljrqbwijesy/Build/Products/Debug-iphonesimulator/XCFrameworkIntermediates/hermes-engine/Pre-built -c -j10 -enable-batch-mode -incremental -Xcc -ivfsstatcache -Xcc /Users/shashishekhar/Library/Developer/Xcode/DerivedData/SDKStatCaches.noindex/iphonesimulator26.5-23F81a-6cfe768891a92b912361537c460fe42b.sdkstatcache -output-file-map /Users/shashishekhar/Library/Developer/Xcode/DerivedData/RestaurantsNearMeIOS-cxlnvzrpmdwxdmausljrqbwijesy/Build/Intermediates.noindex/Pods.build/Debug-iphonesimulator/react-native-pager-view.build/Objects-normal/arm64/react-native-pager-view-OutputFileMap.json -use-frontend-parseable-output -save-temps -no-color-diagnostics -serialize-diagnostics -emit-dependencies -emit-module -emit-module-path /Users/shashishekhar/Library/Developer/Xcode/DerivedData/RestaurantsNearMeIOS-cxlnvzrpmdwxdmausljrqbwijesy/Build/Intermediates.noindex/Pods.build/Debug-iphonesimulator/react-native-pager-view.build/Objects-normal/arm64/react_native_pager_view.swiftmodule -validate-clang-modules-once -clang-build-session-file /Users/shashishekhar/Library/Developer/Xcode/DerivedData/ModuleCache.noindex/Session.modulevalidation -Xcc -I/Users/shashishekhar/Library/Developer/Xcode/DerivedData/RestaurantsNearMeIOS-cxlnvzrpmdwxdmausljrqbwijesy/Build/Intermediates.noindex/Pods.build/Debug-iphonesimulator/react-native-pager-view.build/swift-overrides.hmap -emit-const-values -Xfrontend -const-gather-protocols-file -Xfrontend /Users/shashishekhar/Library/Developer/Xcode/DerivedData/RestaurantsNearMeIOS-cxlnvzrpmdwxdmausljrqbwijesy/Build/Intermediates.noindex/Pods.build/Debug-iphonesimulator/react-native-pager-view.build/Objects-normal/arm64/react-native-pager-view_const_extract_protocols.json -Xcc -iquote -Xcc /Users/shashishekhar/Library/Developer/Xcode/DerivedData/RestaurantsNearMeIOS-cxlnvzrpmdwxdmausljrqbwijesy/Build/Intermediates.noindex/Pods.build/Debug-iphonesimulator/react-native-pager-view.build/react-native-pager-view-generated-files.hmap -Xcc -I/Users/shashishekhar/Library/Developer/Xcode/DerivedData/RestaurantsNearMeIOS-cxlnvzrpmdwxdmausljrqbwijesy/Build/Intermediates.noindex/Pods.build/Debug-iphonesimulator/react-native-pager-view.build/react-native-pager-view-own-target-headers.hmap -Xcc -I/Users/shashishekhar/Library/Developer/Xcode/DerivedData/RestaurantsNearMeIOS-cxlnvzrpmdwxdmausljrqbwijesy/Build/Intermediates.noindex/Pods.build/Debug-iphonesimulator/react-native-pager-view.build/react-native-pager-view-all-non-framework-target-headers.hmap -Xcc -ivfsoverlay -Xcc /Users/shashishekhar/Library/Developer/Xcode/DerivedData/RestaurantsNearMeIOS-cxlnvzrpmdwxdmausljrqbwijesy/Build/Intermediates.noindex/Pods.build/Debug-iphonesimulator/Pods-8699adb1dd336b26511df848a716bd42-VFS-iphonesimulator/all-product-headers.yaml -Xcc -iquote -Xcc /Users/shashishekhar/Library/Developer/Xcode/DerivedData/RestaurantsNearMeIOS-cxlnvzrpmdwxdmausljrqbwijesy/Build/Intermediates.noindex/Pods.build/Debug-iphonesimulator/react-native-pager-view.build/react-native-pager-view-project-headers.hmap -Xcc -I/Users/shashishekhar/Library/Developer/Xcode/DerivedData/RestaurantsNearMeIOS-cxlnvzrpmdwxdmausljrqbwijesy/Build/Products/Debug-iphonesimulator/react-native-pager-view/include -Xcc -I/Users/shashishekhar/Desktop/RestaurantsNearMeIOS/ios/Pods/Headers/Private -Xcc -I/Users/shashishekhar/Desktop/RestaurantsNearMeIOS/ios/Pods/Headers/Private/react-native-pager-view -Xcc -I/Users/shashishekhar/Desktop/RestaurantsNearMeIOS/ios/Pods/Headers/Public -Xcc -I/Users/shashishekhar/Desktop/RestaurantsNearMeIOS/ios/Pods/Headers/Public/FBLazyVector -Xcc -I/Users/shashishekhar/Desktop/RestaurantsNearMeIOS/ios/Pods/Headers/Public/RCTRequired -Xcc -I/Users/shashishekhar/Desktop/RestaurantsNearMeIOS/ios/Pods/Headers/Public/RCTSwiftUIWrapper -Xcc -I/Users/shashishekhar/Desktop/RestaurantsNearMeIOS/ios/Pods/Headers/Public/RCTTypeSafety -Xcc -I/Users/shashishekhar/Desktop/RestaurantsNearMeIOS/ios/Pods/Headers/Public/React-Core -Xcc -I/Users/shashishekhar/Desktop/RestaurantsNearMeIOS/ios/Pods/Headers/Public/React-Core-prebuilt -Xcc -I/Users/shashishekhar/Desktop/RestaurantsNearMeIOS/ios/Pods/Headers/Public/React-CoreModules -Xcc -I/Users/shashishekhar/Desktop/RestaurantsNearMeIOS/ios/Pods/Headers/Public/React-Fabric -Xcc -I/Users/shashishekhar/Desktop/RestaurantsNearMeIOS/ios/Pods/Headers/Public/React-FabricComponents -Xcc -I/Users/shashishekhar/Desktop/RestaurantsNearMeIOS/ios/Pods/Headers/Public/React-FabricImage -Xcc -I/Users/shashishekhar/Desktop/RestaurantsNearMeIOS/ios/Pods/Headers/Public/React-ImageManager -Xcc -I/Users/shashishekhar/Desktop/RestaurantsNearMeIOS/ios/Pods/Headers/Public/React-Mapbuffer -Xcc -I/Users/shashishekhar/Desktop/RestaurantsNearMeIOS/ios/Pods/Headers/Public/React-NativeModulesApple -Xcc -I/Users/shashishekhar/Desktop/RestaurantsNearMeIOS/ios/Pods/Headers/Public/React-RCTAnimation -Xcc -I/Users/shashishekhar/Desktop/RestaurantsNearMeIOS/ios/Pods/Headers/Public/React-RCTBlob -Xcc -I/Users/shashishekhar/Desktop/RestaurantsNearMeIOS/ios/Pods/Headers/Public/React-RCTFBReactNativeSpec -Xcc -I/Users/shashishekhar/Desktop/RestaurantsNearMeIOS/ios/Pods/Headers/Public/React-RCTFabric -Xcc -I/Users/shashishekhar/Desktop/RestaurantsNearMeIOS/ios/Pods/Headers/Public/React-RCTImage -Xcc -I/Users/shashishekhar/Desktop/RestaurantsNearMeIOS/ios/Pods/Headers/Public/React-RCTRuntime -Xcc -I/Users/shashishekhar/Desktop/RestaurantsNearMeIOS/ios/Pods/Headers/Public/React-RCTText -Xcc -I/Users/shashishekhar/Desktop/RestaurantsNearMeIOS/ios/Pods/Headers/Public/React-RuntimeApple -Xcc -I/Users/shashishekhar/Desktop/RestaurantsNearMeIOS/ios/Pods/Headers/Public/React-RuntimeCore -Xcc -I/Users/shashishekhar/Desktop/RestaurantsNearMeIOS/ios/Pods/Headers/Public/React-RuntimeHermes -Xcc -I/Users/shashishekhar/Desktop/RestaurantsNearMeIOS/ios/Pods/Headers/Public/React-callinvoker -Xcc -I/Users/shashishekhar/Desktop/RestaurantsNearMeIOS/ios/Pods/Headers/Public/React-cxxreact -Xcc -I/Users/shashishekhar/Desktop/RestaurantsNearMeIOS/ios/Pods/Headers/Public/React-debug -Xcc -I/Users/shashishekhar/Desktop/RestaurantsNearMeIOS/ios/Pods/Headers/Public/React-defaultsnativemodule -Xcc -I/Users/shashishekhar/Desktop/RestaurantsNearMeIOS/ios/Pods/Headers/Public/React-domnativemodule -Xcc -I/Users/shashishekhar/Desktop/RestaurantsNearMeIOS/ios/Pods/Headers/Public/React-featureflags -Xcc -I/Users/shashishekhar/Desktop/RestaurantsNearMeIOS/ios/Pods/Headers/Public/React-featureflagsnativemodule -Xcc -I/Users/shashishekhar/Desktop/RestaurantsNearMeIOS/ios/Pods/Headers/Public/React-graphics -Xcc -I/Users/shashishekhar/Desktop/RestaurantsNearMeIOS/ios/Pods/Headers/Public/React-hermes -Xcc -I/Users/shashishekhar/Desktop/RestaurantsNearMeIOS/ios/Pods/Headers/Public/React-idlecallbacksnativemodule -Xcc -I/Users/shashishekhar/Desktop/RestaurantsNearMeIOS/ios/Pods/Headers/Public/React-intersectionobservernativemodule -Xcc -I/Users/shashishekhar/Desktop/RestaurantsNearMeIOS/ios/Pods/Headers/Public/React-jserrorhandler -Xcc -I/Users/shashishekhar/Desktop/RestaurantsNearMeIOS/ios/Pods/Headers/Public/React-jsi -Xcc -I/Users/shashishekhar/Desktop/RestaurantsNearMeIOS/ios/Pods/Headers/Public/React-jsiexecutor -Xcc -I/Users/shashishekhar/Desktop/RestaurantsNearMeIOS/ios/Pods/Headers/Public/React-jsinspector -Xcc -I/Users/shashishekhar/Desktop/RestaurantsNearMeIOS/ios/Pods/Headers/Public/React-jsinspectorcdp -Xcc -I/Users/shashishekhar/Desktop/RestaurantsNearMeIOS/ios/Pods/Headers/Public/React-jsinspectornetwork -Xcc -I/Users/shashishekhar/Desktop/RestaurantsNearMeIOS/ios/Pods/Headers/Public/React-jsinspectortracing -Xcc -I/Users/shashishekhar/Desktop/RestaurantsNearMeIOS/ios/Pods/Headers/Public/React-jsitooling -Xcc -I/Users/shashishekhar/Desktop/RestaurantsNearMeIOS/ios/Pods/Headers/Public/React-logger -Xcc -I/Users/shashishekhar/Desktop/RestaurantsNearMeIOS/ios/Pods/Headers/Public/React-microtasksnativemodule -Xcc -I/Users/shashishekhar/Desktop/RestaurantsNearMeIOS/ios/Pods/Headers/Public/React-mutationobservernativemodule -Xcc -I/Users/shashishekhar/Desktop/RestaurantsNearMeIOS/ios/Pods/Headers/Public/React-networking -Xcc -I/Users/shashishekhar/Desktop/RestaurantsNearMeIOS/ios/Pods/Headers/Public/React-oscompat -Xcc -I/Users/shashishekhar/Desktop/RestaurantsNearMeIOS/ios/Pods/Headers/Public/React-perflogger -Xcc -I/Users/shashishekhar/Desktop/RestaurantsNearMeIOS/ios/Pods/Headers/Public/React-performancecdpmetrics -Xcc -I/Users/shashishekhar/Desktop/RestaurantsNearMeIOS/ios/Pods/Headers/Public/React-performancetimeline -Xcc -I/Users/shashishekhar/Desktop/RestaurantsNearMeIOS/ios/Pods/Headers/Public/React-rendererconsistency -Xcc -I/Users/shashishekhar/Desktop/RestaurantsNearMeIOS/ios/Pods/Headers/Public/React-renderercss -Xcc -I/Users/shashishekhar/Desktop/RestaurantsNearMeIOS/ios/Pods/Headers/Public/React-rendererdebug -Xcc -I/Users/shashishekhar/Desktop/RestaurantsNearMeIOS/ios/Pods/Headers/Public/React-runtimeexecutor -Xcc -I/Users/shashishekhar/Desktop/RestaurantsNearMeIOS/ios/Pods/Headers/Public/React-runtimescheduler -Xcc -I/Users/shashishekhar/Desktop/RestaurantsNearMeIOS/ios/Pods/Headers/Public/React-timing -Xcc -I/Users/shashishekhar/Desktop/RestaurantsNearMeIOS/ios/Pods/Headers/Public/React-utils -Xcc -I/Users/shashishekhar/Desktop/RestaurantsNearMeIOS/ios/Pods/Headers/Public/React-viewtransitionnativemodule -Xcc -I/Users/shashishekhar/Desktop/RestaurantsNearMeIOS/ios/Pods/Headers/Public/React-webperformancenativemodule -Xcc -I/Users/shashishekhar/Desktop/RestaurantsNearMeIOS/ios/Pods/Headers/Public/ReactCodegen -Xcc -I/Users/shashishekhar/Desktop/RestaurantsNearMeIOS/ios/Pods/Headers/Public/ReactCommon -Xcc -I/Users/shashishekhar/Desktop/RestaurantsNearMeIOS/ios/Pods/Headers/Public/ReactNativeDependencies -Xcc -I/Users/shashishekhar/Desktop/RestaurantsNearMeIOS/ios/Pods/Headers/Public/Yoga -Xcc -I/Users/shashishekhar/Desktop/RestaurantsNearMeIOS/ios/Pods/Headers/Public/hermes-engine -Xcc -I/Users/shashishekhar/Desktop/RestaurantsNearMeIOS/ios/Pods/Headers/Private/Yoga -Xcc -I/Users/shashishekhar/Library/Developer/Xcode/DerivedData/RestaurantsNearMeIOS-cxlnvzrpmdwxdmausljrqbwijesy/Build/Intermediates.noindex/Pods.build/Debug-iphonesimulator/react-native-pager-view.build/DerivedSources-normal/arm64 -Xcc -I/Users/shashishekhar/Library/Developer/Xcode/DerivedData/RestaurantsNearMeIOS-cxlnvzrpmdwxdmausljrqbwijesy/Build/Intermediates.noindex/Pods.build/Debug-iphonesimulator/react-native-pager-view.build/DerivedSources/arm64 -Xcc -I/Users/shashishekhar/Library/Developer/Xcode/DerivedData/RestaurantsNearMeIOS-cxlnvzrpmdwxdmausljrqbwijesy/Build/Intermediates.noindex/Pods.build/Debug-iphonesimulator/react-native-pager-view.build/DerivedSources -Xcc -DPOD_CONFIGURATION_DEBUG\=1 -Xcc -DDEBUG\=1 -Xcc -DCOCOAPODS\=1 -emit-objc-header -emit-objc-header-path /Users/shashishekhar/Library/Developer/Xcode/DerivedData/RestaurantsNearMeIOS-cxlnvzrpmdwxdmausljrqbwijesy/Build/Intermediates.noindex/Pods.build/Debug-iphonesimulator/react-native-pager-view.build/Objects-normal/arm64/react_native_pager_view-Swift.h -working-directory /Users/shashishekhar/Desktop/RestaurantsNearMeIOS/ios/Pods -experimental-emit-module-separately -disable-cmo

PrecompileModule /Users/shashishekhar/Library/Developer/Xcode/DerivedData/RestaurantsNearMeIOS-cxlnvzrpmdwxdmausljrqbwijesy/Build/Intermediates.noindex/ExplicitPrecompiledModules/_DarwinFoundation1-9U29O11K30ID4NRI8ZAAG8JHL.scan
    cd /
    builtin-precompileModule /Users/shashishekhar/Library/Developer/Xcode/DerivedData/RestaurantsNearMeIOS-cxlnvzrpmdwxdmausljrqbwijesy/Build/Intermediates.noindex/ExplicitPrecompiledModules/_DarwinFoundation1-9U29O11K30ID4NRI8ZAAG8JHL.scan

SwiftDriver react-native-pager-view normal x86_64 com.apple.xcode.tools.swift.compiler (in target 'react-native-pager-view' from project 'Pods')
    cd /Users/shashishekhar/Desktop/RestaurantsNearMeIOS/ios/Pods
    builtin-SwiftDriver -- /Applications/Xcode.app/Contents/Developer/Toolchains/XcodeDefault.xctoolchain/usr/bin/swiftc -module-name react_native_pager_view -Onone @/Users/shashishekhar/Library/Developer/Xcode/DerivedData/RestaurantsNearMeIOS-cxlnvzrpmdwxdmausljrqbwijesy/Build/Intermediates.noindex/Pods.build/Debug-iphonesimulator/react-native-pager-view.build/Objects-normal/x86_64/react-native-pager-view.SwiftFileList -DDEBUG -D COCOAPODS -Xcc -fmodule-map-file\=/Users/shashishekhar/Library/Developer/Xcode/DerivedData/RestaurantsNearMeIOS-cxlnvzrpmdwxdmausljrqbwijesy/Build/Products/Debug-iphonesimulator/SwiftUIIntrospect/SwiftUIIntrospect.modulemap -Xcc -fmodule-map-file\=/Users/shashishekhar/Desktop/RestaurantsNearMeIOS/ios/Pods/Headers/Public/ReactCodegen/ReactCodegen.modulemap -import-underlying-module -Xcc -fmodule-map-file\=/Users/shashishekhar/Desktop/RestaurantsNearMeIOS/ios/Pods/Headers/Public/react_native_pager_view/react-native-pager-view.modulemap -DRCT_NEW_ARCH_ENABLED -Xcc -ivfsoverlay -Xcc /Users/shashishekhar/Desktop/RestaurantsNearMeIOS/ios/Pods/React-Core-prebuilt/React-VFS.yaml -enable-bare-slash-regex -enable-experimental-feature DebugDescriptionMacro -sdk /Applications/Xcode.app/Contents/Developer/Platforms/iPhoneSimulator.platform/Developer/SDKs/iPhoneSimulator26.5.sdk -target x86_64-apple-ios15.1-simulator -g -module-cache-path /Users/shashishekhar/Library/Developer/Xcode/DerivedData/ModuleCache.noindex -Xfrontend -serialize-debugging-options -enable-testing -index-store-path /Users/shashishekhar/Library/Developer/Xcode/DerivedData/RestaurantsNearMeIOS-cxlnvzrpmdwxdmausljrqbwijesy/Index.noindex/DataStore -Xcc -D_LIBCPP_HARDENING_MODE\=_LIBCPP_HARDENING_MODE_DEBUG -swift-version 5 -I /Users/shashishekhar/Library/Developer/Xcode/DerivedData/RestaurantsNearMeIOS-cxlnvzrpmdwxdmausljrqbwijesy/Build/Products/Debug-iphonesimulator/react-native-pager-view -I /Users/shashishekhar/Library/Developer/Xcode/DerivedData/RestaurantsNearMeIOS-cxlnvzrpmdwxdmausljrqbwijesy/Build/Products/Debug-iphonesimulator/SwiftUIIntrospect -F /Users/shashishekhar/Library/Developer/Xcode/DerivedData/RestaurantsNearMeIOS-cxlnvzrpmdwxdmausljrqbwijesy/Build/Products/Debug-iphonesimulator/react-native-pager-view -F /Users/shashishekhar/Desktop/RestaurantsNearMeIOS/ios/Pods/React-Core-prebuilt -F /Users/shashishekhar/Desktop/RestaurantsNearMeIOS/ios/Pods/ReactNativeDependencies/framework/packages/react-native -F /Users/shashishekhar/Desktop/RestaurantsNearMeIOS/ios/Pods/hermes-engine/destroot/Library/Frameworks/universal -F /Users/shashishekhar/Library/Developer/Xcode/DerivedData/RestaurantsNearMeIOS-cxlnvzrpmdwxdmausljrqbwijesy/Build/Products/Debug-iphonesimulator/XCFrameworkIntermediates/React-Core-prebuilt -F /Users/shashishekhar/Library/Developer/Xcode/DerivedData/RestaurantsNearMeIOS-cxlnvzrpmdwxdmausljrqbwijesy/Build/Products/Debug-iphonesimulator/XCFrameworkIntermediates/ReactNativeDependencies -F /Users/shashishekhar/Library/Developer/Xcode/DerivedData/RestaurantsNearMeIOS-cxlnvzrpmdwxdmausljrqbwijesy/Build/Products/Debug-iphonesimulator/XCFrameworkIntermediates/hermes-engine/Pre-built -c -j10 -enable-batch-mode -incremental -Xcc -ivfsstatcache -Xcc /Users/shashishekhar/Library/Developer/Xcode/DerivedData/SDKStatCaches.noindex/iphonesimulator26.5-23F81a-6cfe768891a92b912361537c460fe42b.sdkstatcache -output-file-map /Users/shashishekhar/Library/Developer/Xcode/DerivedData/RestaurantsNearMeIOS-cxlnvzrpmdwxdmausljrqbwijesy/Build/Intermediates.noindex/Pods.build/Debug-iphonesimulator/react-native-pager-view.build/Objects-normal/x86_64/react-native-pager-view-OutputFileMap.json -use-frontend-parseable-output -save-temps -no-color-diagnostics -serialize-diagnostics -emit-dependencies -emit-module -emit-module-path /Users/shashishekhar/Library/Developer/Xcode/DerivedData/RestaurantsNearMeIOS-cxlnvzrpmdwxdmausljrqbwijesy/Build/Intermediates.noindex/Pods.build/Debug-iphonesimulator/react-native-pager-view.build/Objects-normal/x86_64/react_native_pager_view.swiftmodule -validate-clang-modules-once -clang-build-session-file /Users/shashishekhar/Library/Developer/Xcode/DerivedData/ModuleCache.noindex/Session.modulevalidation -Xcc -I/Users/shashishekhar/Library/Developer/Xcode/DerivedData/RestaurantsNearMeIOS-cxlnvzrpmdwxdmausljrqbwijesy/Build/Intermediates.noindex/Pods.build/Debug-iphonesimulator/react-native-pager-view.build/swift-overrides.hmap -emit-const-values -Xfrontend -const-gather-protocols-file -Xfrontend /Users/shashishekhar/Library/Developer/Xcode/DerivedData/RestaurantsNearMeIOS-cxlnvzrpmdwxdmausljrqbwijesy/Build/Intermediates.noindex/Pods.build/Debug-iphonesimulator/react-native-pager-view.build/Objects-normal/x86_64/react-native-pager-view_const_extract_protocols.json -Xcc -iquote -Xcc /Users/shashishekhar/Library/Developer/Xcode/DerivedData/RestaurantsNearMeIOS-cxlnvzrpmdwxdmausljrqbwijesy/Build/Intermediates.noindex/Pods.build/Debug-iphonesimulator/react-native-pager-view.build/react-native-pager-view-generated-files.hmap -Xcc -I/Users/shashishekhar/Library/Developer/Xcode/DerivedData/RestaurantsNearMeIOS-cxlnvzrpmdwxdmausljrqbwijesy/Build/Intermediates.noindex/Pods.build/Debug-iphonesimulator/react-native-pager-view.build/react-native-pager-view-own-target-headers.hmap -Xcc -I/Users/shashishekhar/Library/Developer/Xcode/DerivedData/RestaurantsNearMeIOS-cxlnvzrpmdwxdmausljrqbwijesy/Build/Intermediates.noindex/Pods.build/Debug-iphonesimulator/react-native-pager-view.build/react-native-pager-view-all-non-framework-target-headers.hmap -Xcc -ivfsoverlay -Xcc /Users/shashishekhar/Library/Developer/Xcode/DerivedData/RestaurantsNearMeIOS-cxlnvzrpmdwxdmausljrqbwijesy/Build/Intermediates.noindex/Pods.build/Debug-iphonesimulator/Pods-8699adb1dd336b26511df848a716bd42-VFS-iphonesimulator/all-product-headers.yaml -Xcc -iquote -Xcc /Users/shashishekhar/Library/Developer/Xcode/DerivedData/RestaurantsNearMeIOS-cxlnvzrpmdwxdmausljrqbwijesy/Build/Intermediates.noindex/Pods.build/Debug-iphonesimulator/react-native-pager-view.build/react-native-pager-view-project-headers.hmap -Xcc -I/Users/shashishekhar/Library/Developer/Xcode/DerivedData/RestaurantsNearMeIOS-cxlnvzrpmdwxdmausljrqbwijesy/Build/Products/Debug-iphonesimulator/react-native-pager-view/include -Xcc -I/Users/shashishekhar/Desktop/RestaurantsNearMeIOS/ios/Pods/Headers/Private -Xcc -I/Users/shashishekhar/Desktop/RestaurantsNearMeIOS/ios/Pods/Headers/Private/react-native-pager-view -Xcc -I/Users/shashishekhar/Desktop/RestaurantsNearMeIOS/ios/Pods/Headers/Public -Xcc -I/Users/shashishekhar/Desktop/RestaurantsNearMeIOS/ios/Pods/Headers/Public/FBLazyVector -Xcc -I/Users/shashishekhar/Desktop/RestaurantsNearMeIOS/ios/Pods/Headers/Public/RCTRequired -Xcc -I/Users/shashishekhar/Desktop/RestaurantsNearMeIOS/ios/Pods/Headers/Public/RCTSwiftUIWrapper -Xcc -I/Users/shashishekhar/Desktop/RestaurantsNearMeIOS/ios/Pods/Headers/Public/RCTTypeSafety -Xcc -I/Users/shashishekhar/Desktop/RestaurantsNearMeIOS/ios/Pods/Headers/Public/React-Core -Xcc -I/Users/shashishekhar/Desktop/RestaurantsNearMeIOS/ios/Pods/Headers/Public/React-Core-prebuilt -Xcc -I/Users/shashishekhar/Desktop/RestaurantsNearMeIOS/ios/Pods/Headers/Public/React-CoreModules -Xcc -I/Users/shashishekhar/Desktop/RestaurantsNearMeIOS/ios/Pods/Headers/Public/React-Fabric -Xcc -I/Users/shashishekhar/Desktop/RestaurantsNearMeIOS/ios/Pods/Headers/Public/React-FabricComponents -Xcc -I/Users/shashishekhar/Desktop/RestaurantsNearMeIOS/ios/Pods/Headers/Public/React-FabricImage -Xcc -I/Users/shashishekhar/Desktop/RestaurantsNearMeIOS/ios/Pods/Headers/Public/React-ImageManager -Xcc -I/Users/shashishekhar/Desktop/RestaurantsNearMeIOS/ios/Pods/Headers/Public/React-Mapbuffer -Xcc -I/Users/shashishekhar/Desktop/RestaurantsNearMeIOS/ios/Pods/Headers/Public/React-NativeModulesApple -Xcc -I/Users/shashishekhar/Desktop/RestaurantsNearMeIOS/ios/Pods/Headers/Public/React-RCTAnimation -Xcc -I/Users/shashishekhar/Desktop/RestaurantsNearMeIOS/ios/Pods/Headers/Public/React-RCTBlob -Xcc -I/Users/shashishekhar/Desktop/RestaurantsNearMeIOS/ios/Pods/Headers/Public/React-RCTFBReactNativeSpec -Xcc -I/Users/shashishekhar/Desktop/RestaurantsNearMeIOS/ios/Pods/Headers/Public/React-RCTFabric -Xcc -I/Users/shashishekhar/Desktop/RestaurantsNearMeIOS/ios/Pods/Headers/Public/React-RCTImage -Xcc -I/Users/shashishekhar/Desktop/RestaurantsNearMeIOS/ios/Pods/Headers/Public/React-RCTRuntime -Xcc -I/Users/shashishekhar/Desktop/RestaurantsNearMeIOS/ios/Pods/Headers/Public/React-RCTText -Xcc -I/Users/shashishekhar/Desktop/RestaurantsNearMeIOS/ios/Pods/Headers/Public/React-RuntimeApple -Xcc -I/Users/shashishekhar/Desktop/RestaurantsNearMeIOS/ios/Pods/Headers/Public/React-RuntimeCore -Xcc -I/Users/shashishekhar/Desktop/RestaurantsNearMeIOS/ios/Pods/Headers/Public/React-RuntimeHermes -Xcc -I/Users/shashishekhar/Desktop/RestaurantsNearMeIOS/ios/Pods/Headers/Public/React-callinvoker -Xcc -I/Users/shashishekhar/Desktop/RestaurantsNearMeIOS/ios/Pods/Headers/Public/React-cxxreact -Xcc -I/Users/shashishekhar/Desktop/RestaurantsNearMeIOS/ios/Pods/Headers/Public/React-debug -Xcc -I/Users/shashishekhar/Desktop/RestaurantsNearMeIOS/ios/Pods/Headers/Public/React-defaultsnativemodule -Xcc -I/Users/shashishekhar/Desktop/RestaurantsNearMeIOS/ios/Pods/Headers/Public/React-domnativemodule -Xcc -I/Users/shashishekhar/Desktop/RestaurantsNearMeIOS/ios/Pods/Headers/Public/React-featureflags -Xcc -I/Users/shashishekhar/Desktop/RestaurantsNearMeIOS/ios/Pods/Headers/Public/React-featureflagsnativemodule -Xcc -I/Users/shashishekhar/Desktop/RestaurantsNearMeIOS/ios/Pods/Headers/Public/React-graphics -Xcc -I/Users/shashishekhar/Desktop/RestaurantsNearMeIOS/ios/Pods/Headers/Public/React-hermes -Xcc -I/Users/shashishekhar/Desktop/RestaurantsNearMeIOS/ios/Pods/Headers/Public/React-idlecallbacksnativemodule -Xcc -I/Users/shashishekhar/Desktop/RestaurantsNearMeIOS/ios/Pods/Headers/Public/React-intersectionobservernativemodule -Xcc -I/Users/shashishekhar/Desktop/RestaurantsNearMeIOS/ios/Pods/Headers/Public/React-jserrorhandler -Xcc -I/Users/shashishekhar/Desktop/RestaurantsNearMeIOS/ios/Pods/Headers/Public/React-jsi -Xcc -I/Users/shashishekhar/Desktop/RestaurantsNearMeIOS/ios/Pods/Headers/Public/React-jsiexecutor -Xcc -I/Users/shashishekhar/Desktop/RestaurantsNearMeIOS/ios/Pods/Headers/Public/React-jsinspector -Xcc -I/Users/shashishekhar/Desktop/RestaurantsNearMeIOS/ios/Pods/Headers/Public/React-jsinspectorcdp -Xcc -I/Users/shashishekhar/Desktop/RestaurantsNearMeIOS/ios/Pods/Headers/Public/React-jsinspectornetwork -Xcc -I/Users/shashishekhar/Desktop/RestaurantsNearMeIOS/ios/Pods/Headers/Public/React-jsinspectortracing -Xcc -I/Users/shashishekhar/Desktop/RestaurantsNearMeIOS/ios/Pods/Headers/Public/React-jsitooling -Xcc -I/Users/shashishekhar/Desktop/RestaurantsNearMeIOS/ios/Pods/Headers/Public/React-logger -Xcc -I/Users/shashishekhar/Desktop/RestaurantsNearMeIOS/ios/Pods/Headers/Public/React-microtasksnativemodule -Xcc -I/Users/shashishekhar/Desktop/RestaurantsNearMeIOS/ios/Pods/Headers/Public/React-mutationobservernativemodule -Xcc -I/Users/shashishekhar/Desktop/RestaurantsNearMeIOS/ios/Pods/Headers/Public/React-networking -Xcc -I/Users/shashishekhar/Desktop/RestaurantsNearMeIOS/ios/Pods/Headers/Public/React-oscompat -Xcc -I/Users/shashishekhar/Desktop/RestaurantsNearMeIOS/ios/Pods/Headers/Public/React-perflogger -Xcc -I/Users/shashishekhar/Desktop/RestaurantsNearMeIOS/ios/Pods/Headers/Public/React-performancecdpmetrics -Xcc -I/Users/shashishekhar/Desktop/RestaurantsNearMeIOS/ios/Pods/Headers/Public/React-performancetimeline -Xcc -I/Users/shashishekhar/Desktop/RestaurantsNearMeIOS/ios/Pods/Headers/Public/React-rendererconsistency -Xcc -I/Users/shashishekhar/Desktop/RestaurantsNearMeIOS/ios/Pods/Headers/Public/React-renderercss -Xcc -I/Users/shashishekhar/Desktop/RestaurantsNearMeIOS/ios/Pods/Headers/Public/React-rendererdebug -Xcc -I/Users/shashishekhar/Desktop/RestaurantsNearMeIOS/ios/Pods/Headers/Public/React-runtimeexecutor -Xcc -I/Users/shashishekhar/Desktop/RestaurantsNearMeIOS/ios/Pods/Headers/Public/React-runtimescheduler -Xcc -I/Users/shashishekhar/Desktop/RestaurantsNearMeIOS/ios/Pods/Headers/Public/React-timing -Xcc -I/Users/shashishekhar/Desktop/RestaurantsNearMeIOS/ios/Pods/Headers/Public/React-utils -Xcc -I/Users/shashishekhar/Desktop/RestaurantsNearMeIOS/ios/Pods/Headers/Public/React-viewtransitionnativemodule -Xcc -I/Users/shashishekhar/Desktop/RestaurantsNearMeIOS/ios/Pods/Headers/Public/React-webperformancenativemodule -Xcc -I/Users/shashishekhar/Desktop/RestaurantsNearMeIOS/ios/Pods/Headers/Public/ReactCodegen -Xcc -I/Users/shashishekhar/Desktop/RestaurantsNearMeIOS/ios/Pods/Headers/Public/ReactCommon -Xcc -I/Users/shashishekhar/Desktop/RestaurantsNearMeIOS/ios/Pods/Headers/Public/ReactNativeDependencies -Xcc -I/Users/shashishekhar/Desktop/RestaurantsNearMeIOS/ios/Pods/Headers/Public/Yoga -Xcc -I/Users/shashishekhar/Desktop/RestaurantsNearMeIOS/ios/Pods/Headers/Public/hermes-engine -Xcc -I/Users/shashishekhar/Desktop/RestaurantsNearMeIOS/ios/Pods/Headers/Private/Yoga -Xcc -I/Users/shashishekhar/Library/Developer/Xcode/DerivedData/RestaurantsNearMeIOS-cxlnvzrpmdwxdmausljrqbwijesy/Build/Intermediates.noindex/Pods.build/Debug-iphonesimulator/react-native-pager-view.build/DerivedSources-normal/x86_64 -Xcc -I/Users/shashishekhar/Library/Developer/Xcode/DerivedData/RestaurantsNearMeIOS-cxlnvzrpmdwxdmausljrqbwijesy/Build/Intermediates.noindex/Pods.build/Debug-iphonesimulator/react-native-pager-view.build/DerivedSources/x86_64 -Xcc -I/Users/shashishekhar/Library/Developer/Xcode/DerivedData/RestaurantsNearMeIOS-cxlnvzrpmdwxdmausljrqbwijesy/Build/Intermediates.noindex/Pods.build/Debug-iphonesimulator/react-native-pager-view.build/DerivedSources -Xcc -DPOD_CONFIGURATION_DEBUG\=1 -Xcc -DDEBUG\=1 -Xcc -DCOCOAPODS\=1 -emit-objc-header -emit-objc-header-path /Users/shashishekhar/Library/Developer/Xcode/DerivedData/RestaurantsNearMeIOS-cxlnvzrpmdwxdmausljrqbwijesy/Build/Intermediates.noindex/Pods.build/Debug-iphonesimulator/react-native-pager-view.build/Objects-normal/x86_64/react_native_pager_view-Swift.h -working-directory /Users/shashishekhar/Desktop/RestaurantsNearMeIOS/ios/Pods -experimental-emit-module-separately -disable-cmo

PrecompileModule /Users/shashishekhar/Library/Developer/Xcode/DerivedData/RestaurantsNearMeIOS-cxlnvzrpmdwxdmausljrqbwijesy/Build/Intermediates.noindex/ExplicitPrecompiledModules/_DarwinFoundation3-AHE5FWFZ2LN7S4F0JQMQFRP52.scan
    cd /
    builtin-precompileModule /Users/shashishekhar/Library/Developer/Xcode/DerivedData/RestaurantsNearMeIOS-cxlnvzrpmdwxdmausljrqbwijesy/Build/Intermediates.noindex/ExplicitPrecompiledModules/_DarwinFoundation3-AHE5FWFZ2LN7S4F0JQMQFRP52.scan

SwiftDriverJobDiscovery normal arm64 Compiling Extensions.swift (in target 'react-native-pager-view' from project 'Pods')

PrecompileModule /Users/shashishekhar/Library/Developer/Xcode/DerivedData/RestaurantsNearMeIOS-cxlnvzrpmdwxdmausljrqbwijesy/Build/Intermediates.noindex/ExplicitPrecompiledModules/_DarwinFoundation2-12799RIA70OQ50O37W0XOZZU5.scan
    cd /
    builtin-precompileModule /Users/shashishekhar/Library/Developer/Xcode/DerivedData/RestaurantsNearMeIOS-cxlnvzrpmdwxdmausljrqbwijesy/Build/Intermediates.noindex/ExplicitPrecompiledModules/_DarwinFoundation2-12799RIA70OQ50O37W0XOZZU5.scan

PrecompileModule /Users/shashishekhar/Library/Developer/Xcode/DerivedData/RestaurantsNearMeIOS-cxlnvzrpmdwxdmausljrqbwijesy/Build/Intermediates.noindex/ExplicitPrecompiledModules/_Builtin_limits-2STVAFZEBX9BJICRSOFGYLJDT.scan
    cd /
    builtin-precompileModule /Users/shashishekhar/Library/Developer/Xcode/DerivedData/RestaurantsNearMeIOS-cxlnvzrpmdwxdmausljrqbwijesy/Build/Intermediates.noindex/ExplicitPrecompiledModules/_Builtin_limits-2STVAFZEBX9BJICRSOFGYLJDT.scan

SwiftDriverJobDiscovery normal arm64 Compiling PagerViewProps.swift (in target 'react-native-pager-view' from project 'Pods')

SwiftEmitModule normal x86_64 Emitting\ module\ for\ react_native_pager_view (in target 'react-native-pager-view' from project 'Pods')

EmitSwiftModule normal x86_64 (in target 'react-native-pager-view' from project 'Pods')
    cd /Users/shashishekhar/Desktop/RestaurantsNearMeIOS/ios/Pods
    

SwiftDriverJobDiscovery normal arm64 Compiling PagerViewProvider.swift (in target 'react-native-pager-view' from project 'Pods')

SwiftDriverJobDiscovery normal arm64 Compiling PagerScrollDelegate.swift (in target 'react-native-pager-view' from project 'Pods')

PrecompileModule /Users/shashishekhar/Library/Developer/Xcode/DerivedData/RestaurantsNearMeIOS-cxlnvzrpmdwxdmausljrqbwijesy/Build/Intermediates.noindex/ExplicitPrecompiledModules/_Builtin_inttypes-DOTY3583E46YZG7PT3UV0WM6.scan
    cd /
    builtin-precompileModule /Users/shashishekhar/Library/Developer/Xcode/DerivedData/RestaurantsNearMeIOS-cxlnvzrpmdwxdmausljrqbwijesy/Build/Intermediates.noindex/ExplicitPrecompiledModules/_Builtin_inttypes-DOTY3583E46YZG7PT3UV0WM6.scan

PrecompileModule /Users/shashishekhar/Library/Developer/Xcode/DerivedData/RestaurantsNearMeIOS-cxlnvzrpmdwxdmausljrqbwijesy/Build/Intermediates.noindex/ExplicitPrecompiledModules/_Builtin_stdint-2DF5IG9LEGLOX6D45ODNZ7IK2.scan
    cd /
    builtin-precompileModule /Users/shashishekhar/Library/Developer/Xcode/DerivedData/RestaurantsNearMeIOS-cxlnvzrpmdwxdmausljrqbwijesy/Build/Intermediates.noindex/ExplicitPrecompiledModules/_Builtin_stdint-2DF5IG9LEGLOX6D45ODNZ7IK2.scan

PrecompileModule /Users/shashishekhar/Library/Developer/Xcode/DerivedData/RestaurantsNearMeIOS-cxlnvzrpmdwxdmausljrqbwijesy/Build/Intermediates.noindex/ExplicitPrecompiledModules/Darwin-6VBVVZXFAODP0YKHFMPFYK93E.scan
    cd /
    builtin-precompileModule /Users/shashishekhar/Library/Developer/Xcode/DerivedData/RestaurantsNearMeIOS-cxlnvzrpmdwxdmausljrqbwijesy/Build/Intermediates.noindex/ExplicitPrecompiledModules/Darwin-6VBVVZXFAODP0YKHFMPFYK93E.scan

PrecompileModule /Users/shashishekhar/Library/Developer/Xcode/DerivedData/RestaurantsNearMeIOS-cxlnvzrpmdwxdmausljrqbwijesy/Build/Intermediates.noindex/ExplicitPrecompiledModules/_DarwinFoundation3-8DVF8PS0UUOJ2PCF5YNXPO46U.scan
    cd /
    builtin-precompileModule /Users/shashishekhar/Library/Developer/Xcode/DerivedData/RestaurantsNearMeIOS-cxlnvzrpmdwxdmausljrqbwijesy/Build/Intermediates.noindex/ExplicitPrecompiledModules/_DarwinFoundation3-8DVF8PS0UUOJ2PCF5YNXPO46U.scan

SwiftDriverJobDiscovery normal arm64 Compiling PagerView.swift (in target 'react-native-pager-view' from project 'Pods')

SwiftDriver\ Compilation react-native-pager-view normal arm64 com.apple.xcode.tools.swift.compiler (in target 'react-native-pager-view' from project 'Pods')
    cd /Users/shashishekhar/Desktop/RestaurantsNearMeIOS/ios/Pods
    builtin-Swift-Compilation -- /Applications/Xcode.app/Contents/Developer/Toolchains/XcodeDefault.xctoolchain/usr/bin/swiftc -module-name react_native_pager_view -Onone @/Users/shashishekhar/Library/Developer/Xcode/DerivedData/RestaurantsNearMeIOS-cxlnvzrpmdwxdmausljrqbwijesy/Build/Intermediates.noindex/Pods.build/Debug-iphonesimulator/react-native-pager-view.build/Objects-normal/arm64/react-native-pager-view.SwiftFileList -DDEBUG -D COCOAPODS -Xcc -fmodule-map-file\=/Users/shashishekhar/Library/Developer/Xcode/DerivedData/RestaurantsNearMeIOS-cxlnvzrpmdwxdmausljrqbwijesy/Build/Products/Debug-iphonesimulator/SwiftUIIntrospect/SwiftUIIntrospect.modulemap -Xcc -fmodule-map-file\=/Users/shashishekhar/Desktop/RestaurantsNearMeIOS/ios/Pods/Headers/Public/ReactCodegen/ReactCodegen.modulemap -import-underlying-module -Xcc -fmodule-map-file\=/Users/shashishekhar/Desktop/RestaurantsNearMeIOS/ios/Pods/Headers/Public/react_native_pager_view/react-native-pager-view.modulemap -DRCT_NEW_ARCH_ENABLED -Xcc -ivfsoverlay -Xcc /Users/shashishekhar/Desktop/RestaurantsNearMeIOS/ios/Pods/React-Core-prebuilt/React-VFS.yaml -enable-bare-slash-regex -enable-experimental-feature DebugDescriptionMacro -sdk /Applications/Xcode.app/Contents/Developer/Platforms/iPhoneSimulator.platform/Developer/SDKs/iPhoneSimulator26.5.sdk -target arm64-apple-ios15.1-simulator -g -module-cache-path /Users/shashishekhar/Library/Developer/Xcode/DerivedData/ModuleCache.noindex -Xfrontend -serialize-debugging-options -enable-testing -index-store-path /Users/shashishekhar/Library/Developer/Xcode/DerivedData/RestaurantsNearMeIOS-cxlnvzrpmdwxdmausljrqbwijesy/Index.noindex/DataStore -Xcc -D_LIBCPP_HARDENING_MODE\=_LIBCPP_HARDENING_MODE_DEBUG -swift-version 5 -I /Users/shashishekhar/Library/Developer/Xcode/DerivedData/RestaurantsNearMeIOS-cxlnvzrpmdwxdmausljrqbwijesy/Build/Products/Debug-iphonesimulator/react-native-pager-view -I /Users/shashishekhar/Library/Developer/Xcode/DerivedData/RestaurantsNearMeIOS-cxlnvzrpmdwxdmausljrqbwijesy/Build/Products/Debug-iphonesimulator/SwiftUIIntrospect -F /Users/shashishekhar/Library/Developer/Xcode/DerivedData/RestaurantsNearMeIOS-cxlnvzrpmdwxdmausljrqbwijesy/Build/Products/Debug-iphonesimulator/react-native-pager-view -F /Users/shashishekhar/Desktop/RestaurantsNearMeIOS/ios/Pods/React-Core-prebuilt -F /Users/shashishekhar/Desktop/RestaurantsNearMeIOS/ios/Pods/ReactNativeDependencies/framework/packages/react-native -F /Users/shashishekhar/Desktop/RestaurantsNearMeIOS/ios/Pods/hermes-engine/destroot/Library/Frameworks/universal -F /Users/shashishekhar/Library/Developer/Xcode/DerivedData/RestaurantsNearMeIOS-cxlnvzrpmdwxdmausljrqbwijesy/Build/Products/Debug-iphonesimulator/XCFrameworkIntermediates/React-Core-prebuilt -F /Users/shashishekhar/Library/Developer/Xcode/DerivedData/RestaurantsNearMeIOS-cxlnvzrpmdwxdmausljrqbwijesy/Build/Products/Debug-iphonesimulator/XCFrameworkIntermediates/ReactNativeDependencies -F /Users/shashishekhar/Library/Developer/Xcode/DerivedData/RestaurantsNearMeIOS-cxlnvzrpmdwxdmausljrqbwijesy/Build/Products/Debug-iphonesimulator/XCFrameworkIntermediates/hermes-engine/Pre-built -c -j10 -enable-batch-mode -incremental -Xcc -ivfsstatcache -Xcc /Users/shashishekhar/Library/Developer/Xcode/DerivedData/SDKStatCaches.noindex/iphonesimulator26.5-23F81a-6cfe768891a92b912361537c460fe42b.sdkstatcache -output-file-map /Users/shashishekhar/Library/Developer/Xcode/DerivedData/RestaurantsNearMeIOS-cxlnvzrpmdwxdmausljrqbwijesy/Build/Intermediates.noindex/Pods.build/Debug-iphonesimulator/react-native-pager-view.build/Objects-normal/arm64/react-native-pager-view-OutputFileMap.json -use-frontend-parseable-output -save-temps -no-color-diagnostics -serialize-diagnostics -emit-dependencies -emit-module -emit-module-path /Users/shashishekhar/Library/Developer/Xcode/DerivedData/RestaurantsNearMeIOS-cxlnvzrpmdwxdmausljrqbwijesy/Build/Intermediates.noindex/Pods.build/Debug-iphonesimulator/react-native-pager-view.build/Objects-normal/arm64/react_native_pager_view.swiftmodule -validate-clang-modules-once -clang-build-session-file /Users/shashishekhar/Library/Developer/Xcode/DerivedData/ModuleCache.noindex/Session.modulevalidation -Xcc -I/Users/shashishekhar/Library/Developer/Xcode/DerivedData/RestaurantsNearMeIOS-cxlnvzrpmdwxdmausljrqbwijesy/Build/Intermediates.noindex/Pods.build/Debug-iphonesimulator/react-native-pager-view.build/swift-overrides.hmap -emit-const-values -Xfrontend -const-gather-protocols-file -Xfrontend /Users/shashishekhar/Library/Developer/Xcode/DerivedData/RestaurantsNearMeIOS-cxlnvzrpmdwxdmausljrqbwijesy/Build/Intermediates.noindex/Pods.build/Debug-iphonesimulator/react-native-pager-view.build/Objects-normal/arm64/react-native-pager-view_const_extract_protocols.json -Xcc -iquote -Xcc /Users/shashishekhar/Library/Developer/Xcode/DerivedData/RestaurantsNearMeIOS-cxlnvzrpmdwxdmausljrqbwijesy/Build/Intermediates.noindex/Pods.build/Debug-iphonesimulator/react-native-pager-view.build/react-native-pager-view-generated-files.hmap -Xcc -I/Users/shashishekhar/Library/Developer/Xcode/DerivedData/RestaurantsNearMeIOS-cxlnvzrpmdwxdmausljrqbwijesy/Build/Intermediates.noindex/Pods.build/Debug-iphonesimulator/react-native-pager-view.build/react-native-pager-view-own-target-headers.hmap -Xcc -I/Users/shashishekhar/Library/Developer/Xcode/DerivedData/RestaurantsNearMeIOS-cxlnvzrpmdwxdmausljrqbwijesy/Build/Intermediates.noindex/Pods.build/Debug-iphonesimulator/react-native-pager-view.build/react-native-pager-view-all-non-framework-target-headers.hmap -Xcc -ivfsoverlay -Xcc /Users/shashishekhar/Library/Developer/Xcode/DerivedData/RestaurantsNearMeIOS-cxlnvzrpmdwxdmausljrqbwijesy/Build/Intermediates.noindex/Pods.build/Debug-iphonesimulator/Pods-8699adb1dd336b26511df848a716bd42-VFS-iphonesimulator/all-product-headers.yaml -Xcc -iquote -Xcc /Users/shashishekhar/Library/Developer/Xcode/DerivedData/RestaurantsNearMeIOS-cxlnvzrpmdwxdmausljrqbwijesy/Build/Intermediates.noindex/Pods.build/Debug-iphonesimulator/react-native-pager-view.build/react-native-pager-view-project-headers.hmap -Xcc -I/Users/shashishekhar/Library/Developer/Xcode/DerivedData/RestaurantsNearMeIOS-cxlnvzrpmdwxdmausljrqbwijesy/Build/Products/Debug-iphonesimulator/react-native-pager-view/include -Xcc -I/Users/shashishekhar/Desktop/RestaurantsNearMeIOS/ios/Pods/Headers/Private -Xcc -I/Users/shashishekhar/Desktop/RestaurantsNearMeIOS/ios/Pods/Headers/Private/react-native-pager-view -Xcc -I/Users/shashishekhar/Desktop/RestaurantsNearMeIOS/ios/Pods/Headers/Public -Xcc -I/Users/shashishekhar/Desktop/RestaurantsNearMeIOS/ios/Pods/Headers/Public/FBLazyVector -Xcc -I/Users/shashishekhar/Desktop/RestaurantsNearMeIOS/ios/Pods/Headers/Public/RCTRequired -Xcc -I/Users/shashishekhar/Desktop/RestaurantsNearMeIOS/ios/Pods/Headers/Public/RCTSwiftUIWrapper -Xcc -I/Users/shashishekhar/Desktop/RestaurantsNearMeIOS/ios/Pods/Headers/Public/RCTTypeSafety -Xcc -I/Users/shashishekhar/Desktop/RestaurantsNearMeIOS/ios/Pods/Headers/Public/React-Core -Xcc -I/Users/shashishekhar/Desktop/RestaurantsNearMeIOS/ios/Pods/Headers/Public/React-Core-prebuilt -Xcc -I/Users/shashishekhar/Desktop/RestaurantsNearMeIOS/ios/Pods/Headers/Public/React-CoreModules -Xcc -I/Users/shashishekhar/Desktop/RestaurantsNearMeIOS/ios/Pods/Headers/Public/React-Fabric -Xcc -I/Users/shashishekhar/Desktop/RestaurantsNearMeIOS/ios/Pods/Headers/Public/React-FabricComponents -Xcc -I/Users/shashishekhar/Desktop/RestaurantsNearMeIOS/ios/Pods/Headers/Public/React-FabricImage -Xcc -I/Users/shashishekhar/Desktop/RestaurantsNearMeIOS/ios/Pods/Headers/Public/React-ImageManager -Xcc -I/Users/shashishekhar/Desktop/RestaurantsNearMeIOS/ios/Pods/Headers/Public/React-Mapbuffer -Xcc -I/Users/shashishekhar/Desktop/RestaurantsNearMeIOS/ios/Pods/Headers/Public/React-NativeModulesApple -Xcc -I/Users/shashishekhar/Desktop/RestaurantsNearMeIOS/ios/Pods/Headers/Public/React-RCTAnimation -Xcc -I/Users/shashishekhar/Desktop/RestaurantsNearMeIOS/ios/Pods/Headers/Public/React-RCTBlob -Xcc -I/Users/shashishekhar/Desktop/RestaurantsNearMeIOS/ios/Pods/Headers/Public/React-RCTFBReactNativeSpec -Xcc -I/Users/shashishekhar/Desktop/RestaurantsNearMeIOS/ios/Pods/Headers/Public/React-RCTFabric -Xcc -I/Users/shashishekhar/Desktop/RestaurantsNearMeIOS/ios/Pods/Headers/Public/React-RCTImage -Xcc -I/Users/shashishekhar/Desktop/RestaurantsNearMeIOS/ios/Pods/Headers/Public/React-RCTRuntime -Xcc -I/Users/shashishekhar/Desktop/RestaurantsNearMeIOS/ios/Pods/Headers/Public/React-RCTText -Xcc -I/Users/shashishekhar/Desktop/RestaurantsNearMeIOS/ios/Pods/Headers/Public/React-RuntimeApple -Xcc -I/Users/shashishekhar/Desktop/RestaurantsNearMeIOS/ios/Pods/Headers/Public/React-RuntimeCore -Xcc -I/Users/shashishekhar/Desktop/RestaurantsNearMeIOS/ios/Pods/Headers/Public/React-RuntimeHermes -Xcc -I/Users/shashishekhar/Desktop/RestaurantsNearMeIOS/ios/Pods/Headers/Public/React-callinvoker -Xcc -I/Users/shashishekhar/Desktop/RestaurantsNearMeIOS/ios/Pods/Headers/Public/React-cxxreact -Xcc -I/Users/shashishekhar/Desktop/RestaurantsNearMeIOS/ios/Pods/Headers/Public/React-debug -Xcc -I/Users/shashishekhar/Desktop/RestaurantsNearMeIOS/ios/Pods/Headers/Public/React-defaultsnativemodule -Xcc -I/Users/shashishekhar/Desktop/RestaurantsNearMeIOS/ios/Pods/Headers/Public/React-domnativemodule -Xcc -I/Users/shashishekhar/Desktop/RestaurantsNearMeIOS/ios/Pods/Headers/Public/React-featureflags -Xcc -I/Users/shashishekhar/Desktop/RestaurantsNearMeIOS/ios/Pods/Headers/Public/React-featureflagsnativemodule -Xcc -I/Users/shashishekhar/Desktop/RestaurantsNearMeIOS/ios/Pods/Headers/Public/React-graphics -Xcc -I/Users/shashishekhar/Desktop/RestaurantsNearMeIOS/ios/Pods/Headers/Public/React-hermes -Xcc -I/Users/shashishekhar/Desktop/RestaurantsNearMeIOS/ios/Pods/Headers/Public/React-idlecallbacksnativemodule -Xcc -I/Users/shashishekhar/Desktop/RestaurantsNearMeIOS/ios/Pods/Headers/Public/React-intersectionobservernativemodule -Xcc -I/Users/shashishekhar/Desktop/RestaurantsNearMeIOS/ios/Pods/Headers/Public/React-jserrorhandler -Xcc -I/Users/shashishekhar/Desktop/RestaurantsNearMeIOS/ios/Pods/Headers/Public/React-jsi -Xcc -I/Users/shashishekhar/Desktop/RestaurantsNearMeIOS/ios/Pods/Headers/Public/React-jsiexecutor -Xcc -I/Users/shashishekhar/Desktop/RestaurantsNearMeIOS/ios/Pods/Headers/Public/React-jsinspector -Xcc -I/Users/shashishekhar/Desktop/RestaurantsNearMeIOS/ios/Pods/Headers/Public/React-jsinspectorcdp -Xcc -I/Users/shashishekhar/Desktop/RestaurantsNearMeIOS/ios/Pods/Headers/Public/React-jsinspectornetwork -Xcc -I/Users/shashishekhar/Desktop/RestaurantsNearMeIOS/ios/Pods/Headers/Public/React-jsinspectortracing -Xcc -I/Users/shashishekhar/Desktop/RestaurantsNearMeIOS/ios/Pods/Headers/Public/React-jsitooling -Xcc -I/Users/shashishekhar/Desktop/RestaurantsNearMeIOS/ios/Pods/Headers/Public/React-logger -Xcc -I/Users/shashishekhar/Desktop/RestaurantsNearMeIOS/ios/Pods/Headers/Public/React-microtasksnativemodule -Xcc -I/Users/shashishekhar/Desktop/RestaurantsNearMeIOS/ios/Pods/Headers/Public/React-mutationobservernativemodule -Xcc -I/Users/shashishekhar/Desktop/RestaurantsNearMeIOS/ios/Pods/Headers/Public/React-networking -Xcc -I/Users/shashishekhar/Desktop/RestaurantsNearMeIOS/ios/Pods/Headers/Public/React-oscompat -Xcc -I/Users/shashishekhar/Desktop/RestaurantsNearMeIOS/ios/Pods/Headers/Public/React-perflogger -Xcc -I/Users/shashishekhar/Desktop/RestaurantsNearMeIOS/ios/Pods/Headers/Public/React-performancecdpmetrics -Xcc -I/Users/shashishekhar/Desktop/RestaurantsNearMeIOS/ios/Pods/Headers/Public/React-performancetimeline -Xcc -I/Users/shashishekhar/Desktop/RestaurantsNearMeIOS/ios/Pods/Headers/Public/React-rendererconsistency -Xcc -I/Users/shashishekhar/Desktop/RestaurantsNearMeIOS/ios/Pods/Headers/Public/React-renderercss -Xcc -I/Users/shashishekhar/Desktop/RestaurantsNearMeIOS/ios/Pods/Headers/Public/React-rendererdebug -Xcc -I/Users/shashishekhar/Desktop/RestaurantsNearMeIOS/ios/Pods/Headers/Public/React-runtimeexecutor -Xcc -I/Users/shashishekhar/Desktop/RestaurantsNearMeIOS/ios/Pods/Headers/Public/React-runtimescheduler -Xcc -I/Users/shashishekhar/Desktop/RestaurantsNearMeIOS/ios/Pods/Headers/Public/React-timing -Xcc -I/Users/shashishekhar/Desktop/RestaurantsNearMeIOS/ios/Pods/Headers/Public/React-utils -Xcc -I/Users/shashishekhar/Desktop/RestaurantsNearMeIOS/ios/Pods/Headers/Public/React-viewtransitionnativemodule -Xcc -I/Users/shashishekhar/Desktop/RestaurantsNearMeIOS/ios/Pods/Headers/Public/React-webperformancenativemodule -Xcc -I/Users/shashishekhar/Desktop/RestaurantsNearMeIOS/ios/Pods/Headers/Public/ReactCodegen -Xcc -I/Users/shashishekhar/Desktop/RestaurantsNearMeIOS/ios/Pods/Headers/Public/ReactCommon -Xcc -I/Users/shashishekhar/Desktop/RestaurantsNearMeIOS/ios/Pods/Headers/Public/ReactNativeDependencies -Xcc -I/Users/shashishekhar/Desktop/RestaurantsNearMeIOS/ios/Pods/Headers/Public/Yoga -Xcc -I/Users/shashishekhar/Desktop/RestaurantsNearMeIOS/ios/Pods/Headers/Public/hermes-engine -Xcc -I/Users/shashishekhar/Desktop/RestaurantsNearMeIOS/ios/Pods/Headers/Private/Yoga -Xcc -I/Users/shashishekhar/Library/Developer/Xcode/DerivedData/RestaurantsNearMeIOS-cxlnvzrpmdwxdmausljrqbwijesy/Build/Intermediates.noindex/Pods.build/Debug-iphonesimulator/react-native-pager-view.build/DerivedSources-normal/arm64 -Xcc -I/Users/shashishekhar/Library/Developer/Xcode/DerivedData/RestaurantsNearMeIOS-cxlnvzrpmdwxdmausljrqbwijesy/Build/Intermediates.noindex/Pods.build/Debug-iphonesimulator/react-native-pager-view.build/DerivedSources/arm64 -Xcc -I/Users/shashishekhar/Library/Developer/Xcode/DerivedData/RestaurantsNearMeIOS-cxlnvzrpmdwxdmausljrqbwijesy/Build/Intermediates.noindex/Pods.build/Debug-iphonesimulator/react-native-pager-view.build/DerivedSources -Xcc -DPOD_CONFIGURATION_DEBUG\=1 -Xcc -DDEBUG\=1 -Xcc -DCOCOAPODS\=1 -emit-objc-header -emit-objc-header-path /Users/shashishekhar/Library/Developer/Xcode/DerivedData/RestaurantsNearMeIOS-cxlnvzrpmdwxdmausljrqbwijesy/Build/Intermediates.noindex/Pods.build/Debug-iphonesimulator/react-native-pager-view.build/Objects-normal/arm64/react_native_pager_view-Swift.h -working-directory /Users/shashishekhar/Desktop/RestaurantsNearMeIOS/ios/Pods -experimental-emit-module-separately -disable-cmo

PrecompileModule /Users/shashishekhar/Library/Developer/Xcode/DerivedData/RestaurantsNearMeIOS-cxlnvzrpmdwxdmausljrqbwijesy/Build/Intermediates.noindex/ExplicitPrecompiledModules/_Builtin_inttypes-8U4NDHCB6U8UWN46UR3EGYZCR.scan
    cd /
    builtin-precompileModule /Users/shashishekhar/Library/Developer/Xcode/DerivedData/RestaurantsNearMeIOS-cxlnvzrpmdwxdmausljrqbwijesy/Build/Intermediates.noindex/ExplicitPrecompiledModules/_Builtin_inttypes-8U4NDHCB6U8UWN46UR3EGYZCR.scan

PrecompileModule /Users/shashishekhar/Library/Developer/Xcode/DerivedData/RestaurantsNearMeIOS-cxlnvzrpmdwxdmausljrqbwijesy/Build/Intermediates.noindex/ExplicitPrecompiledModules/Darwin-EDM7SYN7HZ1AHPVTZOV6A4OHQ.scan
    cd /
    builtin-precompileModule /Users/shashishekhar/Library/Developer/Xcode/DerivedData/RestaurantsNearMeIOS-cxlnvzrpmdwxdmausljrqbwijesy/Build/Intermediates.noindex/ExplicitPrecompiledModules/Darwin-EDM7SYN7HZ1AHPVTZOV6A4OHQ.scan

PrecompileModule /Users/shashishekhar/Library/Developer/Xcode/DerivedData/RestaurantsNearMeIOS-cxlnvzrpmdwxdmausljrqbwijesy/Build/Intermediates.noindex/ExplicitPrecompiledModules/ObjectiveC-1TUK3PWH6B0PJC8ER2NG0OGN5.scan
    cd /
    builtin-precompileModule /Users/shashishekhar/Library/Developer/Xcode/DerivedData/RestaurantsNearMeIOS-cxlnvzrpmdwxdmausljrqbwijesy/Build/Intermediates.noindex/ExplicitPrecompiledModules/ObjectiveC-1TUK3PWH6B0PJC8ER2NG0OGN5.scan

PrecompileModule /Users/shashishekhar/Library/Developer/Xcode/DerivedData/RestaurantsNearMeIOS-cxlnvzrpmdwxdmausljrqbwijesy/Build/Intermediates.noindex/ExplicitPrecompiledModules/os_object-14L0MHJ6JQR570KDDEGKMH429.scan
    cd /
    builtin-precompileModule /Users/shashishekhar/Library/Developer/Xcode/DerivedData/RestaurantsNearMeIOS-cxlnvzrpmdwxdmausljrqbwijesy/Build/Intermediates.noindex/ExplicitPrecompiledModules/os_object-14L0MHJ6JQR570KDDEGKMH429.scan

PrecompileModule /Users/shashishekhar/Library/Developer/Xcode/DerivedData/RestaurantsNearMeIOS-cxlnvzrpmdwxdmausljrqbwijesy/Build/Intermediates.noindex/ExplicitPrecompiledModules/ObjectiveC-3YD8Z83Z6Z7VVBN4QQRB3XVWQ.scan
    cd /
    builtin-precompileModule /Users/shashishekhar/Library/Developer/Xcode/DerivedData/RestaurantsNearMeIOS-cxlnvzrpmdwxdmausljrqbwijesy/Build/Intermediates.noindex/ExplicitPrecompiledModules/ObjectiveC-3YD8Z83Z6Z7VVBN4QQRB3XVWQ.scan

PrecompileModule /Users/shashishekhar/Library/Developer/Xcode/DerivedData/RestaurantsNearMeIOS-cxlnvzrpmdwxdmausljrqbwijesy/Build/Intermediates.noindex/ExplicitPrecompiledModules/os_workgroup-8U98RL20UC087DBYGIHLUWA2Z.scan
    cd /
    builtin-precompileModule /Users/shashishekhar/Library/Developer/Xcode/DerivedData/RestaurantsNearMeIOS-cxlnvzrpmdwxdmausljrqbwijesy/Build/Intermediates.noindex/ExplicitPrecompiledModules/os_workgroup-8U98RL20UC087DBYGIHLUWA2Z.scan

PrecompileModule /Users/shashishekhar/Library/Developer/Xcode/DerivedData/RestaurantsNearMeIOS-cxlnvzrpmdwxdmausljrqbwijesy/Build/Intermediates.noindex/ExplicitPrecompiledModules/os_object-2PNXTVEQTFR1QA4COIDCQUI35.scan
    cd /
    builtin-precompileModule /Users/shashishekhar/Library/Developer/Xcode/DerivedData/RestaurantsNearMeIOS-cxlnvzrpmdwxdmausljrqbwijesy/Build/Intermediates.noindex/ExplicitPrecompiledModules/os_object-2PNXTVEQTFR1QA4COIDCQUI35.scan

PrecompileModule /Users/shashishekhar/Library/Developer/Xcode/DerivedData/RestaurantsNearMeIOS-cxlnvzrpmdwxdmausljrqbwijesy/Build/Intermediates.noindex/ExplicitPrecompiledModules/Dispatch-1U8T3ILGNOIT8SVJFTVASVPFY.scan
    cd /
    builtin-precompileModule /Users/shashishekhar/Library/Developer/Xcode/DerivedData/RestaurantsNearMeIOS-cxlnvzrpmdwxdmausljrqbwijesy/Build/Intermediates.noindex/ExplicitPrecompiledModules/Dispatch-1U8T3ILGNOIT8SVJFTVASVPFY.scan

PrecompileModule /Users/shashishekhar/Library/Developer/Xcode/DerivedData/RestaurantsNearMeIOS-cxlnvzrpmdwxdmausljrqbwijesy/Build/Intermediates.noindex/ExplicitPrecompiledModules/os_workgroup-CQ2FGF21I5GAAVQGMGA649BE.scan
    cd /
    builtin-precompileModule /Users/shashishekhar/Library/Developer/Xcode/DerivedData/RestaurantsNearMeIOS-cxlnvzrpmdwxdmausljrqbwijesy/Build/Intermediates.noindex/ExplicitPrecompiledModules/os_workgroup-CQ2FGF21I5GAAVQGMGA649BE.scan

PrecompileModule /Users/shashishekhar/Library/Developer/Xcode/DerivedData/RestaurantsNearMeIOS-cxlnvzrpmdwxdmausljrqbwijesy/Build/Intermediates.noindex/ExplicitPrecompiledModules/Dispatch-2QMCRJTJRS0TXJ0K0XL3YY6MP.scan
    cd /
    builtin-precompileModule /Users/shashishekhar/Library/Developer/Xcode/DerivedData/RestaurantsNearMeIOS-cxlnvzrpmdwxdmausljrqbwijesy/Build/Intermediates.noindex/ExplicitPrecompiledModules/Dispatch-2QMCRJTJRS0TXJ0K0XL3YY6MP.scan

PrecompileModule /Users/shashishekhar/Library/Developer/Xcode/DerivedData/RestaurantsNearMeIOS-cxlnvzrpmdwxdmausljrqbwijesy/Build/Intermediates.noindex/ExplicitPrecompiledModules/XPC-5LXPYKYVRSXPFKLV0P0Z9H1ZB.scan
    cd /
    builtin-precompileModule /Users/shashishekhar/Library/Developer/Xcode/DerivedData/RestaurantsNearMeIOS-cxlnvzrpmdwxdmausljrqbwijesy/Build/Intermediates.noindex/ExplicitPrecompiledModules/XPC-5LXPYKYVRSXPFKLV0P0Z9H1ZB.scan

PrecompileModule /Users/shashishekhar/Library/Developer/Xcode/DerivedData/RestaurantsNearMeIOS-cxlnvzrpmdwxdmausljrqbwijesy/Build/Intermediates.noindex/ExplicitPrecompiledModules/CoreFoundation-41TN5PAEO66MFRN9XJ5AC3F1X.scan
    cd /
    builtin-precompileModule /Users/shashishekhar/Library/Developer/Xcode/DerivedData/RestaurantsNearMeIOS-cxlnvzrpmdwxdmausljrqbwijesy/Build/Intermediates.noindex/ExplicitPrecompiledModules/CoreFoundation-41TN5PAEO66MFRN9XJ5AC3F1X.scan

PrecompileModule /Users/shashishekhar/Library/Developer/Xcode/DerivedData/RestaurantsNearMeIOS-cxlnvzrpmdwxdmausljrqbwijesy/Build/Intermediates.noindex/ExplicitPrecompiledModules/XPC-7XS5AB7GPFADLGBSF5DSRPM4N.scan
    cd /
    builtin-precompileModule /Users/shashishekhar/Library/Developer/Xcode/DerivedData/RestaurantsNearMeIOS-cxlnvzrpmdwxdmausljrqbwijesy/Build/Intermediates.noindex/ExplicitPrecompiledModules/XPC-7XS5AB7GPFADLGBSF5DSRPM4N.scan

PrecompileModule /Users/shashishekhar/Library/Developer/Xcode/DerivedData/RestaurantsNearMeIOS-cxlnvzrpmdwxdmausljrqbwijesy/Build/Intermediates.noindex/ExplicitPrecompiledModules/CoreFoundation-6ISOIUH2C8S88P0H7WYY69D3V.scan
    cd /
    builtin-precompileModule /Users/shashishekhar/Library/Developer/Xcode/DerivedData/RestaurantsNearMeIOS-cxlnvzrpmdwxdmausljrqbwijesy/Build/Intermediates.noindex/ExplicitPrecompiledModules/CoreFoundation-6ISOIUH2C8S88P0H7WYY69D3V.scan

SwiftDriverJobDiscovery normal x86_64 Emitting module for react_native_pager_view (in target 'react-native-pager-view' from project 'Pods')

SwiftDriver\ Compilation\ Requirements react-native-pager-view normal x86_64 com.apple.xcode.tools.swift.compiler (in target 'react-native-pager-view' from project 'Pods')
    cd /Users/shashishekhar/Desktop/RestaurantsNearMeIOS/ios/Pods
    builtin-Swift-Compilation-Requirements -- /Applications/Xcode.app/Contents/Developer/Toolchains/XcodeDefault.xctoolchain/usr/bin/swiftc -module-name react_native_pager_view -Onone @/Users/shashishekhar/Library/Developer/Xcode/DerivedData/RestaurantsNearMeIOS-cxlnvzrpmdwxdmausljrqbwijesy/Build/Intermediates.noindex/Pods.build/Debug-iphonesimulator/react-native-pager-view.build/Objects-normal/x86_64/react-native-pager-view.SwiftFileList -DDEBUG -D COCOAPODS -Xcc -fmodule-map-file\=/Users/shashishekhar/Library/Developer/Xcode/DerivedData/RestaurantsNearMeIOS-cxlnvzrpmdwxdmausljrqbwijesy/Build/Products/Debug-iphonesimulator/SwiftUIIntrospect/SwiftUIIntrospect.modulemap -Xcc -fmodule-map-file\=/Users/shashishekhar/Desktop/RestaurantsNearMeIOS/ios/Pods/Headers/Public/ReactCodegen/ReactCodegen.modulemap -import-underlying-module -Xcc -fmodule-map-file\=/Users/shashishekhar/Desktop/RestaurantsNearMeIOS/ios/Pods/Headers/Public/react_native_pager_view/react-native-pager-view.modulemap -DRCT_NEW_ARCH_ENABLED -Xcc -ivfsoverlay -Xcc /Users/shashishekhar/Desktop/RestaurantsNearMeIOS/ios/Pods/React-Core-prebuilt/React-VFS.yaml -enable-bare-slash-regex -enable-experimental-feature DebugDescriptionMacro -sdk /Applications/Xcode.app/Contents/Developer/Platforms/iPhoneSimulator.platform/Developer/SDKs/iPhoneSimulator26.5.sdk -target x86_64-apple-ios15.1-simulator -g -module-cache-path /Users/shashishekhar/Library/Developer/Xcode/DerivedData/ModuleCache.noindex -Xfrontend -serialize-debugging-options -enable-testing -index-store-path /Users/shashishekhar/Library/Developer/Xcode/DerivedData/RestaurantsNearMeIOS-cxlnvzrpmdwxdmausljrqbwijesy/Index.noindex/DataStore -Xcc -D_LIBCPP_HARDENING_MODE\=_LIBCPP_HARDENING_MODE_DEBUG -swift-version 5 -I /Users/shashishekhar/Library/Developer/Xcode/DerivedData/RestaurantsNearMeIOS-cxlnvzrpmdwxdmausljrqbwijesy/Build/Products/Debug-iphonesimulator/react-native-pager-view -I /Users/shashishekhar/Library/Developer/Xcode/DerivedData/RestaurantsNearMeIOS-cxlnvzrpmdwxdmausljrqbwijesy/Build/Products/Debug-iphonesimulator/SwiftUIIntrospect -F /Users/shashishekhar/Library/Developer/Xcode/DerivedData/RestaurantsNearMeIOS-cxlnvzrpmdwxdmausljrqbwijesy/Build/Products/Debug-iphonesimulator/react-native-pager-view -F /Users/shashishekhar/Desktop/RestaurantsNearMeIOS/ios/Pods/React-Core-prebuilt -F /Users/shashishekhar/Desktop/RestaurantsNearMeIOS/ios/Pods/ReactNativeDependencies/framework/packages/react-native -F /Users/shashishekhar/Desktop/RestaurantsNearMeIOS/ios/Pods/hermes-engine/destroot/Library/Frameworks/universal -F /Users/shashishekhar/Library/Developer/Xcode/DerivedData/RestaurantsNearMeIOS-cxlnvzrpmdwxdmausljrqbwijesy/Build/Products/Debug-iphonesimulator/XCFrameworkIntermediates/React-Core-prebuilt -F /Users/shashishekhar/Library/Developer/Xcode/DerivedData/RestaurantsNearMeIOS-cxlnvzrpmdwxdmausljrqbwijesy/Build/Products/Debug-iphonesimulator/XCFrameworkIntermediates/ReactNativeDependencies -F /Users/shashishekhar/Library/Developer/Xcode/DerivedData/RestaurantsNearMeIOS-cxlnvzrpmdwxdmausljrqbwijesy/Build/Products/Debug-iphonesimulator/XCFrameworkIntermediates/hermes-engine/Pre-built -c -j10 -enable-batch-mode -incremental -Xcc -ivfsstatcache -Xcc /Users/shashishekhar/Library/Developer/Xcode/DerivedData/SDKStatCaches.noindex/iphonesimulator26.5-23F81a-6cfe768891a92b912361537c460fe42b.sdkstatcache -output-file-map /Users/shashishekhar/Library/Developer/Xcode/DerivedData/RestaurantsNearMeIOS-cxlnvzrpmdwxdmausljrqbwijesy/Build/Intermediates.noindex/Pods.build/Debug-iphonesimulator/react-native-pager-view.build/Objects-normal/x86_64/react-native-pager-view-OutputFileMap.json -use-frontend-parseable-output -save-temps -no-color-diagnostics -serialize-diagnostics -emit-dependencies -emit-module -emit-module-path /Users/shashishekhar/Library/Developer/Xcode/DerivedData/RestaurantsNearMeIOS-cxlnvzrpmdwxdmausljrqbwijesy/Build/Intermediates.noindex/Pods.build/Debug-iphonesimulator/react-native-pager-view.build/Objects-normal/x86_64/react_native_pager_view.swiftmodule -validate-clang-modules-once -clang-build-session-file /Users/shashishekhar/Library/Developer/Xcode/DerivedData/ModuleCache.noindex/Session.modulevalidation -Xcc -I/Users/shashishekhar/Library/Developer/Xcode/DerivedData/RestaurantsNearMeIOS-cxlnvzrpmdwxdmausljrqbwijesy/Build/Intermediates.noindex/Pods.build/Debug-iphonesimulator/react-native-pager-view.build/swift-overrides.hmap -emit-const-values -Xfrontend -const-gather-protocols-file -Xfrontend /Users/shashishekhar/Library/Developer/Xcode/DerivedData/RestaurantsNearMeIOS-cxlnvzrpmdwxdmausljrqbwijesy/Build/Intermediates.noindex/Pods.build/Debug-iphonesimulator/react-native-pager-view.build/Objects-normal/x86_64/react-native-pager-view_const_extract_protocols.json -Xcc -iquote -Xcc /Users/shashishekhar/Library/Developer/Xcode/DerivedData/RestaurantsNearMeIOS-cxlnvzrpmdwxdmausljrqbwijesy/Build/Intermediates.noindex/Pods.build/Debug-iphonesimulator/react-native-pager-view.build/react-native-pager-view-generated-files.hmap -Xcc -I/Users/shashishekhar/Library/Developer/Xcode/DerivedData/RestaurantsNearMeIOS-cxlnvzrpmdwxdmausljrqbwijesy/Build/Intermediates.noindex/Pods.build/Debug-iphonesimulator/react-native-pager-view.build/react-native-pager-view-own-target-headers.hmap -Xcc -I/Users/shashishekhar/Library/Developer/Xcode/DerivedData/RestaurantsNearMeIOS-cxlnvzrpmdwxdmausljrqbwijesy/Build/Intermediates.noindex/Pods.build/Debug-iphonesimulator/react-native-pager-view.build/react-native-pager-view-all-non-framework-target-headers.hmap -Xcc -ivfsoverlay -Xcc /Users/shashishekhar/Library/Developer/Xcode/DerivedData/RestaurantsNearMeIOS-cxlnvzrpmdwxdmausljrqbwijesy/Build/Intermediates.noindex/Pods.build/Debug-iphonesimulator/Pods-8699adb1dd336b26511df848a716bd42-VFS-iphonesimulator/all-product-headers.yaml -Xcc -iquote -Xcc /Users/shashishekhar/Library/Developer/Xcode/DerivedData/RestaurantsNearMeIOS-cxlnvzrpmdwxdmausljrqbwijesy/Build/Intermediates.noindex/Pods.build/Debug-iphonesimulator/react-native-pager-view.build/react-native-pager-view-project-headers.hmap -Xcc -I/Users/shashishekhar/Library/Developer/Xcode/DerivedData/RestaurantsNearMeIOS-cxlnvzrpmdwxdmausljrqbwijesy/Build/Products/Debug-iphonesimulator/react-native-pager-view/include -Xcc -I/Users/shashishekhar/Desktop/RestaurantsNearMeIOS/ios/Pods/Headers/Private -Xcc -I/Users/shashishekhar/Desktop/RestaurantsNearMeIOS/ios/Pods/Headers/Private/react-native-pager-view -Xcc -I/Users/shashishekhar/Desktop/RestaurantsNearMeIOS/ios/Pods/Headers/Public -Xcc -I/Users/shashishekhar/Desktop/RestaurantsNearMeIOS/ios/Pods/Headers/Public/FBLazyVector -Xcc -I/Users/shashishekhar/Desktop/RestaurantsNearMeIOS/ios/Pods/Headers/Public/RCTRequired -Xcc -I/Users/shashishekhar/Desktop/RestaurantsNearMeIOS/ios/Pods/Headers/Public/RCTSwiftUIWrapper -Xcc -I/Users/shashishekhar/Desktop/RestaurantsNearMeIOS/ios/Pods/Headers/Public/RCTTypeSafety -Xcc -I/Users/shashishekhar/Desktop/RestaurantsNearMeIOS/ios/Pods/Headers/Public/React-Core -Xcc -I/Users/shashishekhar/Desktop/RestaurantsNearMeIOS/ios/Pods/Headers/Public/React-Core-prebuilt -Xcc -I/Users/shashishekhar/Desktop/RestaurantsNearMeIOS/ios/Pods/Headers/Public/React-CoreModules -Xcc -I/Users/shashishekhar/Desktop/RestaurantsNearMeIOS/ios/Pods/Headers/Public/React-Fabric -Xcc -I/Users/shashishekhar/Desktop/RestaurantsNearMeIOS/ios/Pods/Headers/Public/React-FabricComponents -Xcc -I/Users/shashishekhar/Desktop/RestaurantsNearMeIOS/ios/Pods/Headers/Public/React-FabricImage -Xcc -I/Users/shashishekhar/Desktop/RestaurantsNearMeIOS/ios/Pods/Headers/Public/React-ImageManager -Xcc -I/Users/shashishekhar/Desktop/RestaurantsNearMeIOS/ios/Pods/Headers/Public/React-Mapbuffer -Xcc -I/Users/shashishekhar/Desktop/RestaurantsNearMeIOS/ios/Pods/Headers/Public/React-NativeModulesApple -Xcc -I/Users/shashishekhar/Desktop/RestaurantsNearMeIOS/ios/Pods/Headers/Public/React-RCTAnimation -Xcc -I/Users/shashishekhar/Desktop/RestaurantsNearMeIOS/ios/Pods/Headers/Public/React-RCTBlob -Xcc -I/Users/shashishekhar/Desktop/RestaurantsNearMeIOS/ios/Pods/Headers/Public/React-RCTFBReactNativeSpec -Xcc -I/Users/shashishekhar/Desktop/RestaurantsNearMeIOS/ios/Pods/Headers/Public/React-RCTFabric -Xcc -I/Users/shashishekhar/Desktop/RestaurantsNearMeIOS/ios/Pods/Headers/Public/React-RCTImage -Xcc -I/Users/shashishekhar/Desktop/RestaurantsNearMeIOS/ios/Pods/Headers/Public/React-RCTRuntime -Xcc -I/Users/shashishekhar/Desktop/RestaurantsNearMeIOS/ios/Pods/Headers/Public/React-RCTText -Xcc -I/Users/shashishekhar/Desktop/RestaurantsNearMeIOS/ios/Pods/Headers/Public/React-RuntimeApple -Xcc -I/Users/shashishekhar/Desktop/RestaurantsNearMeIOS/ios/Pods/Headers/Public/React-RuntimeCore -Xcc -I/Users/shashishekhar/Desktop/RestaurantsNearMeIOS/ios/Pods/Headers/Public/React-RuntimeHermes -Xcc -I/Users/shashishekhar/Desktop/RestaurantsNearMeIOS/ios/Pods/Headers/Public/React-callinvoker -Xcc -I/Users/shashishekhar/Desktop/RestaurantsNearMeIOS/ios/Pods/Headers/Public/React-cxxreact -Xcc -I/Users/shashishekhar/Desktop/RestaurantsNearMeIOS/ios/Pods/Headers/Public/React-debug -Xcc -I/Users/shashishekhar/Desktop/RestaurantsNearMeIOS/ios/Pods/Headers/Public/React-defaultsnativemodule -Xcc -I/Users/shashishekhar/Desktop/RestaurantsNearMeIOS/ios/Pods/Headers/Public/React-domnativemodule -Xcc -I/Users/shashishekhar/Desktop/RestaurantsNearMeIOS/ios/Pods/Headers/Public/React-featureflags -Xcc -I/Users/shashishekhar/Desktop/RestaurantsNearMeIOS/ios/Pods/Headers/Public/React-featureflagsnativemodule -Xcc -I/Users/shashishekhar/Desktop/RestaurantsNearMeIOS/ios/Pods/Headers/Public/React-graphics -Xcc -I/Users/shashishekhar/Desktop/RestaurantsNearMeIOS/ios/Pods/Headers/Public/React-hermes -Xcc -I/Users/shashishekhar/Desktop/RestaurantsNearMeIOS/ios/Pods/Headers/Public/React-idlecallbacksnativemodule -Xcc -I/Users/shashishekhar/Desktop/RestaurantsNearMeIOS/ios/Pods/Headers/Public/React-intersectionobservernativemodule -Xcc -I/Users/shashishekhar/Desktop/RestaurantsNearMeIOS/ios/Pods/Headers/Public/React-jserrorhandler -Xcc -I/Users/shashishekhar/Desktop/RestaurantsNearMeIOS/ios/Pods/Headers/Public/React-jsi -Xcc -I/Users/shashishekhar/Desktop/RestaurantsNearMeIOS/ios/Pods/Headers/Public/React-jsiexecutor -Xcc -I/Users/shashishekhar/Desktop/RestaurantsNearMeIOS/ios/Pods/Headers/Public/React-jsinspector -Xcc -I/Users/shashishekhar/Desktop/RestaurantsNearMeIOS/ios/Pods/Headers/Public/React-jsinspectorcdp -Xcc -I/Users/shashishekhar/Desktop/RestaurantsNearMeIOS/ios/Pods/Headers/Public/React-jsinspectornetwork -Xcc -I/Users/shashishekhar/Desktop/RestaurantsNearMeIOS/ios/Pods/Headers/Public/React-jsinspectortracing -Xcc -I/Users/shashishekhar/Desktop/RestaurantsNearMeIOS/ios/Pods/Headers/Public/React-jsitooling -Xcc -I/Users/shashishekhar/Desktop/RestaurantsNearMeIOS/ios/Pods/Headers/Public/React-logger -Xcc -I/Users/shashishekhar/Desktop/RestaurantsNearMeIOS/ios/Pods/Headers/Public/React-microtasksnativemodule -Xcc -I/Users/shashishekhar/Desktop/RestaurantsNearMeIOS/ios/Pods/Headers/Public/React-mutationobservernativemodule -Xcc -I/Users/shashishekhar/Desktop/RestaurantsNearMeIOS/ios/Pods/Headers/Public/React-networking -Xcc -I/Users/shashishekhar/Desktop/RestaurantsNearMeIOS/ios/Pods/Headers/Public/React-oscompat -Xcc -I/Users/shashishekhar/Desktop/RestaurantsNearMeIOS/ios/Pods/Headers/Public/React-perflogger -Xcc -I/Users/shashishekhar/Desktop/RestaurantsNearMeIOS/ios/Pods/Headers/Public/React-performancecdpmetrics -Xcc -I/Users/shashishekhar/Desktop/RestaurantsNearMeIOS/ios/Pods/Headers/Public/React-performancetimeline -Xcc -I/Users/shashishekhar/Desktop/RestaurantsNearMeIOS/ios/Pods/Headers/Public/React-rendererconsistency -Xcc -I/Users/shashishekhar/Desktop/RestaurantsNearMeIOS/ios/Pods/Headers/Public/React-renderercss -Xcc -I/Users/shashishekhar/Desktop/RestaurantsNearMeIOS/ios/Pods/Headers/Public/React-rendererdebug -Xcc -I/Users/shashishekhar/Desktop/RestaurantsNearMeIOS/ios/Pods/Headers/Public/React-runtimeexecutor -Xcc -I/Users/shashishekhar/Desktop/RestaurantsNearMeIOS/ios/Pods/Headers/Public/React-runtimescheduler -Xcc -I/Users/shashishekhar/Desktop/RestaurantsNearMeIOS/ios/Pods/Headers/Public/React-timing -Xcc -I/Users/shashishekhar/Desktop/RestaurantsNearMeIOS/ios/Pods/Headers/Public/React-utils -Xcc -I/Users/shashishekhar/Desktop/RestaurantsNearMeIOS/ios/Pods/Headers/Public/React-viewtransitionnativemodule -Xcc -I/Users/shashishekhar/Desktop/RestaurantsNearMeIOS/ios/Pods/Headers/Public/React-webperformancenativemodule -Xcc -I/Users/shashishekhar/Desktop/RestaurantsNearMeIOS/ios/Pods/Headers/Public/ReactCodegen -Xcc -I/Users/shashishekhar/Desktop/RestaurantsNearMeIOS/ios/Pods/Headers/Public/ReactCommon -Xcc -I/Users/shashishekhar/Desktop/RestaurantsNearMeIOS/ios/Pods/Headers/Public/ReactNativeDependencies -Xcc -I/Users/shashishekhar/Desktop/RestaurantsNearMeIOS/ios/Pods/Headers/Public/Yoga -Xcc -I/Users/shashishekhar/Desktop/RestaurantsNearMeIOS/ios/Pods/Headers/Public/hermes-engine -Xcc -I/Users/shashishekhar/Desktop/RestaurantsNearMeIOS/ios/Pods/Headers/Private/Yoga -Xcc -I/Users/shashishekhar/Library/Developer/Xcode/DerivedData/RestaurantsNearMeIOS-cxlnvzrpmdwxdmausljrqbwijesy/Build/Intermediates.noindex/Pods.build/Debug-iphonesimulator/react-native-pager-view.build/DerivedSources-normal/x86_64 -Xcc -I/Users/shashishekhar/Library/Developer/Xcode/DerivedData/RestaurantsNearMeIOS-cxlnvzrpmdwxdmausljrqbwijesy/Build/Intermediates.noindex/Pods.build/Debug-iphonesimulator/react-native-pager-view.build/DerivedSources/x86_64 -Xcc -I/Users/shashishekhar/Library/Developer/Xcode/DerivedData/RestaurantsNearMeIOS-cxlnvzrpmdwxdmausljrqbwijesy/Build/Intermediates.noindex/Pods.build/Debug-iphonesimulator/react-native-pager-view.build/DerivedSources -Xcc -DPOD_CONFIGURATION_DEBUG\=1 -Xcc -DDEBUG\=1 -Xcc -DCOCOAPODS\=1 -emit-objc-header -emit-objc-header-path /Users/shashishekhar/Library/Developer/Xcode/DerivedData/RestaurantsNearMeIOS-cxlnvzrpmdwxdmausljrqbwijesy/Build/Intermediates.noindex/Pods.build/Debug-iphonesimulator/react-native-pager-view.build/Objects-normal/x86_64/react_native_pager_view-Swift.h -working-directory /Users/shashishekhar/Desktop/RestaurantsNearMeIOS/ios/Pods -experimental-emit-module-separately -disable-cmo

Copy /Users/shashishekhar/Library/Developer/Xcode/DerivedData/RestaurantsNearMeIOS-cxlnvzrpmdwxdmausljrqbwijesy/Build/Products/Debug-iphonesimulator/react-native-pager-view/react_native_pager_view.swiftmodule/arm64-apple-ios-simulator.abi.json /Users/shashishekhar/Library/Developer/Xcode/DerivedData/RestaurantsNearMeIOS-cxlnvzrpmdwxdmausljrqbwijesy/Build/Intermediates.noindex/Pods.build/Debug-iphonesimulator/react-native-pager-view.build/Objects-normal/arm64/react_native_pager_view.abi.json (in target 'react-native-pager-view' from project 'Pods')
    cd /Users/shashishekhar/Desktop/RestaurantsNearMeIOS/ios/Pods
    builtin-copy -exclude .DS_Store -exclude CVS -exclude .svn -exclude .git -exclude .hg -resolve-src-symlinks -rename /Users/shashishekhar/Library/Developer/Xcode/DerivedData/RestaurantsNearMeIOS-cxlnvzrpmdwxdmausljrqbwijesy/Build/Intermediates.noindex/Pods.build/Debug-iphonesimulator/react-native-pager-view.build/Objects-normal/arm64/react_native_pager_view.abi.json /Users/shashishekhar/Library/Developer/Xcode/DerivedData/RestaurantsNearMeIOS-cxlnvzrpmdwxdmausljrqbwijesy/Build/Products/Debug-iphonesimulator/react-native-pager-view/react_native_pager_view.swiftmodule/arm64-apple-ios-simulator.abi.json

CompileC /Users/shashishekhar/Library/Developer/Xcode/DerivedData/RestaurantsNearMeIOS-cxlnvzrpmdwxdmausljrqbwijesy/Build/Intermediates.noindex/Pods.build/Debug-iphonesimulator/react-native-pager-view.build/Objects-normal/arm64/RCTOnPageScrollEvent.o /Users/shashishekhar/Desktop/RestaurantsNearMeIOS/node_modules/react-native-pager-view/ios/RCTOnPageScrollEvent.m normal arm64 objective-c com.apple.compilers.llvm.clang.1_0.compiler (in target 'react-native-pager-view' from project 'Pods')
    cd /Users/shashishekhar/Desktop/RestaurantsNearMeIOS/ios/Pods
    
    Using response file: /Users/shashishekhar/Library/Developer/Xcode/DerivedData/RestaurantsNearMeIOS-cxlnvzrpmdwxdmausljrqbwijesy/Build/Intermediates.noindex/Pods.build/Debug-iphonesimulator/react-native-pager-view.build/Objects-normal/arm64/e6072d4f65d7061329687fe24e3d63a7-common-args.resp
    
    /Applications/Xcode.app/Contents/Developer/Toolchains/XcodeDefault.xctoolchain/usr/bin/clang -x objective-c -ivfsstatcache /Users/shashishekhar/Library/Developer/Xcode/DerivedData/SDKStatCaches.noindex/iphonesimulator26.5-23F81a-6cfe768891a92b912361537c460fe42b.sdkstatcache -target arm64-apple-ios15.1-simulator -fmessage-length\=0 -fdiagnostics-show-note-include-stack -fmacro-backtrace-limit\=0 -fno-color-diagnostics -fmodules-prune-interval\=86400 -fmodules-prune-after\=345600 -fbuild-session-file\=/Users/shashishekhar/Library/Developer/Xcode/DerivedData/ModuleCache.noindex/Session.modulevalidation -fmodules-validate-once-per-build-session -Wno-trigraphs -Wno-missing-field-initializers -Wno-missing-prototypes -Werror\=return-type -Wdocumentation -Wunreachable-code -Wno-implicit-atomic-properties -Werror\=deprecated-objc-isa-usage -Wno-objc-interface-ivars -Werror\=objc-root-class -Wno-arc-repeated-use-of-weak -Wimplicit-retain-self -Wduplicate-method-match -Wno-missing-braces -Wparentheses -Wswitch -Wunused-function -Wno-unused-label -Wno-unused-parameter -Wunused-variable -Wunused-value -Wempty-body -Wuninitialized -Wconditional-uninitialized -Wno-unknown-pragmas -Wno-shadow -Wno-four-char-constants -Wno-conversion -Wconstant-conversion -Wint-conversion -Wbool-conversion -Wenum-conversion -Wno-float-conversion -Wnon-literal-null-conversion -Wobjc-literal-conversion -Wshorten-64-to-32 -Wpointer-sign -Wno-newline-eof -Wno-selector -Wno-strict-selector-match -Wundeclared-selector -Wdeprecated-implementations -Wno-implicit-fallthrough -isysroot /Applications/Xcode.app/Contents/Developer/Platforms/iPhoneSimulator.platform/Developer/SDKs/iPhoneSimulator26.5.sdk -fstrict-aliasing -Wprotocol -Wdeprecated-declarations -Wno-sign-conversion -Winfinite-recursion -Wcomma -Wblock-capture-autoreleasing -Wstrict-prototypes -Wno-semicolon-before-method-body -Wunguarded-availability -index-store-path /Users/shashishekhar/Library/Developer/Xcode/DerivedData/RestaurantsNearMeIOS-cxlnvzrpmdwxdmausljrqbwijesy/Index.noindex/DataStore @/Users/shashishekhar/Library/Developer/Xcode/DerivedData/RestaurantsNearMeIOS-cxlnvzrpmdwxdmausljrqbwijesy/Build/Intermediates.noindex/Pods.build/Debug-iphonesimulator/react-native-pager-view.build/Objects-normal/arm64/e6072d4f65d7061329687fe24e3d63a7-common-args.resp -DRCT_NEW_ARCH_ENABLED\=1 -include /Users/shashishekhar/Desktop/RestaurantsNearMeIOS/ios/Pods/Target\ Support\ Files/react-native-pager-view/react-native-pager-view-prefix.pch -MMD -MT dependencies -MF /Users/shashishekhar/Library/Developer/Xcode/DerivedData/RestaurantsNearMeIOS-cxlnvzrpmdwxdmausljrqbwijesy/Build/Intermediates.noindex/Pods.build/Debug-iphonesimulator/react-native-pager-view.build/Objects-normal/arm64/RCTOnPageScrollEvent.d --serialize-diagnostics /Users/shashishekhar/Library/Developer/Xcode/DerivedData/RestaurantsNearMeIOS-cxlnvzrpmdwxdmausljrqbwijesy/Build/Intermediates.noindex/Pods.build/Debug-iphonesimulator/react-native-pager-view.build/Objects-normal/arm64/RCTOnPageScrollEvent.dia -c /Users/shashishekhar/Desktop/RestaurantsNearMeIOS/node_modules/react-native-pager-view/ios/RCTOnPageScrollEvent.m -o /Users/shashishekhar/Library/Developer/Xcode/DerivedData/RestaurantsNearMeIOS-cxlnvzrpmdwxdmausljrqbwijesy/Build/Intermediates.noindex/Pods.build/Debug-iphonesimulator/react-native-pager-view.build/Objects-normal/arm64/RCTOnPageScrollEvent.o -index-unit-output-path /Pods.build/Debug-iphonesimulator/react-native-pager-view.build/Objects-normal/arm64/RCTOnPageScrollEvent.o

Copy /Users/shashishekhar/Library/Developer/Xcode/DerivedData/RestaurantsNearMeIOS-cxlnvzrpmdwxdmausljrqbwijesy/Build/Products/Debug-iphonesimulator/react-native-pager-view/react_native_pager_view.swiftmodule/x86_64-apple-ios-simulator.abi.json /Users/shashishekhar/Library/Developer/Xcode/DerivedData/RestaurantsNearMeIOS-cxlnvzrpmdwxdmausljrqbwijesy/Build/Intermediates.noindex/Pods.build/Debug-iphonesimulator/react-native-pager-view.build/Objects-normal/x86_64/react_native_pager_view.abi.json (in target 'react-native-pager-view' from project 'Pods')
    cd /Users/shashishekhar/Desktop/RestaurantsNearMeIOS/ios/Pods
    builtin-copy -exclude .DS_Store -exclude CVS -exclude .svn -exclude .git -exclude .hg -resolve-src-symlinks -rename /Users/shashishekhar/Library/Developer/Xcode/DerivedData/RestaurantsNearMeIOS-cxlnvzrpmdwxdmausljrqbwijesy/Build/Intermediates.noindex/Pods.build/Debug-iphonesimulator/react-native-pager-view.build/Objects-normal/x86_64/react_native_pager_view.abi.json /Users/shashishekhar/Library/Developer/Xcode/DerivedData/RestaurantsNearMeIOS-cxlnvzrpmdwxdmausljrqbwijesy/Build/Products/Debug-iphonesimulator/react-native-pager-view/react_native_pager_view.swiftmodule/x86_64-apple-ios-simulator.abi.json

PrecompileModule /Users/shashishekhar/Library/Developer/Xcode/DerivedData/RestaurantsNearMeIOS-cxlnvzrpmdwxdmausljrqbwijesy/Build/Intermediates.noindex/ExplicitPrecompiledModules/Security-8TVIUL9IZPJW9UQJ3R6KTQNWQ.scan
    cd /
    builtin-precompileModule /Users/shashishekhar/Library/Developer/Xcode/DerivedData/RestaurantsNearMeIOS-cxlnvzrpmdwxdmausljrqbwijesy/Build/Intermediates.noindex/ExplicitPrecompiledModules/Security-8TVIUL9IZPJW9UQJ3R6KTQNWQ.scan

PrecompileModule /Users/shashishekhar/Library/Developer/Xcode/DerivedData/RestaurantsNearMeIOS-cxlnvzrpmdwxdmausljrqbwijesy/Build/Intermediates.noindex/ExplicitPrecompiledModules/CFNetwork-58MJDFFX7JOGZHZ58R59S5IGQ.scan
    cd /
    builtin-precompileModule /Users/shashishekhar/Library/Developer/Xcode/DerivedData/RestaurantsNearMeIOS-cxlnvzrpmdwxdmausljrqbwijesy/Build/Intermediates.noindex/ExplicitPrecompiledModules/CFNetwork-58MJDFFX7JOGZHZ58R59S5IGQ.scan

PrecompileModule /Users/shashishekhar/Library/Developer/Xcode/DerivedData/RestaurantsNearMeIOS-cxlnvzrpmdwxdmausljrqbwijesy/Build/Intermediates.noindex/ExplicitPrecompiledModules/CoreGraphics-6WRKKB7T3OY8BKJ8MCV35Z3JF.scan
    cd /
    builtin-precompileModule /Users/shashishekhar/Library/Developer/Xcode/DerivedData/RestaurantsNearMeIOS-cxlnvzrpmdwxdmausljrqbwijesy/Build/Intermediates.noindex/ExplicitPrecompiledModules/CoreGraphics-6WRKKB7T3OY8BKJ8MCV35Z3JF.scan

SwiftCompile normal x86_64 Compiling\ PagerViewProps.swift /Users/shashishekhar/Desktop/RestaurantsNearMeIOS/node_modules/react-native-pager-view/ios/PagerViewProps.swift (in target 'react-native-pager-view' from project 'Pods')

SwiftCompile normal x86_64 /Users/shashishekhar/Desktop/RestaurantsNearMeIOS/node_modules/react-native-pager-view/ios/PagerViewProps.swift (in target 'react-native-pager-view' from project 'Pods')
    cd /Users/shashishekhar/Desktop/RestaurantsNearMeIOS/ios/Pods
    

CompileC /Users/shashishekhar/Library/Developer/Xcode/DerivedData/RestaurantsNearMeIOS-cxlnvzrpmdwxdmausljrqbwijesy/Build/Intermediates.noindex/Pods.build/Debug-iphonesimulator/react-native-pager-view.build/Objects-normal/arm64/react-native-pager-view-dummy.o /Users/shashishekhar/Desktop/RestaurantsNearMeIOS/ios/Pods/Target\ Support\ Files/react-native-pager-view/react-native-pager-view-dummy.m normal arm64 objective-c com.apple.compilers.llvm.clang.1_0.compiler (in target 'react-native-pager-view' from project 'Pods')
    cd /Users/shashishekhar/Desktop/RestaurantsNearMeIOS/ios/Pods
    
    Using response file: /Users/shashishekhar/Library/Developer/Xcode/DerivedData/RestaurantsNearMeIOS-cxlnvzrpmdwxdmausljrqbwijesy/Build/Intermediates.noindex/Pods.build/Debug-iphonesimulator/react-native-pager-view.build/Objects-normal/arm64/e6072d4f65d7061329687fe24e3d63a7-common-args.resp
    
    /Applications/Xcode.app/Contents/Developer/Toolchains/XcodeDefault.xctoolchain/usr/bin/clang -x objective-c -ivfsstatcache /Users/shashishekhar/Library/Developer/Xcode/DerivedData/SDKStatCaches.noindex/iphonesimulator26.5-23F81a-6cfe768891a92b912361537c460fe42b.sdkstatcache -target arm64-apple-ios15.1-simulator -fmessage-length\=0 -fdiagnostics-show-note-include-stack -fmacro-backtrace-limit\=0 -fno-color-diagnostics -fmodules-prune-interval\=86400 -fmodules-prune-after\=345600 -fbuild-session-file\=/Users/shashishekhar/Library/Developer/Xcode/DerivedData/ModuleCache.noindex/Session.modulevalidation -fmodules-validate-once-per-build-session -Wno-trigraphs -Wno-missing-field-initializers -Wno-missing-prototypes -Werror\=return-type -Wdocumentation -Wunreachable-code -Wno-implicit-atomic-properties -Werror\=deprecated-objc-isa-usage -Wno-objc-interface-ivars -Werror\=objc-root-class -Wno-arc-repeated-use-of-weak -Wimplicit-retain-self -Wduplicate-method-match -Wno-missing-braces -Wparentheses -Wswitch -Wunused-function -Wno-unused-label -Wno-unused-parameter -Wunused-variable -Wunused-value -Wempty-body -Wuninitialized -Wconditional-uninitialized -Wno-unknown-pragmas -Wno-shadow -Wno-four-char-constants -Wno-conversion -Wconstant-conversion -Wint-conversion -Wbool-conversion -Wenum-conversion -Wno-float-conversion -Wnon-literal-null-conversion -Wobjc-literal-conversion -Wshorten-64-to-32 -Wpointer-sign -Wno-newline-eof -Wno-selector -Wno-strict-selector-match -Wundeclared-selector -Wdeprecated-implementations -Wno-implicit-fallthrough -isysroot /Applications/Xcode.app/Contents/Developer/Platforms/iPhoneSimulator.platform/Developer/SDKs/iPhoneSimulator26.5.sdk -fstrict-aliasing -Wprotocol -Wdeprecated-declarations -Wno-sign-conversion -Winfinite-recursion -Wcomma -Wblock-capture-autoreleasing -Wstrict-prototypes -Wno-semicolon-before-method-body -Wunguarded-availability -index-store-path /Users/shashishekhar/Library/Developer/Xcode/DerivedData/RestaurantsNearMeIOS-cxlnvzrpmdwxdmausljrqbwijesy/Index.noindex/DataStore @/Users/shashishekhar/Library/Developer/Xcode/DerivedData/RestaurantsNearMeIOS-cxlnvzrpmdwxdmausljrqbwijesy/Build/Intermediates.noindex/Pods.build/Debug-iphonesimulator/react-native-pager-view.build/Objects-normal/arm64/e6072d4f65d7061329687fe24e3d63a7-common-args.resp -include /Users/shashishekhar/Desktop/RestaurantsNearMeIOS/ios/Pods/Target\ Support\ Files/react-native-pager-view/react-native-pager-view-prefix.pch -MMD -MT dependencies -MF /Users/shashishekhar/Library/Developer/Xcode/DerivedData/RestaurantsNearMeIOS-cxlnvzrpmdwxdmausljrqbwijesy/Build/Intermediates.noindex/Pods.build/Debug-iphonesimulator/react-native-pager-view.build/Objects-normal/arm64/react-native-pager-view-dummy.d --serialize-diagnostics /Users/shashishekhar/Library/Developer/Xcode/DerivedData/RestaurantsNearMeIOS-cxlnvzrpmdwxdmausljrqbwijesy/Build/Intermediates.noindex/Pods.build/Debug-iphonesimulator/react-native-pager-view.build/Objects-normal/arm64/react-native-pager-view-dummy.dia -c /Users/shashishekhar/Desktop/RestaurantsNearMeIOS/ios/Pods/Target\ Support\ Files/react-native-pager-view/react-native-pager-view-dummy.m -o /Users/shashishekhar/Library/Developer/Xcode/DerivedData/RestaurantsNearMeIOS-cxlnvzrpmdwxdmausljrqbwijesy/Build/Intermediates.noindex/Pods.build/Debug-iphonesimulator/react-native-pager-view.build/Objects-normal/arm64/react-native-pager-view-dummy.o -index-unit-output-path /Pods.build/Debug-iphonesimulator/react-native-pager-view.build/Objects-normal/arm64/react-native-pager-view-dummy.o

CompileC /Users/shashishekhar/Library/Developer/Xcode/DerivedData/RestaurantsNearMeIOS-cxlnvzrpmdwxdmausljrqbwijesy/Build/Intermediates.noindex/Pods.build/Debug-iphonesimulator/react-native-pager-view.build/Objects-normal/x86_64/react-native-pager-view-dummy.o /Users/shashishekhar/Desktop/RestaurantsNearMeIOS/ios/Pods/Target\ Support\ Files/react-native-pager-view/react-native-pager-view-dummy.m normal x86_64 objective-c com.apple.compilers.llvm.clang.1_0.compiler (in target 'react-native-pager-view' from project 'Pods')
    cd /Users/shashishekhar/Desktop/RestaurantsNearMeIOS/ios/Pods
    
    Using response file: /Users/shashishekhar/Library/Developer/Xcode/DerivedData/RestaurantsNearMeIOS-cxlnvzrpmdwxdmausljrqbwijesy/Build/Intermediates.noindex/Pods.build/Debug-iphonesimulator/react-native-pager-view.build/Objects-normal/x86_64/e6072d4f65d7061329687fe24e3d63a7-common-args.resp
    
    /Applications/Xcode.app/Contents/Developer/Toolchains/XcodeDefault.xctoolchain/usr/bin/clang -x objective-c -ivfsstatcache /Users/shashishekhar/Library/Developer/Xcode/DerivedData/SDKStatCaches.noindex/iphonesimulator26.5-23F81a-6cfe768891a92b912361537c460fe42b.sdkstatcache -target x86_64-apple-ios15.1-simulator -fmessage-length\=0 -fdiagnostics-show-note-include-stack -fmacro-backtrace-limit\=0 -fno-color-diagnostics -fmodules-prune-interval\=86400 -fmodules-prune-after\=345600 -fbuild-session-file\=/Users/shashishekhar/Library/Developer/Xcode/DerivedData/ModuleCache.noindex/Session.modulevalidation -fmodules-validate-once-per-build-session -Wno-trigraphs -Wno-missing-field-initializers -Wno-missing-prototypes -Werror\=return-type -Wdocumentation -Wunreachable-code -Wno-implicit-atomic-properties -Werror\=deprecated-objc-isa-usage -Wno-objc-interface-ivars -Werror\=objc-root-class -Wno-arc-repeated-use-of-weak -Wimplicit-retain-self -Wduplicate-method-match -Wno-missing-braces -Wparentheses -Wswitch -Wunused-function -Wno-unused-label -Wno-unused-parameter -Wunused-variable -Wunused-value -Wempty-body -Wuninitialized -Wconditional-uninitialized -Wno-unknown-pragmas -Wno-shadow -Wno-four-char-constants -Wno-conversion -Wconstant-conversion -Wint-conversion -Wbool-conversion -Wenum-conversion -Wno-float-conversion -Wnon-literal-null-conversion -Wobjc-literal-conversion -Wshorten-64-to-32 -Wpointer-sign -Wno-newline-eof -Wno-selector -Wno-strict-selector-match -Wundeclared-selector -Wdeprecated-implementations -Wno-implicit-fallthrough -isysroot /Applications/Xcode.app/Contents/Developer/Platforms/iPhoneSimulator.platform/Developer/SDKs/iPhoneSimulator26.5.sdk -fstrict-aliasing -Wprotocol -Wdeprecated-declarations -Wno-sign-conversion -Winfinite-recursion -Wcomma -Wblock-capture-autoreleasing -Wstrict-prototypes -Wno-semicolon-before-method-body -Wunguarded-availability -index-store-path /Users/shashishekhar/Library/Developer/Xcode/DerivedData/RestaurantsNearMeIOS-cxlnvzrpmdwxdmausljrqbwijesy/Index.noindex/DataStore @/Users/shashishekhar/Library/Developer/Xcode/DerivedData/RestaurantsNearMeIOS-cxlnvzrpmdwxdmausljrqbwijesy/Build/Intermediates.noindex/Pods.build/Debug-iphonesimulator/react-native-pager-view.build/Objects-normal/x86_64/e6072d4f65d7061329687fe24e3d63a7-common-args.resp -include /Users/shashishekhar/Desktop/RestaurantsNearMeIOS/ios/Pods/Target\ Support\ Files/react-native-pager-view/react-native-pager-view-prefix.pch -MMD -MT dependencies -MF /Users/shashishekhar/Library/Developer/Xcode/DerivedData/RestaurantsNearMeIOS-cxlnvzrpmdwxdmausljrqbwijesy/Build/Intermediates.noindex/Pods.build/Debug-iphonesimulator/react-native-pager-view.build/Objects-normal/x86_64/react-native-pager-view-dummy.d --serialize-diagnostics /Users/shashishekhar/Library/Developer/Xcode/DerivedData/RestaurantsNearMeIOS-cxlnvzrpmdwxdmausljrqbwijesy/Build/Intermediates.noindex/Pods.build/Debug-iphonesimulator/react-native-pager-view.build/Objects-normal/x86_64/react-native-pager-view-dummy.dia -c /Users/shashishekhar/Desktop/RestaurantsNearMeIOS/ios/Pods/Target\ Support\ Files/react-native-pager-view/react-native-pager-view-dummy.m -o /Users/shashishekhar/Library/Developer/Xcode/DerivedData/RestaurantsNearMeIOS-cxlnvzrpmdwxdmausljrqbwijesy/Build/Intermediates.noindex/Pods.build/Debug-iphonesimulator/react-native-pager-view.build/Objects-normal/x86_64/react-native-pager-view-dummy.o -index-unit-output-path /Pods.build/Debug-iphonesimulator/react-native-pager-view.build/Objects-normal/x86_64/react-native-pager-view-dummy.o

CompileC /Users/shashishekhar/Library/Developer/Xcode/DerivedData/RestaurantsNearMeIOS-cxlnvzrpmdwxdmausljrqbwijesy/Build/Intermediates.noindex/Pods.build/Debug-iphonesimulator/react-native-pager-view.build/Objects-normal/x86_64/RCTOnPageScrollEvent.o /Users/shashishekhar/Desktop/RestaurantsNearMeIOS/node_modules/react-native-pager-view/ios/RCTOnPageScrollEvent.m normal x86_64 objective-c com.apple.compilers.llvm.clang.1_0.compiler (in target 'react-native-pager-view' from project 'Pods')
    cd /Users/shashishekhar/Desktop/RestaurantsNearMeIOS/ios/Pods
    
    Using response file: /Users/shashishekhar/Library/Developer/Xcode/DerivedData/RestaurantsNearMeIOS-cxlnvzrpmdwxdmausljrqbwijesy/Build/Intermediates.noindex/Pods.build/Debug-iphonesimulator/react-native-pager-view.build/Objects-normal/x86_64/e6072d4f65d7061329687fe24e3d63a7-common-args.resp
    
    /Applications/Xcode.app/Contents/Developer/Toolchains/XcodeDefault.xctoolchain/usr/bin/clang -x objective-c -ivfsstatcache /Users/shashishekhar/Library/Developer/Xcode/DerivedData/SDKStatCaches.noindex/iphonesimulator26.5-23F81a-6cfe768891a92b912361537c460fe42b.sdkstatcache -target x86_64-apple-ios15.1-simulator -fmessage-length\=0 -fdiagnostics-show-note-include-stack -fmacro-backtrace-limit\=0 -fno-color-diagnostics -fmodules-prune-interval\=86400 -fmodules-prune-after\=345600 -fbuild-session-file\=/Users/shashishekhar/Library/Developer/Xcode/DerivedData/ModuleCache.noindex/Session.modulevalidation -fmodules-validate-once-per-build-session -Wno-trigraphs -Wno-missing-field-initializers -Wno-missing-prototypes -Werror\=return-type -Wdocumentation -Wunreachable-code -Wno-implicit-atomic-properties -Werror\=deprecated-objc-isa-usage -Wno-objc-interface-ivars -Werror\=objc-root-class -Wno-arc-repeated-use-of-weak -Wimplicit-retain-self -Wduplicate-method-match -Wno-missing-braces -Wparentheses -Wswitch -Wunused-function -Wno-unused-label -Wno-unused-parameter -Wunused-variable -Wunused-value -Wempty-body -Wuninitialized -Wconditional-uninitialized -Wno-unknown-pragmas -Wno-shadow -Wno-four-char-constants -Wno-conversion -Wconstant-conversion -Wint-conversion -Wbool-conversion -Wenum-conversion -Wno-float-conversion -Wnon-literal-null-conversion -Wobjc-literal-conversion -Wshorten-64-to-32 -Wpointer-sign -Wno-newline-eof -Wno-selector -Wno-strict-selector-match -Wundeclared-selector -Wdeprecated-implementations -Wno-implicit-fallthrough -isysroot /Applications/Xcode.app/Contents/Developer/Platforms/iPhoneSimulator.platform/Developer/SDKs/iPhoneSimulator26.5.sdk -fstrict-aliasing -Wprotocol -Wdeprecated-declarations -Wno-sign-conversion -Winfinite-recursion -Wcomma -Wblock-capture-autoreleasing -Wstrict-prototypes -Wno-semicolon-before-method-body -Wunguarded-availability -index-store-path /Users/shashishekhar/Library/Developer/Xcode/DerivedData/RestaurantsNearMeIOS-cxlnvzrpmdwxdmausljrqbwijesy/Index.noindex/DataStore @/Users/shashishekhar/Library/Developer/Xcode/DerivedData/RestaurantsNearMeIOS-cxlnvzrpmdwxdmausljrqbwijesy/Build/Intermediates.noindex/Pods.build/Debug-iphonesimulator/react-native-pager-view.build/Objects-normal/x86_64/e6072d4f65d7061329687fe24e3d63a7-common-args.resp -DRCT_NEW_ARCH_ENABLED\=1 -include /Users/shashishekhar/Desktop/RestaurantsNearMeIOS/ios/Pods/Target\ Support\ Files/react-native-pager-view/react-native-pager-view-prefix.pch -MMD -MT dependencies -MF /Users/shashishekhar/Library/Developer/Xcode/DerivedData/RestaurantsNearMeIOS-cxlnvzrpmdwxdmausljrqbwijesy/Build/Intermediates.noindex/Pods.build/Debug-iphonesimulator/react-native-pager-view.build/Objects-normal/x86_64/RCTOnPageScrollEvent.d --serialize-diagnostics /Users/shashishekhar/Library/Developer/Xcode/DerivedData/RestaurantsNearMeIOS-cxlnvzrpmdwxdmausljrqbwijesy/Build/Intermediates.noindex/Pods.build/Debug-iphonesimulator/react-native-pager-view.build/Objects-normal/x86_64/RCTOnPageScrollEvent.dia -c /Users/shashishekhar/Desktop/RestaurantsNearMeIOS/node_modules/react-native-pager-view/ios/RCTOnPageScrollEvent.m -o /Users/shashishekhar/Library/Developer/Xcode/DerivedData/RestaurantsNearMeIOS-cxlnvzrpmdwxdmausljrqbwijesy/Build/Intermediates.noindex/Pods.build/Debug-iphonesimulator/react-native-pager-view.build/Objects-normal/x86_64/RCTOnPageScrollEvent.o -index-unit-output-path /Pods.build/Debug-iphonesimulator/react-native-pager-view.build/Objects-normal/x86_64/RCTOnPageScrollEvent.o

SwiftCompile normal x86_64 Compiling\ Extensions.swift /Users/shashishekhar/Desktop/RestaurantsNearMeIOS/node_modules/react-native-pager-view/ios/Extensions.swift (in target 'react-native-pager-view' from project 'Pods')

SwiftCompile normal x86_64 /Users/shashishekhar/Desktop/RestaurantsNearMeIOS/node_modules/react-native-pager-view/ios/Extensions.swift (in target 'react-native-pager-view' from project 'Pods')
    cd /Users/shashishekhar/Desktop/RestaurantsNearMeIOS/ios/Pods
    

PrecompileModule /Users/shashishekhar/Library/Developer/Xcode/DerivedData/RestaurantsNearMeIOS-cxlnvzrpmdwxdmausljrqbwijesy/Build/Intermediates.noindex/ExplicitPrecompiledModules/CoreGraphics-EHZXUWAB33W7M8MN7LOV2O9YL.scan
    cd /
    builtin-precompileModule /Users/shashishekhar/Library/Developer/Xcode/DerivedData/RestaurantsNearMeIOS-cxlnvzrpmdwxdmausljrqbwijesy/Build/Intermediates.noindex/ExplicitPrecompiledModules/CoreGraphics-EHZXUWAB33W7M8MN7LOV2O9YL.scan

PrecompileModule /Users/shashishekhar/Library/Developer/Xcode/DerivedData/RestaurantsNearMeIOS-cxlnvzrpmdwxdmausljrqbwijesy/Build/Intermediates.noindex/ExplicitPrecompiledModules/CoreText-CWD0S1W4AKTYU7NYDOWAUKEMZ.scan
    cd /
    builtin-precompileModule /Users/shashishekhar/Library/Developer/Xcode/DerivedData/RestaurantsNearMeIOS-cxlnvzrpmdwxdmausljrqbwijesy/Build/Intermediates.noindex/ExplicitPrecompiledModules/CoreText-CWD0S1W4AKTYU7NYDOWAUKEMZ.scan

PrecompileModule /Users/shashishekhar/Library/Developer/Xcode/DerivedData/RestaurantsNearMeIOS-cxlnvzrpmdwxdmausljrqbwijesy/Build/Intermediates.noindex/ExplicitPrecompiledModules/ImageIO-CROEHYU8KA3J5HR4CUTLGOO3G.scan
    cd /
    builtin-precompileModule /Users/shashishekhar/Library/Developer/Xcode/DerivedData/RestaurantsNearMeIOS-cxlnvzrpmdwxdmausljrqbwijesy/Build/Intermediates.noindex/ExplicitPrecompiledModules/ImageIO-CROEHYU8KA3J5HR4CUTLGOO3G.scan

PrecompileModule /Users/shashishekhar/Library/Developer/Xcode/DerivedData/RestaurantsNearMeIOS-cxlnvzrpmdwxdmausljrqbwijesy/Build/Intermediates.noindex/ExplicitPrecompiledModules/Security-AFYHU2GJW7DU11OYDXUYJ6KKN.scan
    cd /
    builtin-precompileModule /Users/shashishekhar/Library/Developer/Xcode/DerivedData/RestaurantsNearMeIOS-cxlnvzrpmdwxdmausljrqbwijesy/Build/Intermediates.noindex/ExplicitPrecompiledModules/Security-AFYHU2GJW7DU11OYDXUYJ6KKN.scan

Libtool /Users/shashishekhar/Library/Developer/Xcode/DerivedData/RestaurantsNearMeIOS-cxlnvzrpmdwxdmausljrqbwijesy/Build/Intermediates.noindex/Pods.build/Debug-iphonesimulator/react-native-pager-view.build/Objects-normal/arm64/Binary/libreact-native-pager-view.a normal arm64 (in target 'react-native-pager-view' from project 'Pods')
    cd /Users/shashishekhar/Desktop/RestaurantsNearMeIOS/ios/Pods
    /Applications/Xcode.app/Contents/Developer/Toolchains/XcodeDefault.xctoolchain/usr/bin/libtool -static -arch_only arm64 -D -syslibroot /Applications/Xcode.app/Contents/Developer/Platforms/iPhoneSimulator.platform/Developer/SDKs/iPhoneSimulator26.5.sdk -L/Users/shashishekhar/Library/Developer/Xcode/DerivedData/RestaurantsNearMeIOS-cxlnvzrpmdwxdmausljrqbwijesy/Build/Products/Debug-iphonesimulator/react-native-pager-view -filelist /Users/shashishekhar/Library/Developer/Xcode/DerivedData/RestaurantsNearMeIOS-cxlnvzrpmdwxdmausljrqbwijesy/Build/Intermediates.noindex/Pods.build/Debug-iphonesimulator/react-native-pager-view.build/Objects-normal/arm64/react-native-pager-view.LinkFileList -dependency_info /Users/shashishekhar/Library/Developer/Xcode/DerivedData/RestaurantsNearMeIOS-cxlnvzrpmdwxdmausljrqbwijesy/Build/Intermediates.noindex/Pods.build/Debug-iphonesimulator/react-native-pager-view.build/Objects-normal/arm64/react-native-pager-view_libtool_dependency_info.dat -o /Users/shashishekhar/Library/Developer/Xcode/DerivedData/RestaurantsNearMeIOS-cxlnvzrpmdwxdmausljrqbwijesy/Build/Intermediates.noindex/Pods.build/Debug-iphonesimulator/react-native-pager-view.build/Objects-normal/arm64/Binary/libreact-native-pager-view.a

PrecompileModule /Users/shashishekhar/Library/Developer/Xcode/DerivedData/RestaurantsNearMeIOS-cxlnvzrpmdwxdmausljrqbwijesy/Build/Intermediates.noindex/ExplicitPrecompiledModules/CFNetwork-3F8G8S0Q28BL8SVK4H4RL2CBU.scan
    cd /
    builtin-precompileModule /Users/shashishekhar/Library/Developer/Xcode/DerivedData/RestaurantsNearMeIOS-cxlnvzrpmdwxdmausljrqbwijesy/Build/Intermediates.noindex/ExplicitPrecompiledModules/CFNetwork-3F8G8S0Q28BL8SVK4H4RL2CBU.scan

PrecompileModule /Users/shashishekhar/Library/Developer/Xcode/DerivedData/RestaurantsNearMeIOS-cxlnvzrpmdwxdmausljrqbwijesy/Build/Intermediates.noindex/ExplicitPrecompiledModules/Foundation-62BHDZFOPOLLIQTRPKXSMRRKN.scan
    cd /
    builtin-precompileModule /Users/shashishekhar/Library/Developer/Xcode/DerivedData/RestaurantsNearMeIOS-cxlnvzrpmdwxdmausljrqbwijesy/Build/Intermediates.noindex/ExplicitPrecompiledModules/Foundation-62BHDZFOPOLLIQTRPKXSMRRKN.scan

SwiftCompile normal x86_64 Compiling\ PagerViewProvider.swift /Users/shashishekhar/Desktop/RestaurantsNearMeIOS/node_modules/react-native-pager-view/ios/PagerViewProvider.swift (in target 'react-native-pager-view' from project 'Pods')

SwiftCompile normal x86_64 /Users/shashishekhar/Desktop/RestaurantsNearMeIOS/node_modules/react-native-pager-view/ios/PagerViewProvider.swift (in target 'react-native-pager-view' from project 'Pods')
    cd /Users/shashishekhar/Desktop/RestaurantsNearMeIOS/ios/Pods
    

SwiftCompile normal x86_64 Compiling\ PagerScrollDelegate.swift /Users/shashishekhar/Desktop/RestaurantsNearMeIOS/node_modules/react-native-pager-view/ios/PagerScrollDelegate.swift (in target 'react-native-pager-view' from project 'Pods')

SwiftCompile normal x86_64 /Users/shashishekhar/Desktop/RestaurantsNearMeIOS/node_modules/react-native-pager-view/ios/PagerScrollDelegate.swift (in target 'react-native-pager-view' from project 'Pods')
    cd /Users/shashishekhar/Desktop/RestaurantsNearMeIOS/ios/Pods
    

SwiftCompile normal x86_64 Compiling\ PagerView.swift /Users/shashishekhar/Desktop/RestaurantsNearMeIOS/node_modules/react-native-pager-view/ios/PagerView.swift (in target 'react-native-pager-view' from project 'Pods')

SwiftCompile normal x86_64 /Users/shashishekhar/Desktop/RestaurantsNearMeIOS/node_modules/react-native-pager-view/ios/PagerView.swift (in target 'react-native-pager-view' from project 'Pods')
    cd /Users/shashishekhar/Desktop/RestaurantsNearMeIOS/ios/Pods
    

PrecompileModule /Users/shashishekhar/Library/Developer/Xcode/DerivedData/RestaurantsNearMeIOS-cxlnvzrpmdwxdmausljrqbwijesy/Build/Intermediates.noindex/ExplicitPrecompiledModules/ImageIO-C52WU51TLKQ1AGTO7KOTSMDRB.scan
    cd /
    builtin-precompileModule /Users/shashishekhar/Library/Developer/Xcode/DerivedData/RestaurantsNearMeIOS-cxlnvzrpmdwxdmausljrqbwijesy/Build/Intermediates.noindex/ExplicitPrecompiledModules/ImageIO-C52WU51TLKQ1AGTO7KOTSMDRB.scan

PrecompileModule /Users/shashishekhar/Library/Developer/Xcode/DerivedData/RestaurantsNearMeIOS-cxlnvzrpmdwxdmausljrqbwijesy/Build/Intermediates.noindex/ExplicitPrecompiledModules/CoreText-1GUA5TFKM2YH334TCI0BNUFSC.scan
    cd /
    builtin-precompileModule /Users/shashishekhar/Library/Developer/Xcode/DerivedData/RestaurantsNearMeIOS-cxlnvzrpmdwxdmausljrqbwijesy/Build/Intermediates.noindex/ExplicitPrecompiledModules/CoreText-1GUA5TFKM2YH334TCI0BNUFSC.scan

PrecompileModule /Users/shashishekhar/Library/Developer/Xcode/DerivedData/RestaurantsNearMeIOS-cxlnvzrpmdwxdmausljrqbwijesy/Build/Intermediates.noindex/ExplicitPrecompiledModules/Foundation-8FYFPD2KVC2HQWSLHDR1XAD56.scan
    cd /
    builtin-precompileModule /Users/shashishekhar/Library/Developer/Xcode/DerivedData/RestaurantsNearMeIOS-cxlnvzrpmdwxdmausljrqbwijesy/Build/Intermediates.noindex/ExplicitPrecompiledModules/Foundation-8FYFPD2KVC2HQWSLHDR1XAD56.scan

PrecompileModule /Users/shashishekhar/Library/Developer/Xcode/DerivedData/RestaurantsNearMeIOS-cxlnvzrpmdwxdmausljrqbwijesy/Build/Intermediates.noindex/ExplicitPrecompiledModules/OpenGLES-BKTXWMG5CPIO4WNMKNB5I2VER.scan
    cd /
    builtin-precompileModule /Users/shashishekhar/Library/Developer/Xcode/DerivedData/RestaurantsNearMeIOS-cxlnvzrpmdwxdmausljrqbwijesy/Build/Intermediates.noindex/ExplicitPrecompiledModules/OpenGLES-BKTXWMG5CPIO4WNMKNB5I2VER.scan

PrecompileModule /Users/shashishekhar/Library/Developer/Xcode/DerivedData/RestaurantsNearMeIOS-cxlnvzrpmdwxdmausljrqbwijesy/Build/Intermediates.noindex/ExplicitPrecompiledModules/FileProvider-8LR8J5Z0NXGZJN74ECPL28HKL.scan
    cd /
    builtin-precompileModule /Users/shashishekhar/Library/Developer/Xcode/DerivedData/RestaurantsNearMeIOS-cxlnvzrpmdwxdmausljrqbwijesy/Build/Intermediates.noindex/ExplicitPrecompiledModules/FileProvider-8LR8J5Z0NXGZJN74ECPL28HKL.scan

PrecompileModule /Users/shashishekhar/Library/Developer/Xcode/DerivedData/RestaurantsNearMeIOS-cxlnvzrpmdwxdmausljrqbwijesy/Build/Intermediates.noindex/ExplicitPrecompiledModules/UIUtilities-AAT05FU607IUE6PFPVIXYP5YJ.scan
    cd /
    builtin-precompileModule /Users/shashishekhar/Library/Developer/Xcode/DerivedData/RestaurantsNearMeIOS-cxlnvzrpmdwxdmausljrqbwijesy/Build/Intermediates.noindex/ExplicitPrecompiledModules/UIUtilities-AAT05FU607IUE6PFPVIXYP5YJ.scan

PrecompileModule /Users/shashishekhar/Library/Developer/Xcode/DerivedData/RestaurantsNearMeIOS-cxlnvzrpmdwxdmausljrqbwijesy/Build/Intermediates.noindex/ExplicitPrecompiledModules/IOSurface-7V5E5J3ZF3RNN7VCAL9NHSC8S.scan
    cd /
    builtin-precompileModule /Users/shashishekhar/Library/Developer/Xcode/DerivedData/RestaurantsNearMeIOS-cxlnvzrpmdwxdmausljrqbwijesy/Build/Intermediates.noindex/ExplicitPrecompiledModules/IOSurface-7V5E5J3ZF3RNN7VCAL9NHSC8S.scan

PrecompileModule /Users/shashishekhar/Library/Developer/Xcode/DerivedData/RestaurantsNearMeIOS-cxlnvzrpmdwxdmausljrqbwijesy/Build/Intermediates.noindex/ExplicitPrecompiledModules/FileProvider-2DMMNS5IBT5NCYIEQ07LXHQL0.scan
    cd /
    builtin-precompileModule /Users/shashishekhar/Library/Developer/Xcode/DerivedData/RestaurantsNearMeIOS-cxlnvzrpmdwxdmausljrqbwijesy/Build/Intermediates.noindex/ExplicitPrecompiledModules/FileProvider-2DMMNS5IBT5NCYIEQ07LXHQL0.scan

PrecompileModule /Users/shashishekhar/Library/Developer/Xcode/DerivedData/RestaurantsNearMeIOS-cxlnvzrpmdwxdmausljrqbwijesy/Build/Intermediates.noindex/ExplicitPrecompiledModules/Symbols-87RND2ZWM8CW9OJFXYLF5SED5.scan
    cd /
    builtin-precompileModule /Users/shashishekhar/Library/Developer/Xcode/DerivedData/RestaurantsNearMeIOS-cxlnvzrpmdwxdmausljrqbwijesy/Build/Intermediates.noindex/ExplicitPrecompiledModules/Symbols-87RND2ZWM8CW9OJFXYLF5SED5.scan

SwiftDriverJobDiscovery normal x86_64 Compiling PagerViewProps.swift (in target 'react-native-pager-view' from project 'Pods')

PrecompileModule /Users/shashishekhar/Library/Developer/Xcode/DerivedData/RestaurantsNearMeIOS-cxlnvzrpmdwxdmausljrqbwijesy/Build/Intermediates.noindex/ExplicitPrecompiledModules/UIUtilities-CT3C3X6YUS2MGWDYVSOE7AH1Y.scan
    cd /
    builtin-precompileModule /Users/shashishekhar/Library/Developer/Xcode/DerivedData/RestaurantsNearMeIOS-cxlnvzrpmdwxdmausljrqbwijesy/Build/Intermediates.noindex/ExplicitPrecompiledModules/UIUtilities-CT3C3X6YUS2MGWDYVSOE7AH1Y.scan

SwiftDriverJobDiscovery normal x86_64 Compiling Extensions.swift (in target 'react-native-pager-view' from project 'Pods')

PrecompileModule /Users/shashishekhar/Library/Developer/Xcode/DerivedData/RestaurantsNearMeIOS-cxlnvzrpmdwxdmausljrqbwijesy/Build/Intermediates.noindex/ExplicitPrecompiledModules/OpenGLES-4IEC2865L7P4EPJWD0X71N4YD.scan
    cd /
    builtin-precompileModule /Users/shashishekhar/Library/Developer/Xcode/DerivedData/RestaurantsNearMeIOS-cxlnvzrpmdwxdmausljrqbwijesy/Build/Intermediates.noindex/ExplicitPrecompiledModules/OpenGLES-4IEC2865L7P4EPJWD0X71N4YD.scan

PrecompileModule /Users/shashishekhar/Library/Developer/Xcode/DerivedData/RestaurantsNearMeIOS-cxlnvzrpmdwxdmausljrqbwijesy/Build/Intermediates.noindex/ExplicitPrecompiledModules/Symbols-31OTC016C8HMH6DMAHSYVU5XF.scan
    cd /
    builtin-precompileModule /Users/shashishekhar/Library/Developer/Xcode/DerivedData/RestaurantsNearMeIOS-cxlnvzrpmdwxdmausljrqbwijesy/Build/Intermediates.noindex/ExplicitPrecompiledModules/Symbols-31OTC016C8HMH6DMAHSYVU5XF.scan

PrecompileModule /Users/shashishekhar/Library/Developer/Xcode/DerivedData/RestaurantsNearMeIOS-cxlnvzrpmdwxdmausljrqbwijesy/Build/Intermediates.noindex/ExplicitPrecompiledModules/UserNotifications-6WWEAOV76YFW52CW23T1NS1F9.scan
    cd /
    builtin-precompileModule /Users/shashishekhar/Library/Developer/Xcode/DerivedData/RestaurantsNearMeIOS-cxlnvzrpmdwxdmausljrqbwijesy/Build/Intermediates.noindex/ExplicitPrecompiledModules/UserNotifications-6WWEAOV76YFW52CW23T1NS1F9.scan

PrecompileModule /Users/shashishekhar/Library/Developer/Xcode/DerivedData/RestaurantsNearMeIOS-cxlnvzrpmdwxdmausljrqbwijesy/Build/Intermediates.noindex/ExplicitPrecompiledModules/UserNotifications-1DKL9S6EDZC7L8LQUJZ6C71PY.scan
    cd /
    builtin-precompileModule /Users/shashishekhar/Library/Developer/Xcode/DerivedData/RestaurantsNearMeIOS-cxlnvzrpmdwxdmausljrqbwijesy/Build/Intermediates.noindex/ExplicitPrecompiledModules/UserNotifications-1DKL9S6EDZC7L8LQUJZ6C71PY.scan

PrecompileModule /Users/shashishekhar/Library/Developer/Xcode/DerivedData/RestaurantsNearMeIOS-cxlnvzrpmdwxdmausljrqbwijesy/Build/Intermediates.noindex/ExplicitPrecompiledModules/Metal-C83M4TY0TFTE7HI7SSXTPPMBH.scan
    cd /
    builtin-precompileModule /Users/shashishekhar/Library/Developer/Xcode/DerivedData/RestaurantsNearMeIOS-cxlnvzrpmdwxdmausljrqbwijesy/Build/Intermediates.noindex/ExplicitPrecompiledModules/Metal-C83M4TY0TFTE7HI7SSXTPPMBH.scan

PrecompileModule /Users/shashishekhar/Library/Developer/Xcode/DerivedData/RestaurantsNearMeIOS-cxlnvzrpmdwxdmausljrqbwijesy/Build/Intermediates.noindex/ExplicitPrecompiledModules/IOSurface-DS6GWF2FNZBAF1LEC9Y4C71P2.scan
    cd /
    builtin-precompileModule /Users/shashishekhar/Library/Developer/Xcode/DerivedData/RestaurantsNearMeIOS-cxlnvzrpmdwxdmausljrqbwijesy/Build/Intermediates.noindex/ExplicitPrecompiledModules/IOSurface-DS6GWF2FNZBAF1LEC9Y4C71P2.scan

PrecompileModule /Users/shashishekhar/Library/Developer/Xcode/DerivedData/RestaurantsNearMeIOS-cxlnvzrpmdwxdmausljrqbwijesy/Build/Intermediates.noindex/ExplicitPrecompiledModules/Metal-BZSPGQXVBHRQF3WQ1EJCLB17M.scan
    cd /
    builtin-precompileModule /Users/shashishekhar/Library/Developer/Xcode/DerivedData/RestaurantsNearMeIOS-cxlnvzrpmdwxdmausljrqbwijesy/Build/Intermediates.noindex/ExplicitPrecompiledModules/Metal-BZSPGQXVBHRQF3WQ1EJCLB17M.scan

PrecompileModule /Users/shashishekhar/Library/Developer/Xcode/DerivedData/RestaurantsNearMeIOS-cxlnvzrpmdwxdmausljrqbwijesy/Build/Intermediates.noindex/ExplicitPrecompiledModules/CoreVideo-13W6UWZIW3D02SZO1HENX49CR.scan
    cd /
    builtin-precompileModule /Users/shashishekhar/Library/Developer/Xcode/DerivedData/RestaurantsNearMeIOS-cxlnvzrpmdwxdmausljrqbwijesy/Build/Intermediates.noindex/ExplicitPrecompiledModules/CoreVideo-13W6UWZIW3D02SZO1HENX49CR.scan

SwiftDriverJobDiscovery normal x86_64 Compiling PagerViewProvider.swift (in target 'react-native-pager-view' from project 'Pods')

PrecompileModule /Users/shashishekhar/Library/Developer/Xcode/DerivedData/RestaurantsNearMeIOS-cxlnvzrpmdwxdmausljrqbwijesy/Build/Intermediates.noindex/ExplicitPrecompiledModules/CoreVideo-7BDION181H78IUKFW9SUMRE9B.scan
    cd /
    builtin-precompileModule /Users/shashishekhar/Library/Developer/Xcode/DerivedData/RestaurantsNearMeIOS-cxlnvzrpmdwxdmausljrqbwijesy/Build/Intermediates.noindex/ExplicitPrecompiledModules/CoreVideo-7BDION181H78IUKFW9SUMRE9B.scan

SwiftDriverJobDiscovery normal x86_64 Compiling PagerScrollDelegate.swift (in target 'react-native-pager-view' from project 'Pods')

PrecompileModule /Users/shashishekhar/Library/Developer/Xcode/DerivedData/RestaurantsNearMeIOS-cxlnvzrpmdwxdmausljrqbwijesy/Build/Intermediates.noindex/ExplicitPrecompiledModules/CoreImage-21ADDJGO3IMJP6XM8YZS0MDVN.scan
    cd /
    builtin-precompileModule /Users/shashishekhar/Library/Developer/Xcode/DerivedData/RestaurantsNearMeIOS-cxlnvzrpmdwxdmausljrqbwijesy/Build/Intermediates.noindex/ExplicitPrecompiledModules/CoreImage-21ADDJGO3IMJP6XM8YZS0MDVN.scan

PrecompileModule /Users/shashishekhar/Library/Developer/Xcode/DerivedData/RestaurantsNearMeIOS-cxlnvzrpmdwxdmausljrqbwijesy/Build/Intermediates.noindex/ExplicitPrecompiledModules/QuartzCore-72NQ1P32LU7JB07K0I1Q3FPTD.scan
    cd /
    builtin-precompileModule /Users/shashishekhar/Library/Developer/Xcode/DerivedData/RestaurantsNearMeIOS-cxlnvzrpmdwxdmausljrqbwijesy/Build/Intermediates.noindex/ExplicitPrecompiledModules/QuartzCore-72NQ1P32LU7JB07K0I1Q3FPTD.scan

PrecompileModule /Users/shashishekhar/Library/Developer/Xcode/DerivedData/RestaurantsNearMeIOS-cxlnvzrpmdwxdmausljrqbwijesy/Build/Intermediates.noindex/ExplicitPrecompiledModules/CoreImage-62069EI4T169NFIGWFLWMCLXL.scan
    cd /
    builtin-precompileModule /Users/shashishekhar/Library/Developer/Xcode/DerivedData/RestaurantsNearMeIOS-cxlnvzrpmdwxdmausljrqbwijesy/Build/Intermediates.noindex/ExplicitPrecompiledModules/CoreImage-62069EI4T169NFIGWFLWMCLXL.scan

PrecompileModule /Users/shashishekhar/Library/Developer/Xcode/DerivedData/RestaurantsNearMeIOS-cxlnvzrpmdwxdmausljrqbwijesy/Build/Intermediates.noindex/ExplicitPrecompiledModules/QuartzCore-C6VSII5J4QCRNWOJYLX77MKN1.scan
    cd /
    builtin-precompileModule /Users/shashishekhar/Library/Developer/Xcode/DerivedData/RestaurantsNearMeIOS-cxlnvzrpmdwxdmausljrqbwijesy/Build/Intermediates.noindex/ExplicitPrecompiledModules/QuartzCore-C6VSII5J4QCRNWOJYLX77MKN1.scan

PrecompileModule /Users/shashishekhar/Library/Developer/Xcode/DerivedData/RestaurantsNearMeIOS-cxlnvzrpmdwxdmausljrqbwijesy/Build/Intermediates.noindex/ExplicitPrecompiledModules/UIKit-6IT0W9CFNH2AU8RG3ZH4VBXM0.scan
    cd /
    builtin-precompileModule /Users/shashishekhar/Library/Developer/Xcode/DerivedData/RestaurantsNearMeIOS-cxlnvzrpmdwxdmausljrqbwijesy/Build/Intermediates.noindex/ExplicitPrecompiledModules/UIKit-6IT0W9CFNH2AU8RG3ZH4VBXM0.scan

SwiftDriverJobDiscovery normal x86_64 Compiling PagerView.swift (in target 'react-native-pager-view' from project 'Pods')

SwiftDriver\ Compilation react-native-pager-view normal x86_64 com.apple.xcode.tools.swift.compiler (in target 'react-native-pager-view' from project 'Pods')
    cd /Users/shashishekhar/Desktop/RestaurantsNearMeIOS/ios/Pods
    builtin-Swift-Compilation -- /Applications/Xcode.app/Contents/Developer/Toolchains/XcodeDefault.xctoolchain/usr/bin/swiftc -module-name react_native_pager_view -Onone @/Users/shashishekhar/Library/Developer/Xcode/DerivedData/RestaurantsNearMeIOS-cxlnvzrpmdwxdmausljrqbwijesy/Build/Intermediates.noindex/Pods.build/Debug-iphonesimulator/react-native-pager-view.build/Objects-normal/x86_64/react-native-pager-view.SwiftFileList -DDEBUG -D COCOAPODS -Xcc -fmodule-map-file\=/Users/shashishekhar/Library/Developer/Xcode/DerivedData/RestaurantsNearMeIOS-cxlnvzrpmdwxdmausljrqbwijesy/Build/Products/Debug-iphonesimulator/SwiftUIIntrospect/SwiftUIIntrospect.modulemap -Xcc -fmodule-map-file\=/Users/shashishekhar/Desktop/RestaurantsNearMeIOS/ios/Pods/Headers/Public/ReactCodegen/ReactCodegen.modulemap -import-underlying-module -Xcc -fmodule-map-file\=/Users/shashishekhar/Desktop/RestaurantsNearMeIOS/ios/Pods/Headers/Public/react_native_pager_view/react-native-pager-view.modulemap -DRCT_NEW_ARCH_ENABLED -Xcc -ivfsoverlay -Xcc /Users/shashishekhar/Desktop/RestaurantsNearMeIOS/ios/Pods/React-Core-prebuilt/React-VFS.yaml -enable-bare-slash-regex -enable-experimental-feature DebugDescriptionMacro -sdk /Applications/Xcode.app/Contents/Developer/Platforms/iPhoneSimulator.platform/Developer/SDKs/iPhoneSimulator26.5.sdk -target x86_64-apple-ios15.1-simulator -g -module-cache-path /Users/shashishekhar/Library/Developer/Xcode/DerivedData/ModuleCache.noindex -Xfrontend -serialize-debugging-options -enable-testing -index-store-path /Users/shashishekhar/Library/Developer/Xcode/DerivedData/RestaurantsNearMeIOS-cxlnvzrpmdwxdmausljrqbwijesy/Index.noindex/DataStore -Xcc -D_LIBCPP_HARDENING_MODE\=_LIBCPP_HARDENING_MODE_DEBUG -swift-version 5 -I /Users/shashishekhar/Library/Developer/Xcode/DerivedData/RestaurantsNearMeIOS-cxlnvzrpmdwxdmausljrqbwijesy/Build/Products/Debug-iphonesimulator/react-native-pager-view -I /Users/shashishekhar/Library/Developer/Xcode/DerivedData/RestaurantsNearMeIOS-cxlnvzrpmdwxdmausljrqbwijesy/Build/Products/Debug-iphonesimulator/SwiftUIIntrospect -F /Users/shashishekhar/Library/Developer/Xcode/DerivedData/RestaurantsNearMeIOS-cxlnvzrpmdwxdmausljrqbwijesy/Build/Products/Debug-iphonesimulator/react-native-pager-view -F /Users/shashishekhar/Desktop/RestaurantsNearMeIOS/ios/Pods/React-Core-prebuilt -F /Users/shashishekhar/Desktop/RestaurantsNearMeIOS/ios/Pods/ReactNativeDependencies/framework/packages/react-native -F /Users/shashishekhar/Desktop/RestaurantsNearMeIOS/ios/Pods/hermes-engine/destroot/Library/Frameworks/universal -F /Users/shashishekhar/Library/Developer/Xcode/DerivedData/RestaurantsNearMeIOS-cxlnvzrpmdwxdmausljrqbwijesy/Build/Products/Debug-iphonesimulator/XCFrameworkIntermediates/React-Core-prebuilt -F /Users/shashishekhar/Library/Developer/Xcode/DerivedData/RestaurantsNearMeIOS-cxlnvzrpmdwxdmausljrqbwijesy/Build/Products/Debug-iphonesimulator/XCFrameworkIntermediates/ReactNativeDependencies -F /Users/shashishekhar/Library/Developer/Xcode/DerivedData/RestaurantsNearMeIOS-cxlnvzrpmdwxdmausljrqbwijesy/Build/Products/Debug-iphonesimulator/XCFrameworkIntermediates/hermes-engine/Pre-built -c -j10 -enable-batch-mode -incremental -Xcc -ivfsstatcache -Xcc /Users/shashishekhar/Library/Developer/Xcode/DerivedData/SDKStatCaches.noindex/iphonesimulator26.5-23F81a-6cfe768891a92b912361537c460fe42b.sdkstatcache -output-file-map /Users/shashishekhar/Library/Developer/Xcode/DerivedData/RestaurantsNearMeIOS-cxlnvzrpmdwxdmausljrqbwijesy/Build/Intermediates.noindex/Pods.build/Debug-iphonesimulator/react-native-pager-view.build/Objects-normal/x86_64/react-native-pager-view-OutputFileMap.json -use-frontend-parseable-output -save-temps -no-color-diagnostics -serialize-diagnostics -emit-dependencies -emit-module -emit-module-path /Users/shashishekhar/Library/Developer/Xcode/DerivedData/RestaurantsNearMeIOS-cxlnvzrpmdwxdmausljrqbwijesy/Build/Intermediates.noindex/Pods.build/Debug-iphonesimulator/react-native-pager-view.build/Objects-normal/x86_64/react_native_pager_view.swiftmodule -validate-clang-modules-once -clang-build-session-file /Users/shashishekhar/Library/Developer/Xcode/DerivedData/ModuleCache.noindex/Session.modulevalidation -Xcc -I/Users/shashishekhar/Library/Developer/Xcode/DerivedData/RestaurantsNearMeIOS-cxlnvzrpmdwxdmausljrqbwijesy/Build/Intermediates.noindex/Pods.build/Debug-iphonesimulator/react-native-pager-view.build/swift-overrides.hmap -emit-const-values -Xfrontend -const-gather-protocols-file -Xfrontend /Users/shashishekhar/Library/Developer/Xcode/DerivedData/RestaurantsNearMeIOS-cxlnvzrpmdwxdmausljrqbwijesy/Build/Intermediates.noindex/Pods.build/Debug-iphonesimulator/react-native-pager-view.build/Objects-normal/x86_64/react-native-pager-view_const_extract_protocols.json -Xcc -iquote -Xcc /Users/shashishekhar/Library/Developer/Xcode/DerivedData/RestaurantsNearMeIOS-cxlnvzrpmdwxdmausljrqbwijesy/Build/Intermediates.noindex/Pods.build/Debug-iphonesimulator/react-native-pager-view.build/react-native-pager-view-generated-files.hmap -Xcc -I/Users/shashishekhar/Library/Developer/Xcode/DerivedData/RestaurantsNearMeIOS-cxlnvzrpmdwxdmausljrqbwijesy/Build/Intermediates.noindex/Pods.build/Debug-iphonesimulator/react-native-pager-view.build/react-native-pager-view-own-target-headers.hmap -Xcc -I/Users/shashishekhar/Library/Developer/Xcode/DerivedData/RestaurantsNearMeIOS-cxlnvzrpmdwxdmausljrqbwijesy/Build/Intermediates.noindex/Pods.build/Debug-iphonesimulator/react-native-pager-view.build/react-native-pager-view-all-non-framework-target-headers.hmap -Xcc -ivfsoverlay -Xcc /Users/shashishekhar/Library/Developer/Xcode/DerivedData/RestaurantsNearMeIOS-cxlnvzrpmdwxdmausljrqbwijesy/Build/Intermediates.noindex/Pods.build/Debug-iphonesimulator/Pods-8699adb1dd336b26511df848a716bd42-VFS-iphonesimulator/all-product-headers.yaml -Xcc -iquote -Xcc /Users/shashishekhar/Library/Developer/Xcode/DerivedData/RestaurantsNearMeIOS-cxlnvzrpmdwxdmausljrqbwijesy/Build/Intermediates.noindex/Pods.build/Debug-iphonesimulator/react-native-pager-view.build/react-native-pager-view-project-headers.hmap -Xcc -I/Users/shashishekhar/Library/Developer/Xcode/DerivedData/RestaurantsNearMeIOS-cxlnvzrpmdwxdmausljrqbwijesy/Build/Products/Debug-iphonesimulator/react-native-pager-view/include -Xcc -I/Users/shashishekhar/Desktop/RestaurantsNearMeIOS/ios/Pods/Headers/Private -Xcc -I/Users/shashishekhar/Desktop/RestaurantsNearMeIOS/ios/Pods/Headers/Private/react-native-pager-view -Xcc -I/Users/shashishekhar/Desktop/RestaurantsNearMeIOS/ios/Pods/Headers/Public -Xcc -I/Users/shashishekhar/Desktop/RestaurantsNearMeIOS/ios/Pods/Headers/Public/FBLazyVector -Xcc -I/Users/shashishekhar/Desktop/RestaurantsNearMeIOS/ios/Pods/Headers/Public/RCTRequired -Xcc -I/Users/shashishekhar/Desktop/RestaurantsNearMeIOS/ios/Pods/Headers/Public/RCTSwiftUIWrapper -Xcc -I/Users/shashishekhar/Desktop/RestaurantsNearMeIOS/ios/Pods/Headers/Public/RCTTypeSafety -Xcc -I/Users/shashishekhar/Desktop/RestaurantsNearMeIOS/ios/Pods/Headers/Public/React-Core -Xcc -I/Users/shashishekhar/Desktop/RestaurantsNearMeIOS/ios/Pods/Headers/Public/React-Core-prebuilt -Xcc -I/Users/shashishekhar/Desktop/RestaurantsNearMeIOS/ios/Pods/Headers/Public/React-CoreModules -Xcc -I/Users/shashishekhar/Desktop/RestaurantsNearMeIOS/ios/Pods/Headers/Public/React-Fabric -Xcc -I/Users/shashishekhar/Desktop/RestaurantsNearMeIOS/ios/Pods/Headers/Public/React-FabricComponents -Xcc -I/Users/shashishekhar/Desktop/RestaurantsNearMeIOS/ios/Pods/Headers/Public/React-FabricImage -Xcc -I/Users/shashishekhar/Desktop/RestaurantsNearMeIOS/ios/Pods/Headers/Public/React-ImageManager -Xcc -I/Users/shashishekhar/Desktop/RestaurantsNearMeIOS/ios/Pods/Headers/Public/React-Mapbuffer -Xcc -I/Users/shashishekhar/Desktop/RestaurantsNearMeIOS/ios/Pods/Headers/Public/React-NativeModulesApple -Xcc -I/Users/shashishekhar/Desktop/RestaurantsNearMeIOS/ios/Pods/Headers/Public/React-RCTAnimation -Xcc -I/Users/shashishekhar/Desktop/RestaurantsNearMeIOS/ios/Pods/Headers/Public/React-RCTBlob -Xcc -I/Users/shashishekhar/Desktop/RestaurantsNearMeIOS/ios/Pods/Headers/Public/React-RCTFBReactNativeSpec -Xcc -I/Users/shashishekhar/Desktop/RestaurantsNearMeIOS/ios/Pods/Headers/Public/React-RCTFabric -Xcc -I/Users/shashishekhar/Desktop/RestaurantsNearMeIOS/ios/Pods/Headers/Public/React-RCTImage -Xcc -I/Users/shashishekhar/Desktop/RestaurantsNearMeIOS/ios/Pods/Headers/Public/React-RCTRuntime -Xcc -I/Users/shashishekhar/Desktop/RestaurantsNearMeIOS/ios/Pods/Headers/Public/React-RCTText -Xcc -I/Users/shashishekhar/Desktop/RestaurantsNearMeIOS/ios/Pods/Headers/Public/React-RuntimeApple -Xcc -I/Users/shashishekhar/Desktop/RestaurantsNearMeIOS/ios/Pods/Headers/Public/React-RuntimeCore -Xcc -I/Users/shashishekhar/Desktop/RestaurantsNearMeIOS/ios/Pods/Headers/Public/React-RuntimeHermes -Xcc -I/Users/shashishekhar/Desktop/RestaurantsNearMeIOS/ios/Pods/Headers/Public/React-callinvoker -Xcc -I/Users/shashishekhar/Desktop/RestaurantsNearMeIOS/ios/Pods/Headers/Public/React-cxxreact -Xcc -I/Users/shashishekhar/Desktop/RestaurantsNearMeIOS/ios/Pods/Headers/Public/React-debug -Xcc -I/Users/shashishekhar/Desktop/RestaurantsNearMeIOS/ios/Pods/Headers/Public/React-defaultsnativemodule -Xcc -I/Users/shashishekhar/Desktop/RestaurantsNearMeIOS/ios/Pods/Headers/Public/React-domnativemodule -Xcc -I/Users/shashishekhar/Desktop/RestaurantsNearMeIOS/ios/Pods/Headers/Public/React-featureflags -Xcc -I/Users/shashishekhar/Desktop/RestaurantsNearMeIOS/ios/Pods/Headers/Public/React-featureflagsnativemodule -Xcc -I/Users/shashishekhar/Desktop/RestaurantsNearMeIOS/ios/Pods/Headers/Public/React-graphics -Xcc -I/Users/shashishekhar/Desktop/RestaurantsNearMeIOS/ios/Pods/Headers/Public/React-hermes -Xcc -I/Users/shashishekhar/Desktop/RestaurantsNearMeIOS/ios/Pods/Headers/Public/React-idlecallbacksnativemodule -Xcc -I/Users/shashishekhar/Desktop/RestaurantsNearMeIOS/ios/Pods/Headers/Public/React-intersectionobservernativemodule -Xcc -I/Users/shashishekhar/Desktop/RestaurantsNearMeIOS/ios/Pods/Headers/Public/React-jserrorhandler -Xcc -I/Users/shashishekhar/Desktop/RestaurantsNearMeIOS/ios/Pods/Headers/Public/React-jsi -Xcc -I/Users/shashishekhar/Desktop/RestaurantsNearMeIOS/ios/Pods/Headers/Public/React-jsiexecutor -Xcc -I/Users/shashishekhar/Desktop/RestaurantsNearMeIOS/ios/Pods/Headers/Public/React-jsinspector -Xcc -I/Users/shashishekhar/Desktop/RestaurantsNearMeIOS/ios/Pods/Headers/Public/React-jsinspectorcdp -Xcc -I/Users/shashishekhar/Desktop/RestaurantsNearMeIOS/ios/Pods/Headers/Public/React-jsinspectornetwork -Xcc -I/Users/shashishekhar/Desktop/RestaurantsNearMeIOS/ios/Pods/Headers/Public/React-jsinspectortracing -Xcc -I/Users/shashishekhar/Desktop/RestaurantsNearMeIOS/ios/Pods/Headers/Public/React-jsitooling -Xcc -I/Users/shashishekhar/Desktop/RestaurantsNearMeIOS/ios/Pods/Headers/Public/React-logger -Xcc -I/Users/shashishekhar/Desktop/RestaurantsNearMeIOS/ios/Pods/Headers/Public/React-microtasksnativemodule -Xcc -I/Users/shashishekhar/Desktop/RestaurantsNearMeIOS/ios/Pods/Headers/Public/React-mutationobservernativemodule -Xcc -I/Users/shashishekhar/Desktop/RestaurantsNearMeIOS/ios/Pods/Headers/Public/React-networking -Xcc -I/Users/shashishekhar/Desktop/RestaurantsNearMeIOS/ios/Pods/Headers/Public/React-oscompat -Xcc -I/Users/shashishekhar/Desktop/RestaurantsNearMeIOS/ios/Pods/Headers/Public/React-perflogger -Xcc -I/Users/shashishekhar/Desktop/RestaurantsNearMeIOS/ios/Pods/Headers/Public/React-performancecdpmetrics -Xcc -I/Users/shashishekhar/Desktop/RestaurantsNearMeIOS/ios/Pods/Headers/Public/React-performancetimeline -Xcc -I/Users/shashishekhar/Desktop/RestaurantsNearMeIOS/ios/Pods/Headers/Public/React-rendererconsistency -Xcc -I/Users/shashishekhar/Desktop/RestaurantsNearMeIOS/ios/Pods/Headers/Public/React-renderercss -Xcc -I/Users/shashishekhar/Desktop/RestaurantsNearMeIOS/ios/Pods/Headers/Public/React-rendererdebug -Xcc -I/Users/shashishekhar/Desktop/RestaurantsNearMeIOS/ios/Pods/Headers/Public/React-runtimeexecutor -Xcc -I/Users/shashishekhar/Desktop/RestaurantsNearMeIOS/ios/Pods/Headers/Public/React-runtimescheduler -Xcc -I/Users/shashishekhar/Desktop/RestaurantsNearMeIOS/ios/Pods/Headers/Public/React-timing -Xcc -I/Users/shashishekhar/Desktop/RestaurantsNearMeIOS/ios/Pods/Headers/Public/React-utils -Xcc -I/Users/shashishekhar/Desktop/RestaurantsNearMeIOS/ios/Pods/Headers/Public/React-viewtransitionnativemodule -Xcc -I/Users/shashishekhar/Desktop/RestaurantsNearMeIOS/ios/Pods/Headers/Public/React-webperformancenativemodule -Xcc -I/Users/shashishekhar/Desktop/RestaurantsNearMeIOS/ios/Pods/Headers/Public/ReactCodegen -Xcc -I/Users/shashishekhar/Desktop/RestaurantsNearMeIOS/ios/Pods/Headers/Public/ReactCommon -Xcc -I/Users/shashishekhar/Desktop/RestaurantsNearMeIOS/ios/Pods/Headers/Public/ReactNativeDependencies -Xcc -I/Users/shashishekhar/Desktop/RestaurantsNearMeIOS/ios/Pods/Headers/Public/Yoga -Xcc -I/Users/shashishekhar/Desktop/RestaurantsNearMeIOS/ios/Pods/Headers/Public/hermes-engine -Xcc -I/Users/shashishekhar/Desktop/RestaurantsNearMeIOS/ios/Pods/Headers/Private/Yoga -Xcc -I/Users/shashishekhar/Library/Developer/Xcode/DerivedData/RestaurantsNearMeIOS-cxlnvzrpmdwxdmausljrqbwijesy/Build/Intermediates.noindex/Pods.build/Debug-iphonesimulator/react-native-pager-view.build/DerivedSources-normal/x86_64 -Xcc -I/Users/shashishekhar/Library/Developer/Xcode/DerivedData/RestaurantsNearMeIOS-cxlnvzrpmdwxdmausljrqbwijesy/Build/Intermediates.noindex/Pods.build/Debug-iphonesimulator/react-native-pager-view.build/DerivedSources/x86_64 -Xcc -I/Users/shashishekhar/Library/Developer/Xcode/DerivedData/RestaurantsNearMeIOS-cxlnvzrpmdwxdmausljrqbwijesy/Build/Intermediates.noindex/Pods.build/Debug-iphonesimulator/react-native-pager-view.build/DerivedSources -Xcc -DPOD_CONFIGURATION_DEBUG\=1 -Xcc -DDEBUG\=1 -Xcc -DCOCOAPODS\=1 -emit-objc-header -emit-objc-header-path /Users/shashishekhar/Library/Developer/Xcode/DerivedData/RestaurantsNearMeIOS-cxlnvzrpmdwxdmausljrqbwijesy/Build/Intermediates.noindex/Pods.build/Debug-iphonesimulator/react-native-pager-view.build/Objects-normal/x86_64/react_native_pager_view-Swift.h -working-directory /Users/shashishekhar/Desktop/RestaurantsNearMeIOS/ios/Pods -experimental-emit-module-separately -disable-cmo

Libtool /Users/shashishekhar/Library/Developer/Xcode/DerivedData/RestaurantsNearMeIOS-cxlnvzrpmdwxdmausljrqbwijesy/Build/Intermediates.noindex/Pods.build/Debug-iphonesimulator/react-native-pager-view.build/Objects-normal/x86_64/Binary/libreact-native-pager-view.a normal x86_64 (in target 'react-native-pager-view' from project 'Pods')
    cd /Users/shashishekhar/Desktop/RestaurantsNearMeIOS/ios/Pods
    /Applications/Xcode.app/Contents/Developer/Toolchains/XcodeDefault.xctoolchain/usr/bin/libtool -static -arch_only x86_64 -D -syslibroot /Applications/Xcode.app/Contents/Developer/Platforms/iPhoneSimulator.platform/Developer/SDKs/iPhoneSimulator26.5.sdk -L/Users/shashishekhar/Library/Developer/Xcode/DerivedData/RestaurantsNearMeIOS-cxlnvzrpmdwxdmausljrqbwijesy/Build/Products/Debug-iphonesimulator/react-native-pager-view -filelist /Users/shashishekhar/Library/Developer/Xcode/DerivedData/RestaurantsNearMeIOS-cxlnvzrpmdwxdmausljrqbwijesy/Build/Intermediates.noindex/Pods.build/Debug-iphonesimulator/react-native-pager-view.build/Objects-normal/x86_64/react-native-pager-view.LinkFileList -dependency_info /Users/shashishekhar/Library/Developer/Xcode/DerivedData/RestaurantsNearMeIOS-cxlnvzrpmdwxdmausljrqbwijesy/Build/Intermediates.noindex/Pods.build/Debug-iphonesimulator/react-native-pager-view.build/Objects-normal/x86_64/react-native-pager-view_libtool_dependency_info.dat -o /Users/shashishekhar/Library/Developer/Xcode/DerivedData/RestaurantsNearMeIOS-cxlnvzrpmdwxdmausljrqbwijesy/Build/Intermediates.noindex/Pods.build/Debug-iphonesimulator/react-native-pager-view.build/Objects-normal/x86_64/Binary/libreact-native-pager-view.a

PrecompileModule /Users/shashishekhar/Library/Developer/Xcode/DerivedData/RestaurantsNearMeIOS-cxlnvzrpmdwxdmausljrqbwijesy/Build/Intermediates.noindex/ExplicitPrecompiledModules/UIKit-1TOCANXJ97602FZUY1DXDT4RV.scan
    cd /
    builtin-precompileModule /Users/shashishekhar/Library/Developer/Xcode/DerivedData/RestaurantsNearMeIOS-cxlnvzrpmdwxdmausljrqbwijesy/Build/Intermediates.noindex/ExplicitPrecompiledModules/UIKit-1TOCANXJ97602FZUY1DXDT4RV.scan

CreateUniversalBinary /Users/shashishekhar/Library/Developer/Xcode/DerivedData/RestaurantsNearMeIOS-cxlnvzrpmdwxdmausljrqbwijesy/Build/Products/Debug-iphonesimulator/react-native-pager-view/libreact-native-pager-view.a normal arm64\ x86_64 (in target 'react-native-pager-view' from project 'Pods')
    cd /Users/shashishekhar/Desktop/RestaurantsNearMeIOS/ios/Pods
    /Applications/Xcode.app/Contents/Developer/Toolchains/XcodeDefault.xctoolchain/usr/bin/lipo -create /Users/shashishekhar/Library/Developer/Xcode/DerivedData/RestaurantsNearMeIOS-cxlnvzrpmdwxdmausljrqbwijesy/Build/Intermediates.noindex/Pods.build/Debug-iphonesimulator/react-native-pager-view.build/Objects-normal/arm64/Binary/libreact-native-pager-view.a /Users/shashishekhar/Library/Developer/Xcode/DerivedData/RestaurantsNearMeIOS-cxlnvzrpmdwxdmausljrqbwijesy/Build/Intermediates.noindex/Pods.build/Debug-iphonesimulator/react-native-pager-view.build/Objects-normal/x86_64/Binary/libreact-native-pager-view.a -output /Users/shashishekhar/Library/Developer/Xcode/DerivedData/RestaurantsNearMeIOS-cxlnvzrpmdwxdmausljrqbwijesy/Build/Products/Debug-iphonesimulator/react-native-pager-view/libreact-native-pager-view.a

PhaseScriptExecution Copy\ generated\ compatibility\ header /Users/shashishekhar/Library/Developer/Xcode/DerivedData/RestaurantsNearMeIOS-cxlnvzrpmdwxdmausljrqbwijesy/Build/Intermediates.noindex/Pods.build/Debug-iphonesimulator/react-native-pager-view.build/Script-46EB2E0001AAA0.sh (in target 'react-native-pager-view' from project 'Pods')
    cd /Users/shashishekhar/Desktop/RestaurantsNearMeIOS/ios/Pods
    export ACTION\=build
    export AD_HOC_CODE_SIGNING_ALLOWED\=YES
    export ALLOW_BUILD_REQUEST_OVERRIDES\=NO
    export ALLOW_TARGET_PLATFORM_SPECIALIZATION\=NO
    export ALTERNATE_GROUP\=staff
    export ALTERNATE_MODE\=u+w,go-w,a+rX
    export ALTERNATE_OWNER\=shashishekhar
    export ALTERNATIVE_DISTRIBUTION_WEB\=NO
    export ALWAYS_EMBED_SWIFT_STANDARD_LIBRARIES\=NO
    export ALWAYS_SEARCH_USER_PATHS\=NO
    export ALWAYS_USE_SEPARATE_HEADERMAPS\=NO
    export APPLICATION_EXTENSION_API_ONLY\=NO
    export APPLY_RULES_IN_COPY_FILES\=NO
    export APPLY_RULES_IN_COPY_HEADERS\=NO
    export APP_SHORTCUTS_ENABLE_FLEXIBLE_MATCHING\=YES
    export ARCHS\=arm64\ x86_64
    export ARCHS_BASE\=arm64\ x86_64
    export ARCHS_STANDARD\=arm64\ x86_64
    export ARCHS_STANDARD_32_64_BIT\=arm64\ x86_64
    export ARCHS_STANDARD_64_BIT\=arm64\ x86_64
    export ARCHS_STANDARD_INCLUDING_64_BIT\=arm64\ x86_64
    export ARCHS_UNIVERSAL_IPHONE_OS\=arm64\ x86_64
    export AUTOMATICALLY_MERGE_DEPENDENCIES\=NO
    export AUTOMATION_APPLE_EVENTS\=NO
    export AVAILABLE_PLATFORMS\=android\ appletvos\ appletvsimulator\ driverkit\ freebsd\ iphoneos\ iphonesimulator\ linux\ macosx\ none\ openbsd\ qnx\ watchos\ watchsimulator\ webassembly\ xros\ xrsimulator
    export BUILD_ACTIVE_RESOURCES_ONLY\=NO
    export BUILD_COMPONENTS\=headers\ build
    export BUILD_DIR\=/Users/shashishekhar/Library/Developer/Xcode/DerivedData/RestaurantsNearMeIOS-cxlnvzrpmdwxdmausljrqbwijesy/Build/Products
    export BUILD_LIBRARY_FOR_DISTRIBUTION\=NO
    export BUILD_ONLY_KNOWN_LOCALIZATIONS\=NO
    export BUILD_ROOT\=/Users/shashishekhar/Library/Developer/Xcode/DerivedData/RestaurantsNearMeIOS-cxlnvzrpmdwxdmausljrqbwijesy/Build/Products
    export BUILD_STYLE\=
    export BUILD_VARIANTS\=normal
    export BUILT_PRODUCTS_DIR\=/Users/shashishekhar/Library/Developer/Xcode/DerivedData/RestaurantsNearMeIOS-cxlnvzrpmdwxdmausljrqbwijesy/Build/Products/Debug-iphonesimulator/react-native-pager-view
    export BUNDLE_CONTENTS_FOLDER_PATH_deep\=Contents/
    export BUNDLE_EXECUTABLE_FOLDER_NAME_deep\=MacOS
    export BUNDLE_EXTENSIONS_FOLDER_PATH\=Extensions
    export BUNDLE_FORMAT\=shallow
    export BUNDLE_FRAMEWORKS_FOLDER_PATH\=Frameworks
    export BUNDLE_PLUGINS_FOLDER_PATH\=PlugIns
    export BUNDLE_PRIVATE_HEADERS_FOLDER_PATH\=PrivateHeaders
    export BUNDLE_PUBLIC_HEADERS_FOLDER_PATH\=Headers
    export CACHE_ROOT\=/var/folders/n6/7nd1dnm93kng8k7b6j0bk0sc0000gn/C/com.apple.DeveloperTools/26.6-17F113/Xcode
    export CCHROOT\=/var/folders/n6/7nd1dnm93kng8k7b6j0bk0sc0000gn/C/com.apple.DeveloperTools/26.6-17F113/Xcode
    export CHMOD\=/bin/chmod
    export CHOWN\=chown
    export CLANG_ALLOW_NON_MODULAR_INCLUDES_IN_FRAMEWORK_MODULES\=YES
    export CLANG_ANALYZER_LOCALIZABILITY_NONLOCALIZED\=YES
    export CLANG_ANALYZER_NONNULL\=YES
    export CLANG_ANALYZER_NUMBER_OBJECT_CONVERSION\=YES_AGGRESSIVE
    export CLANG_CACHE_FINE_GRAINED_OUTPUTS\=YES
    export CLANG_CXX_LANGUAGE_STANDARD\=c++20
    export CLANG_CXX_LIBRARY\=libc++
    export CLANG_ENABLE_EXPLICIT_MODULES\=YES
    export CLANG_ENABLE_MODULES\=YES
    export CLANG_ENABLE_MODULE_DEBUGGING\=NO
    export CLANG_ENABLE_OBJC_ARC\=YES
    export CLANG_ENABLE_OBJC_WEAK\=NO
    export CLANG_MODULES_BUILD_SESSION_FILE\=/Users/shashishekhar/Library/Developer/Xcode/DerivedData/ModuleCache.noindex/Session.modulevalidation
    export CLANG_WARN_BLOCK_CAPTURE_AUTORELEASING\=YES
    export CLANG_WARN_BOOL_CONVERSION\=YES
    export CLANG_WARN_COMMA\=YES
    export CLANG_WARN_CONSTANT_CONVERSION\=YES
    export CLANG_WARN_DEPRECATED_OBJC_IMPLEMENTATIONS\=YES
    export CLANG_WARN_DIRECT_OBJC_ISA_USAGE\=YES_ERROR
    export CLANG_WARN_DOCUMENTATION_COMMENTS\=YES
    export CLANG_WARN_EMPTY_BODY\=YES
    export CLANG_WARN_ENUM_CONVERSION\=YES
    export CLANG_WARN_INFINITE_RECURSION\=YES
    export CLANG_WARN_INT_CONVERSION\=YES
    export CLANG_WARN_NON_LITERAL_NULL_CONVERSION\=YES
    export CLANG_WARN_OBJC_IMPLICIT_RETAIN_SELF\=YES
    export CLANG_WARN_OBJC_LITERAL_CONVERSION\=YES
    export CLANG_WARN_OBJC_ROOT_CLASS\=YES_ERROR
    export CLANG_WARN_QUOTED_INCLUDE_IN_FRAMEWORK_HEADER\=NO
    export CLANG_WARN_RANGE_LOOP_ANALYSIS\=YES
    export CLANG_WARN_STRICT_PROTOTYPES\=YES
    export CLANG_WARN_SUSPICIOUS_MOVE\=YES
    export CLANG_WARN_UNGUARDED_AVAILABILITY\=YES_AGGRESSIVE
    export CLANG_WARN_UNREACHABLE_CODE\=YES
    export CLANG_WARN__DUPLICATE_METHOD_MATCH\=YES
    export CLASS_FILE_DIR\=/Users/shashishekhar/Library/Developer/Xcode/DerivedData/RestaurantsNearMeIOS-cxlnvzrpmdwxdmausljrqbwijesy/Build/Intermediates.noindex/Pods.build/Debug-iphonesimulator/react-native-pager-view.build/JavaClasses
    export CLEAN_PRECOMPS\=YES
    export CLONE_HEADERS\=NO
    export CODESIGNING_FOLDER_PATH\=/Users/shashishekhar/Library/Developer/Xcode/DerivedData/RestaurantsNearMeIOS-cxlnvzrpmdwxdmausljrqbwijesy/Build/Products/Debug-iphonesimulator/react-native-pager-view/libreact-native-pager-view.a
    export CODE_SIGNING_ALLOWED\=NO
    export CODE_SIGNING_REQUIRED\=YES
    export CODE_SIGN_CONTEXT_CLASS\=XCiPhoneSimulatorCodeSignContext
    export CODE_SIGN_IDENTITY\=-
    export CODE_SIGN_INJECT_BASE_ENTITLEMENTS\=YES
    export COLOR_DIAGNOSTICS\=NO
    export COMBINE_HIDPI_IMAGES\=NO
    export COMPILATION_CACHE_CAS_PATH\=/Users/shashishekhar/Library/Developer/Xcode/DerivedData/CompilationCache.noindex
    export COMPILATION_CACHE_KEEP_CAS_DIRECTORY\=YES
    export COMPILER_INDEX_STORE_ENABLE\=Default
    export COMPOSITE_SDK_DIRS\=/Users/shashishekhar/Library/Developer/Xcode/DerivedData/RestaurantsNearMeIOS-cxlnvzrpmdwxdmausljrqbwijesy/Build/Intermediates.noindex/CompositeSDKs
    export COMPRESS_PNG_FILES\=YES
    export CONFIGURATION\=Debug
    export CONFIGURATION_BUILD_DIR\=/Users/shashishekhar/Library/Developer/Xcode/DerivedData/RestaurantsNearMeIOS-cxlnvzrpmdwxdmausljrqbwijesy/Build/Products/Debug-iphonesimulator/react-native-pager-view
    export CONFIGURATION_TEMP_DIR\=/Users/shashishekhar/Library/Developer/Xcode/DerivedData/RestaurantsNearMeIOS-cxlnvzrpmdwxdmausljrqbwijesy/Build/Intermediates.noindex/Pods.build/Debug-iphonesimulator
    export COPYING_PRESERVES_HFS_DATA\=NO
    export COPY_HEADERS_RUN_UNIFDEF\=NO
    export COPY_PHASE_STRIP\=NO
    export CORRESPONDING_DEVICE_PLATFORM_DIR\=/Applications/Xcode.app/Contents/Developer/Platforms/iPhoneOS.platform
    export CORRESPONDING_DEVICE_PLATFORM_NAME\=iphoneos
    export CORRESPONDING_DEVICE_SDK_DIR\=/Applications/Xcode.app/Contents/Developer/Platforms/iPhoneOS.platform/Developer/SDKs/iPhoneOS26.5.sdk
    export CORRESPONDING_DEVICE_SDK_NAME\=iphoneos26.5
    export CP\=/bin/cp
    export CREATE_INFOPLIST_SECTION_IN_BINARY\=NO
    export CURRENT_ARCH\=undefined_arch
    export CURRENT_VARIANT\=normal
    export DEAD_CODE_STRIPPING\=YES
    export DEBUGGING_SYMBOLS\=YES
    export DEBUG_INFORMATION_FORMAT\=dwarf
    export DEBUG_INFORMATION_VERSION\=compiler-default
    export DEFAULT_COMPILER\=com.apple.compilers.llvm.clang.1_0
    export DEFAULT_DEXT_INSTALL_PATH\=/System/Library/DriverExtensions
    export DEFAULT_KEXT_INSTALL_PATH\=/System/Library/Extensions
    export DEFINES_MODULE\=NO
    export DEPLOYMENT_LOCATION\=NO
    export DEPLOYMENT_POSTPROCESSING\=NO
    export DEPLOYMENT_TARGET_SETTING_NAME\=IPHONEOS_DEPLOYMENT_TARGET
    export DEPLOYMENT_TARGET_SUGGESTED_VALUES\=12.0\ 12.1\ 12.2\ 12.3\ 12.4\ 13.0\ 13.1\ 13.2\ 13.3\ 13.4\ 13.5\ 13.6\ 14.0\ 14.1\ 14.2\ 14.3\ 14.4\ 14.5\ 14.6\ 14.7\ 15.0\ 15.1\ 15.2\ 15.3\ 15.4\ 15.5\ 15.6\ 16.0\ 16.1\ 16.2\ 16.3\ 16.4\ 16.5\ 16.6\ 17.0\ 17.1\ 17.2\ 17.3\ 17.4\ 17.5\ 17.6\ 18.0\ 18.1\ 18.2\ 18.3\ 18.4\ 18.5\ 18.6\ 26.0\ 26.2\ 26.3\ 26.4\ 26.5
    export DERIVED_FILES_DIR\=/Users/shashishekhar/Library/Developer/Xcode/DerivedData/RestaurantsNearMeIOS-cxlnvzrpmdwxdmausljrqbwijesy/Build/Intermediates.noindex/Pods.build/Debug-iphonesimulator/react-native-pager-view.build/DerivedSources
    export DERIVED_FILE_DIR\=/Users/shashishekhar/Library/Developer/Xcode/DerivedData/RestaurantsNearMeIOS-cxlnvzrpmdwxdmausljrqbwijesy/Build/Intermediates.noindex/Pods.build/Debug-iphonesimulator/react-native-pager-view.build/DerivedSources
    export DERIVED_SOURCES_DIR\=/Users/shashishekhar/Library/Developer/Xcode/DerivedData/RestaurantsNearMeIOS-cxlnvzrpmdwxdmausljrqbwijesy/Build/Intermediates.noindex/Pods.build/Debug-iphonesimulator/react-native-pager-view.build/DerivedSources
    export DEVELOPER_APPLICATIONS_DIR\=/Applications/Xcode.app/Contents/Developer/Applications
    export DEVELOPER_BIN_DIR\=/Applications/Xcode.app/Contents/Developer/usr/bin
    export DEVELOPER_DIR\=/Applications/Xcode.app/Contents/Developer
    export DEVELOPER_FRAMEWORKS_DIR\=/Applications/Xcode.app/Contents/Developer/Library/Frameworks
    export DEVELOPER_FRAMEWORKS_DIR_QUOTED\=/Applications/Xcode.app/Contents/Developer/Library/Frameworks
    export DEVELOPER_LIBRARY_DIR\=/Applications/Xcode.app/Contents/Developer/Library
    export DEVELOPER_SDK_DIR\=/Applications/Xcode.app/Contents/Developer/Platforms/MacOSX.platform/Developer/SDKs
    export DEVELOPER_TOOLS_DIR\=/Applications/Xcode.app/Contents/Developer/Tools
    export DEVELOPER_USR_DIR\=/Applications/Xcode.app/Contents/Developer/usr
    export DEVELOPMENT_LANGUAGE\=en
    export DIAGNOSE_MISSING_TARGET_DEPENDENCIES\=YES
    export DIFF\=/usr/bin/diff
    export DONT_GENERATE_INFOPLIST_FILE\=NO
    export DSTROOT\=/tmp/Pods.dst
    export DT_TOOLCHAIN_DIR\=/Applications/Xcode.app/Contents/Developer/Toolchains/XcodeDefault.xctoolchain
    export DUMP_DEPENDENCIES\=NO
    export DUMP_DEPENDENCIES_OUTPUT_PATH\=/Users/shashishekhar/Library/Developer/Xcode/DerivedData/RestaurantsNearMeIOS-cxlnvzrpmdwxdmausljrqbwijesy/Build/Intermediates.noindex/Pods.build/Debug-iphonesimulator/react-native-pager-view.build/react-native-pager-view-BuildDependencyInfo.json
    export DWARF_DSYM_FILE_NAME\=libreact-native-pager-view.a.dSYM
    export DWARF_DSYM_FILE_SHOULD_ACCOMPANY_PRODUCT\=NO
    export DWARF_DSYM_FOLDER_PATH\=/Users/shashishekhar/Library/Developer/Xcode/DerivedData/RestaurantsNearMeIOS-cxlnvzrpmdwxdmausljrqbwijesy/Build/Products/Debug-iphonesimulator/react-native-pager-view
    export DYNAMIC_LIBRARY_EXTENSION\=dylib
    export EAGER_COMPILATION_ALLOW_SCRIPTS\=NO
    export EAGER_LINKING\=NO
    export EFFECTIVE_PLATFORM_NAME\=-iphonesimulator
    export EFFECTIVE_SWIFT_VERSION\=5
    export EMBEDDED_CONTENT_CONTAINS_SWIFT\=NO
    export EMBED_ASSET_PACKS_IN_PRODUCT_BUNDLE\=NO
    export ENABLE_APP_SANDBOX\=NO
    export ENABLE_CODE_COVERAGE\=YES
    export ENABLE_COHORT_ARCHS\=NO
    export ENABLE_CPLUSPLUS_BOUNDS_SAFE_BUFFERS\=NO
    export ENABLE_C_BOUNDS_SAFETY\=NO
    export ENABLE_DEFAULT_HEADER_SEARCH_PATHS\=YES
    export ENABLE_DEFAULT_SEARCH_PATHS\=YES
    export ENABLE_ENHANCED_SECURITY\=NO
    export ENABLE_HARDENED_RUNTIME\=NO
    export ENABLE_HEADER_DEPENDENCIES\=YES
    export ENABLE_INCOMING_NETWORK_CONNECTIONS\=NO
    export ENABLE_MODULE_VERIFIER\=NO
    export ENABLE_ON_DEMAND_RESOURCES\=NO
    export ENABLE_OUTGOING_NETWORK_CONNECTIONS\=NO
    export ENABLE_POINTER_AUTHENTICATION\=NO
    export ENABLE_PREVIEWS\=NO
    export ENABLE_RESOURCE_ACCESS_AUDIO_INPUT\=NO
    export ENABLE_RESOURCE_ACCESS_BLUETOOTH\=NO
    export ENABLE_RESOURCE_ACCESS_CALENDARS\=NO
    export ENABLE_RESOURCE_ACCESS_CAMERA\=NO
    export ENABLE_RESOURCE_ACCESS_CONTACTS\=NO
    export ENABLE_RESOURCE_ACCESS_LOCATION\=NO
    export ENABLE_RESOURCE_ACCESS_PHOTO_LIBRARY\=NO
    export ENABLE_RESOURCE_ACCESS_PRINTING\=NO
    export ENABLE_RESOURCE_ACCESS_USB\=NO
    export ENABLE_SDK_IMPORTS\=NO
    export ENABLE_SECURITY_COMPILER_WARNINGS\=NO
    export ENABLE_STRICT_OBJC_MSGSEND\=YES
    export ENABLE_TESTABILITY\=YES
    export ENABLE_TESTING_SEARCH_PATHS\=NO
    export ENABLE_USER_SCRIPT_SANDBOXING\=NO
    export ENABLE_XOJIT_PREVIEWS\=YES
    export ENFORCE_VALID_ARCHS\=YES
    export ENTITLEMENTS_DESTINATION\=__entitlements
    export ENTITLEMENTS_REQUIRED\=YES
    export EXCLUDED_INSTALLSRC_SUBDIRECTORY_PATTERNS\=.DS_Store\ .svn\ .git\ .hg\ CVS
    export EXCLUDED_RECURSIVE_SEARCH_PATH_SUBDIRECTORIES\=\*.nib\ \*.lproj\ \*.framework\ \*.gch\ \*.xcode\*\ \*.xcassets\ \*.icon\ \(\*\)\ .DS_Store\ CVS\ .svn\ .git\ .hg\ \*.pbproj\ \*.pbxproj
    export EXECUTABLE_EXTENSION\=a
    export EXECUTABLE_NAME\=libreact-native-pager-view.a
    export EXECUTABLE_PATH\=libreact-native-pager-view.a
    export EXECUTABLE_PREFIX\=lib
    export EXECUTABLE_SUFFIX\=.a
    export FILE_LIST\=/Users/shashishekhar/Library/Developer/Xcode/DerivedData/RestaurantsNearMeIOS-cxlnvzrpmdwxdmausljrqbwijesy/Build/Intermediates.noindex/Pods.build/Debug-iphonesimulator/react-native-pager-view.build/Objects/LinkFileList
    export FIXED_FILES_DIR\=/Users/shashishekhar/Library/Developer/Xcode/DerivedData/RestaurantsNearMeIOS-cxlnvzrpmdwxdmausljrqbwijesy/Build/Intermediates.noindex/Pods.build/Debug-iphonesimulator/react-native-pager-view.build/FixedFiles
    export FRAMEWORK_FLAG_PREFIX\=-framework
    export FRAMEWORK_SEARCH_PATHS\=/Users/shashishekhar/Library/Developer/Xcode/DerivedData/RestaurantsNearMeIOS-cxlnvzrpmdwxdmausljrqbwijesy/Build/Products/Debug-iphonesimulator/react-native-pager-view\ \ \"/Users/shashishekhar/Desktop/RestaurantsNearMeIOS/ios/Pods/React-Core-prebuilt\"\ \"/Users/shashishekhar/Desktop/RestaurantsNearMeIOS/ios/Pods/ReactNativeDependencies/framework/packages/react-native\"\ \"/Users/shashishekhar/Desktop/RestaurantsNearMeIOS/ios/Pods/hermes-engine/destroot/Library/Frameworks/universal\"\ \"/Users/shashishekhar/Library/Developer/Xcode/DerivedData/RestaurantsNearMeIOS-cxlnvzrpmdwxdmausljrqbwijesy/Build/Products/Debug-iphonesimulator/XCFrameworkIntermediates/React-Core-prebuilt\"\ \"/Users/shashishekhar/Library/Developer/Xcode/DerivedData/RestaurantsNearMeIOS-cxlnvzrpmdwxdmausljrqbwijesy/Build/Products/Debug-iphonesimulator/XCFrameworkIntermediates/ReactNativeDependencies\"\ \"/Users/shashishekhar/Library/Developer/Xcode/DerivedData/RestaurantsNearMeIOS-cxlnvzrpmdwxdmausljrqbwijesy/Build/Products/Debug-iphonesimulator/XCFrameworkIntermediates/hermes-engine/Pre-built\"
    export FRAMEWORK_VERSION\=A
    export FULL_PRODUCT_NAME\=libreact-native-pager-view.a
    export FUSE_BUILD_PHASES\=YES
    export FUSE_BUILD_SCRIPT_PHASES\=NO
    export GCC3_VERSION\=3.3
    export GCC_C_LANGUAGE_STANDARD\=gnu11
    export GCC_DYNAMIC_NO_PIC\=NO
    export GCC_NO_COMMON_BLOCKS\=YES
    export GCC_OBJC_LEGACY_DISPATCH\=YES
    export GCC_OPTIMIZATION_LEVEL\=0
    export GCC_PFE_FILE_C_DIALECTS\=c\ objective-c\ c++\ objective-c++
    export GCC_PREFIX_HEADER\=Target\ Support\ Files/react-native-pager-view/react-native-pager-view-prefix.pch
    export GCC_PREPROCESSOR_DEFINITIONS\=POD_CONFIGURATION_DEBUG\=1\ DEBUG\=1\ \ COCOAPODS\=1
    export GCC_TREAT_WARNINGS_AS_ERRORS\=NO
    export GCC_VERSION\=com.apple.compilers.llvm.clang.1_0
    export GCC_VERSION_IDENTIFIER\=com_apple_compilers_llvm_clang_1_0
    export GCC_WARN_64_TO_32_BIT_CONVERSION\=YES
    export GCC_WARN_ABOUT_RETURN_TYPE\=YES_ERROR
    export GCC_WARN_UNDECLARED_SELECTOR\=YES
    export GCC_WARN_UNINITIALIZED_AUTOS\=YES_AGGRESSIVE
    export GCC_WARN_UNUSED_FUNCTION\=YES
    export GCC_WARN_UNUSED_VARIABLE\=YES
    export GENERATED_MODULEMAP_DIR\=/Users/shashishekhar/Library/Developer/Xcode/DerivedData/RestaurantsNearMeIOS-cxlnvzrpmdwxdmausljrqbwijesy/Build/Intermediates.noindex/GeneratedModuleMaps-iphonesimulator
    export GENERATE_INFOPLIST_FILE\=NO
    export GENERATE_INTERMEDIATE_TEXT_BASED_STUBS\=YES
    export GENERATE_PKGINFO_FILE\=NO
    export GENERATE_PRELINK_OBJECT_FILE\=NO
    export GENERATE_PROFILING_CODE\=NO
    export GENERATE_TEXT_BASED_STUBS\=NO
    export GID\=20
    export GROUP\=staff
    export HEADERMAP_INCLUDES_FLAT_ENTRIES_FOR_TARGET_BEING_BUILT\=YES
    export HEADERMAP_INCLUDES_FRAMEWORK_ENTRIES_FOR_ALL_PRODUCT_TYPES\=YES
    export HEADERMAP_INCLUDES_FRAMEWORK_ENTRIES_FOR_TARGETS_NOT_BEING_BUILT\=YES
    export HEADERMAP_INCLUDES_NONPUBLIC_NONPRIVATE_HEADERS\=YES
    export HEADERMAP_INCLUDES_PROJECT_HEADERS\=YES
    export HEADERMAP_USES_FRAMEWORK_PREFIX_ENTRIES\=YES
    export HEADERMAP_USES_VFS\=NO
    export HEADER_SEARCH_PATHS\=/Users/shashishekhar/Library/Developer/Xcode/DerivedData/RestaurantsNearMeIOS-cxlnvzrpmdwxdmausljrqbwijesy/Build/Products/Debug-iphonesimulator/react-native-pager-view/include\ \ \"/Users/shashishekhar/Desktop/RestaurantsNearMeIOS/ios/Pods/Headers/Private\"\ \"/Users/shashishekhar/Desktop/RestaurantsNearMeIOS/ios/Pods/Headers/Private/react-native-pager-view\"\ \"/Users/shashishekhar/Desktop/RestaurantsNearMeIOS/ios/Pods/Headers/Public\"\ \"/Users/shashishekhar/Desktop/RestaurantsNearMeIOS/ios/Pods/Headers/Public/FBLazyVector\"\ \"/Users/shashishekhar/Desktop/RestaurantsNearMeIOS/ios/Pods/Headers/Public/RCTRequired\"\ \"/Users/shashishekhar/Desktop/RestaurantsNearMeIOS/ios/Pods/Headers/Public/RCTSwiftUIWrapper\"\ \"/Users/shashishekhar/Desktop/RestaurantsNearMeIOS/ios/Pods/Headers/Public/RCTTypeSafety\"\ \"/Users/shashishekhar/Desktop/RestaurantsNearMeIOS/ios/Pods/Headers/Public/React-Core\"\ \"/Users/shashishekhar/Desktop/RestaurantsNearMeIOS/ios/Pods/Headers/Public/React-Core-prebuilt\"\ \"/Users/shashishekhar/Desktop/RestaurantsNearMeIOS/ios/Pods/Headers/Public/React-CoreModules\"\ \"/Users/shashishekhar/Desktop/RestaurantsNearMeIOS/ios/Pods/Headers/Public/React-Fabric\"\ \"/Users/shashishekhar/Desktop/RestaurantsNearMeIOS/ios/Pods/Headers/Public/React-FabricComponents\"\ \"/Users/shashishekhar/Desktop/RestaurantsNearMeIOS/ios/Pods/Headers/Public/React-FabricImage\"\ \"/Users/shashishekhar/Desktop/RestaurantsNearMeIOS/ios/Pods/Headers/Public/React-ImageManager\"\ \"/Users/shashishekhar/Desktop/RestaurantsNearMeIOS/ios/Pods/Headers/Public/React-Mapbuffer\"\ \"/Users/shashishekhar/Desktop/RestaurantsNearMeIOS/ios/Pods/Headers/Public/React-NativeModulesApple\"\ \"/Users/shashishekhar/Desktop/RestaurantsNearMeIOS/ios/Pods/Headers/Public/React-RCTAnimation\"\ \"/Users/shashishekhar/Desktop/RestaurantsNearMeIOS/ios/Pods/Headers/Public/React-RCTBlob\"\ \"/Users/shashishekhar/Desktop/RestaurantsNearMeIOS/ios/Pods/Headers/Public/React-RCTFBReactNativeSpec\"\ \"/Users/shashishekhar/Desktop/RestaurantsNearMeIOS/ios/Pods/Headers/Public/React-RCTFabric\"\ \"/Users/shashishekhar/Desktop/RestaurantsNearMeIOS/ios/Pods/Headers/Public/React-RCTImage\"\ \"/Users/shashishekhar/Desktop/RestaurantsNearMeIOS/ios/Pods/Headers/Public/React-RCTRuntime\"\ \"/Users/shashishekhar/Desktop/RestaurantsNearMeIOS/ios/Pods/Headers/Public/React-RCTText\"\ \"/Users/shashishekhar/Desktop/RestaurantsNearMeIOS/ios/Pods/Headers/Public/React-RuntimeApple\"\ \"/Users/shashishekhar/Desktop/RestaurantsNearMeIOS/ios/Pods/Headers/Public/React-RuntimeCore\"\ \"/Users/shashishekhar/Desktop/RestaurantsNearMeIOS/ios/Pods/Headers/Public/React-RuntimeHermes\"\ \"/Users/shashishekhar/Desktop/RestaurantsNearMeIOS/ios/Pods/Headers/Public/React-callinvoker\"\ \"/Users/shashishekhar/Desktop/RestaurantsNearMeIOS/ios/Pods/Headers/Public/React-cxxreact\"\ \"/Users/shashishekhar/Desktop/RestaurantsNearMeIOS/ios/Pods/Headers/Public/React-debug\"\ \"/Users/shashishekhar/Desktop/RestaurantsNearMeIOS/ios/Pods/Headers/Public/React-defaultsnativemodule\"\ \"/Users/shashishekhar/Desktop/RestaurantsNearMeIOS/ios/Pods/Headers/Public/React-domnativemodule\"\ \"/Users/shashishekhar/Desktop/RestaurantsNearMeIOS/ios/Pods/Headers/Public/React-featureflags\"\ \"/Users/shashishekhar/Desktop/RestaurantsNearMeIOS/ios/Pods/Headers/Public/React-featureflagsnativemodule\"\ \"/Users/shashishekhar/Desktop/RestaurantsNearMeIOS/ios/Pods/Headers/Public/React-graphics\"\ \"/Users/shashishekhar/Desktop/RestaurantsNearMeIOS/ios/Pods/Headers/Public/React-hermes\"\ \"/Users/shashishekhar/Desktop/RestaurantsNearMeIOS/ios/Pods/Headers/Public/React-idlecallbacksnativemodule\"\ \"/Users/shashishekhar/Desktop/RestaurantsNearMeIOS/ios/Pods/Headers/Public/React-intersectionobservernativemodule\"\ \"/Users/shashishekhar/Desktop/RestaurantsNearMeIOS/ios/Pods/Headers/Public/React-jserrorhandler\"\ \"/Users/shashishekhar/Desktop/RestaurantsNearMeIOS/ios/Pods/Headers/Public/React-jsi\"\ \"/Users/shashishekhar/Desktop/RestaurantsNearMeIOS/ios/Pods/Headers/Public/React-jsiexecutor\"\ \"/Users/shashishekhar/Desktop/RestaurantsNearMeIOS/ios/Pods/Headers/Public/React-jsinspector\"\ \"/Users/shashishekhar/Desktop/RestaurantsNearMeIOS/ios/Pods/Headers/Public/React-jsinspectorcdp\"\ \"/Users/shashishekhar/Desktop/RestaurantsNearMeIOS/ios/Pods/Headers/Public/React-jsinspectornetwork\"\ \"/Users/shashishekhar/Desktop/RestaurantsNearMeIOS/ios/Pods/Headers/Public/React-jsinspectortracing\"\ \"/Users/shashishekhar/Desktop/RestaurantsNearMeIOS/ios/Pods/Headers/Public/React-jsitooling\"\ \"/Users/shashishekhar/Desktop/RestaurantsNearMeIOS/ios/Pods/Headers/Public/React-logger\"\ \"/Users/shashishekhar/Desktop/RestaurantsNearMeIOS/ios/Pods/Headers/Public/React-microtasksnativemodule\"\ \"/Users/shashishekhar/Desktop/RestaurantsNearMeIOS/ios/Pods/Headers/Public/React-mutationobservernativemodule\"\ \"/Users/shashishekhar/Desktop/RestaurantsNearMeIOS/ios/Pods/Headers/Public/React-networking\"\ \"/Users/shashishekhar/Desktop/RestaurantsNearMeIOS/ios/Pods/Headers/Public/React-oscompat\"\ \"/Users/shashishekhar/Desktop/RestaurantsNearMeIOS/ios/Pods/Headers/Public/React-perflogger\"\ \"/Users/shashishekhar/Desktop/RestaurantsNearMeIOS/ios/Pods/Headers/Public/React-performancecdpmetrics\"\ \"/Users/shashishekhar/Desktop/RestaurantsNearMeIOS/ios/Pods/Headers/Public/React-performancetimeline\"\ \"/Users/shashishekhar/Desktop/RestaurantsNearMeIOS/ios/Pods/Headers/Public/React-rendererconsistency\"\ \"/Users/shashishekhar/Desktop/RestaurantsNearMeIOS/ios/Pods/Headers/Public/React-renderercss\"\ \"/Users/shashishekhar/Desktop/RestaurantsNearMeIOS/ios/Pods/Headers/Public/React-rendererdebug\"\ \"/Users/shashishekhar/Desktop/RestaurantsNearMeIOS/ios/Pods/Headers/Public/React-runtimeexecutor\"\ \"/Users/shashishekhar/Desktop/RestaurantsNearMeIOS/ios/Pods/Headers/Public/React-runtimescheduler\"\ \"/Users/shashishekhar/Desktop/RestaurantsNearMeIOS/ios/Pods/Headers/Public/React-timing\"\ \"/Users/shashishekhar/Desktop/RestaurantsNearMeIOS/ios/Pods/Headers/Public/React-utils\"\ \"/Users/shashishekhar/Desktop/RestaurantsNearMeIOS/ios/Pods/Headers/Public/React-viewtransitionnativemodule\"\ \"/Users/shashishekhar/Desktop/RestaurantsNearMeIOS/ios/Pods/Headers/Public/React-webperformancenativemodule\"\ \"/Users/shashishekhar/Desktop/RestaurantsNearMeIOS/ios/Pods/Headers/Public/ReactCodegen\"\ \"/Users/shashishekhar/Desktop/RestaurantsNearMeIOS/ios/Pods/Headers/Public/ReactCommon\"\ \"/Users/shashishekhar/Desktop/RestaurantsNearMeIOS/ios/Pods/Headers/Public/ReactNativeDependencies\"\ \"/Users/shashishekhar/Desktop/RestaurantsNearMeIOS/ios/Pods/Headers/Public/Yoga\"\ \"/Users/shashishekhar/Desktop/RestaurantsNearMeIOS/ios/Pods/Headers/Public/hermes-engine\"\ \"/Users/shashishekhar/Desktop/RestaurantsNearMeIOS/ios/Pods/Headers/Private/Yoga\"
    export HOME\=/Users/shashishekhar
    export HOST_ARCH\=arm64
    export HOST_PLATFORM\=macosx
    export ICONV\=/usr/bin/iconv
    export IMPLICIT_DEPENDENCY_DOMAIN\=default
    export INDEX_STORE_COMPRESS\=NO
    export INDEX_STORE_ONLY_PROJECT_FILES\=NO
    export INFOPLIST_ENABLE_CFBUNDLEICONS_MERGE\=YES
    export INFOPLIST_EXPAND_BUILD_SETTINGS\=YES
    export INFOPLIST_OUTPUT_FORMAT\=binary
    export INFOPLIST_PREPROCESS\=NO
    export INLINE_PRIVATE_FRAMEWORKS\=NO
    export INSTALLAPI_IGNORE_SKIP_INSTALL\=YES
    export INSTALLHDRS_COPY_PHASE\=NO
    export INSTALLHDRS_SCRIPT_PHASE\=NO
    export INSTALL_DIR\=/tmp/Pods.dst/usr/local/lib
    export INSTALL_GROUP\=staff
    export INSTALL_MODE_FLAG\=u+w,go-w,a+rX
    export INSTALL_OWNER\=shashishekhar
    export INSTALL_PATH\=/usr/local/lib
    export INSTALL_ROOT\=/tmp/Pods.dst
    export IPHONEOS_DEPLOYMENT_TARGET\=15.1
    export IS_UNOPTIMIZED_BUILD\=YES
    export JAVAC_DEFAULT_FLAGS\=-J-Xms64m\ -J-XX:NewSize\=4M\ -J-Dfile.encoding\=UTF8
    export JAVA_APP_STUB\=/System/Library/Frameworks/JavaVM.framework/Resources/MacOS/JavaApplicationStub
    export JAVA_ARCHIVE_CLASSES\=YES
    export JAVA_ARCHIVE_TYPE\=JAR
    export JAVA_COMPILER\=/usr/bin/javac
    export JAVA_FRAMEWORK_RESOURCES_DIRS\=Resources
    export JAVA_JAR_FLAGS\=cv
    export JAVA_SOURCE_SUBDIR\=.
    export JAVA_USE_DEPENDENCIES\=YES
    export JAVA_ZIP_FLAGS\=-urg
    export JIKES_DEFAULT_FLAGS\=+E\ +OLDCSO
    export KEEP_PRIVATE_EXTERNS\=NO
    export LD_DEPENDENCY_INFO_FILE\=/Users/shashishekhar/Library/Developer/Xcode/DerivedData/RestaurantsNearMeIOS-cxlnvzrpmdwxdmausljrqbwijesy/Build/Intermediates.noindex/Pods.build/Debug-iphonesimulator/react-native-pager-view.build/Objects-normal/undefined_arch/react-native-pager-view_dependency_info.dat
    export LD_EXPORT_SYMBOLS\=YES
    export LD_GENERATE_MAP_FILE\=NO
    export LD_MAP_FILE_PATH\=/Users/shashishekhar/Library/Developer/Xcode/DerivedData/RestaurantsNearMeIOS-cxlnvzrpmdwxdmausljrqbwijesy/Build/Intermediates.noindex/Pods.build/Debug-iphonesimulator/react-native-pager-view.build/react-native-pager-view-LinkMap-normal-undefined_arch.txt
    export LD_NO_PIE\=NO
    export LD_QUOTE_LINKER_ARGUMENTS_FOR_COMPILER_DRIVER\=YES
    export LD_SHARED_CACHE_ELIGIBLE\=Automatic
    export LD_WARN_DUPLICATE_LIBRARIES\=NO
    export LD_WARN_UNUSED_DYLIBS\=NO
    export LEGACY_DEVELOPER_DIR\=/Applications/Xcode.app/Contents/PlugIns/Xcode3Core.ideplugin/Contents/SharedSupport/Developer
    export LEX\=lex
    export LIBRARY_DEXT_INSTALL_PATH\=/Library/DriverExtensions
    export LIBRARY_FLAG_NOSPACE\=YES
    export LIBRARY_FLAG_PREFIX\=-l
    export LIBRARY_KEXT_INSTALL_PATH\=/Library/Extensions
    export LIBRARY_SEARCH_PATHS\=/Users/shashishekhar/Library/Developer/Xcode/DerivedData/RestaurantsNearMeIOS-cxlnvzrpmdwxdmausljrqbwijesy/Build/Products/Debug-iphonesimulator/react-native-pager-view\ 
    export LINKER_DISPLAYS_MANGLED_NAMES\=NO
    export LINK_FILE_LIST_normal_arm64\=/Users/shashishekhar/Library/Developer/Xcode/DerivedData/RestaurantsNearMeIOS-cxlnvzrpmdwxdmausljrqbwijesy/Build/Intermediates.noindex/Pods.build/Debug-iphonesimulator/react-native-pager-view.build/Objects-normal/arm64/react-native-pager-view.LinkFileList
    export LINK_FILE_LIST_normal_x86_64\=/Users/shashishekhar/Library/Developer/Xcode/DerivedData/RestaurantsNearMeIOS-cxlnvzrpmdwxdmausljrqbwijesy/Build/Intermediates.noindex/Pods.build/Debug-iphonesimulator/react-native-pager-view.build/Objects-normal/x86_64/react-native-pager-view.LinkFileList
    export LINK_OBJC_RUNTIME\=YES
    export LINK_WITH_STANDARD_LIBRARIES\=YES
    export LLVM_TARGET_TRIPLE_OS_VERSION\=ios15.1
    export LLVM_TARGET_TRIPLE_SUFFIX\=-simulator
    export LLVM_TARGET_TRIPLE_VENDOR\=apple
    export LM_AUX_CONST_METADATA_LIST_PATH_normal_arm64\=/Users/shashishekhar/Library/Developer/Xcode/DerivedData/RestaurantsNearMeIOS-cxlnvzrpmdwxdmausljrqbwijesy/Build/Intermediates.noindex/Pods.build/Debug-iphonesimulator/react-native-pager-view.build/Objects-normal/arm64/react-native-pager-view.SwiftConstValuesFileList
    export LM_AUX_CONST_METADATA_LIST_PATH_normal_x86_64\=/Users/shashishekhar/Library/Developer/Xcode/DerivedData/RestaurantsNearMeIOS-cxlnvzrpmdwxdmausljrqbwijesy/Build/Intermediates.noindex/Pods.build/Debug-iphonesimulator/react-native-pager-view.build/Objects-normal/x86_64/react-native-pager-view.SwiftConstValuesFileList
    export LOCALIZATION_EXPORT_SUPPORTED\=YES
    export LOCALIZATION_PREFERS_STRING_CATALOGS\=NO
    export LOCALIZED_STRING_CODE_COMMENTS\=NO
    export LOCALIZED_STRING_MACRO_NAMES\=NSLocalizedString\ CFCopyLocalizedString
    export LOCALIZED_STRING_SWIFTUI_SUPPORT\=YES
    export LOCAL_ADMIN_APPS_DIR\=/Applications/Utilities
    export LOCAL_APPS_DIR\=/Applications
    export LOCAL_DEVELOPER_DIR\=/Library/Developer
    export LOCAL_LIBRARY_DIR\=/Library
    export LOCROOT\=/Users/shashishekhar/Desktop/RestaurantsNearMeIOS/ios/Pods
    export LOCSYMROOT\=/Users/shashishekhar/Desktop/RestaurantsNearMeIOS/ios/Pods
    export MACH_O_TYPE\=staticlib
    export MAC_OS_X_PRODUCT_BUILD_VERSION\=25E246
    export MAC_OS_X_VERSION_ACTUAL\=260400
    export MAC_OS_X_VERSION_MAJOR\=260000
    export MAC_OS_X_VERSION_MINOR\=260400
    export MAKE_MERGEABLE\=NO
    export MERGEABLE_LIBRARY\=NO
    export MERGED_BINARY_TYPE\=none
    export MERGE_LINKED_LIBRARIES\=NO
    export METAL_LIBRARY_FILE_BASE\=default
    export METAL_LIBRARY_OUTPUT_DIR\=/Users/shashishekhar/Library/Developer/Xcode/DerivedData/RestaurantsNearMeIOS-cxlnvzrpmdwxdmausljrqbwijesy/Build/Products/Debug-iphonesimulator/react-native-pager-view/
    export MODULEMAP_FILE\=Headers/Public/react_native_pager_view/react-native-pager-view.modulemap
    export MODULE_CACHE_DIR\=/Users/shashishekhar/Library/Developer/Xcode/DerivedData/ModuleCache.noindex
    export MTL_ENABLE_DEBUG_INFO\=INCLUDE_SOURCE
    export MTL_FAST_MATH\=YES
    export NATIVE_ARCH\=arm64
    export NATIVE_ARCH_32_BIT\=arm
    export NATIVE_ARCH_64_BIT\=arm64
    export NATIVE_ARCH_ACTUAL\=arm64
    export NO_COMMON\=YES
    export OBJC_ABI_VERSION\=2
    export OBJECT_FILE_DIR\=/Users/shashishekhar/Library/Developer/Xcode/DerivedData/RestaurantsNearMeIOS-cxlnvzrpmdwxdmausljrqbwijesy/Build/Intermediates.noindex/Pods.build/Debug-iphonesimulator/react-native-pager-view.build/Objects
    export OBJECT_FILE_DIR_normal\=/Users/shashishekhar/Library/Developer/Xcode/DerivedData/RestaurantsNearMeIOS-cxlnvzrpmdwxdmausljrqbwijesy/Build/Intermediates.noindex/Pods.build/Debug-iphonesimulator/react-native-pager-view.build/Objects-normal
    export OBJROOT\=/Users/shashishekhar/Library/Developer/Xcode/DerivedData/RestaurantsNearMeIOS-cxlnvzrpmdwxdmausljrqbwijesy/Build/Intermediates.noindex
    export ONLY_ACTIVE_ARCH\=NO
    export OS\=MACOS
    export OSAC\=/usr/bin/osacompile
    export OTHER_CFLAGS\=\ -DRCT_REMOVE_LEGACY_ARCH\=1\ -fmodule-map-file\=\"/Users/shashishekhar/Library/Developer/Xcode/DerivedData/RestaurantsNearMeIOS-cxlnvzrpmdwxdmausljrqbwijesy/Build/Products/Debug-iphonesimulator/SwiftUIIntrospect/SwiftUIIntrospect.modulemap\"\ -fmodule-map-file\=\"/Users/shashishekhar/Desktop/RestaurantsNearMeIOS/ios/Pods/Headers/Public/ReactCodegen/ReactCodegen.modulemap\"\ \ -DRCT_REMOVE_LEGACY_ARCH\=1\ -ivfsoverlay\ /Users/shashishekhar/Desktop/RestaurantsNearMeIOS/ios/Pods/React-Core-prebuilt/React-VFS.yaml
    export OTHER_CPLUSPLUSFLAGS\=\ -DRCT_REMOVE_LEGACY_ARCH\=1\ -fmodule-map-file\=\"/Users/shashishekhar/Library/Developer/Xcode/DerivedData/RestaurantsNearMeIOS-cxlnvzrpmdwxdmausljrqbwijesy/Build/Products/Debug-iphonesimulator/SwiftUIIntrospect/SwiftUIIntrospect.modulemap\"\ -fmodule-map-file\=\"/Users/shashishekhar/Desktop/RestaurantsNearMeIOS/ios/Pods/Headers/Public/ReactCodegen/ReactCodegen.modulemap\"\ \ -DRCT_REMOVE_LEGACY_ARCH\=1\ -ivfsoverlay\ /Users/shashishekhar/Desktop/RestaurantsNearMeIOS/ios/Pods/React-Core-prebuilt/React-VFS.yaml\ -DRCT_REMOVE_LEGACY_ARCH\=1\ -DRCT_NEW_ARCH_ENABLED\=1\ \ -ivfsoverlay\ /Users/shashishekhar/Desktop/RestaurantsNearMeIOS/ios/Pods/React-Core-prebuilt/React-VFS.yaml
    export OTHER_SWIFT_FLAGS\=\ -D\ COCOAPODS\ -Xcc\ -fmodule-map-file\=\"/Users/shashishekhar/Library/Developer/Xcode/DerivedData/RestaurantsNearMeIOS-cxlnvzrpmdwxdmausljrqbwijesy/Build/Products/Debug-iphonesimulator/SwiftUIIntrospect/SwiftUIIntrospect.modulemap\"\ -Xcc\ -fmodule-map-file\=\"/Users/shashishekhar/Desktop/RestaurantsNearMeIOS/ios/Pods/Headers/Public/ReactCodegen/ReactCodegen.modulemap\"\ -import-underlying-module\ -Xcc\ -fmodule-map-file\=\"/Users/shashishekhar/Desktop/RestaurantsNearMeIOS/ios/Pods/Headers/Public/react_native_pager_view/react-native-pager-view.modulemap\"\ \ -DRCT_NEW_ARCH_ENABLED\ -Xcc\ -ivfsoverlay\ -Xcc\ /Users/shashishekhar/Desktop/RestaurantsNearMeIOS/ios/Pods/React-Core-prebuilt/React-VFS.yaml
    export PACKAGE_TYPE\=com.apple.package-type.static-library
    export PASCAL_STRINGS\=YES
    export PATH\=/Applications/Xcode.app/Contents/SharedFrameworks/SwiftBuild.framework/Versions/A/PlugIns/SWBBuildService.bundle/Contents/PlugIns/SWBUniversalPlatformPlugin.bundle/Contents/Frameworks/SWBUniversalPlatform.framework/Resources:/Applications/Xcode.app/Contents/Developer/Toolchains/XcodeDefault.xctoolchain/usr/bin:/Applications/Xcode.app/Contents/Developer/Toolchains/XcodeDefault.xctoolchain/usr/local/bin:/Applications/Xcode.app/Contents/Developer/Toolchains/XcodeDefault.xctoolchain/usr/libexec:/Applications/Xcode.app/Contents/Developer/Platforms/iPhoneSimulator.platform/usr/bin:/Applications/Xcode.app/Contents/Developer/Platforms/iPhoneSimulator.platform/usr/local/bin:/Applications/Xcode.app/Contents/Developer/Platforms/iPhoneSimulator.platform/Developer/usr/bin:/Applications/Xcode.app/Contents/Developer/Platforms/iPhoneSimulator.platform/Developer/usr/local/bin:/Applications/Xcode.app/Contents/Developer/usr/bin:/Applications/Xcode.app/Contents/Developer/usr/local/bin:/Users/shashishekhar/Library/Application\ Support/Code/User/globalStorage/github.copilot-chat/debugCommand:/Users/shashishekhar/Library/Application\ Support/Code/User/globalStorage/github.copilot-chat/copilotCli:/usr/local/bin:/System/Cryptexes/App/usr/bin:/usr/bin:/bin:/usr/sbin:/sbin:/var/run/com.apple.security.cryptexd/codex.system/bootstrap/usr/local/bin:/var/run/com.apple.security.cryptexd/codex.system/bootstrap/usr/bin:/var/run/com.apple.security.cryptexd/codex.system/bootstrap/usr/appleinternal/bin:/opt/pkg/env/active/bin:/opt/pmk/env/global/bin:/Library/Apple/usr/bin:/opt/homebrew/bin
    export PATH_PREFIXES_EXCLUDED_FROM_HEADER_DEPENDENCIES\=/usr/include\ /usr/local/include\ /System/Library/Frameworks\ /System/Library/PrivateFrameworks\ /Applications/Xcode.app/Contents/Developer/Headers\ /Applications/Xcode.app/Contents/Developer/SDKs\ /Applications/Xcode.app/Contents/Developer/Platforms
    export PER_ARCH_MODULE_FILE_DIR\=/Users/shashishekhar/Library/Developer/Xcode/DerivedData/RestaurantsNearMeIOS-cxlnvzrpmdwxdmausljrqbwijesy/Build/Intermediates.noindex/Pods.build/Debug-iphonesimulator/react-native-pager-view.build/Objects-normal/undefined_arch
    export PER_ARCH_OBJECT_FILE_DIR\=/Users/shashishekhar/Library/Developer/Xcode/DerivedData/RestaurantsNearMeIOS-cxlnvzrpmdwxdmausljrqbwijesy/Build/Intermediates.noindex/Pods.build/Debug-iphonesimulator/react-native-pager-view.build/Objects-normal/undefined_arch
    export PER_VARIANT_OBJECT_FILE_DIR\=/Users/shashishekhar/Library/Developer/Xcode/DerivedData/RestaurantsNearMeIOS-cxlnvzrpmdwxdmausljrqbwijesy/Build/Intermediates.noindex/Pods.build/Debug-iphonesimulator/react-native-pager-view.build/Objects-normal
    export PKGINFO_FILE_PATH\=/Users/shashishekhar/Library/Developer/Xcode/DerivedData/RestaurantsNearMeIOS-cxlnvzrpmdwxdmausljrqbwijesy/Build/Intermediates.noindex/Pods.build/Debug-iphonesimulator/react-native-pager-view.build/PkgInfo
    export PLATFORM_DEVELOPER_APPLICATIONS_DIR\=/Applications/Xcode.app/Contents/Developer/Platforms/iPhoneSimulator.platform/Developer/Applications
    export PLATFORM_DEVELOPER_BIN_DIR\=/Applications/Xcode.app/Contents/Developer/Platforms/iPhoneSimulator.platform/Developer/usr/bin
    export PLATFORM_DEVELOPER_LIBRARY_DIR\=/Applications/Xcode.app/Contents/Developer/Platforms/iPhoneSimulator.platform/Developer/Library
    export PLATFORM_DEVELOPER_SDK_DIR\=/Applications/Xcode.app/Contents/Developer/Platforms/iPhoneSimulator.platform/Developer/SDKs
    export PLATFORM_DEVELOPER_TOOLS_DIR\=/Applications/Xcode.app/Contents/Developer/Platforms/iPhoneSimulator.platform/Developer/Tools
    export PLATFORM_DEVELOPER_USR_DIR\=/Applications/Xcode.app/Contents/Developer/Platforms/iPhoneSimulator.platform/Developer/usr
    export PLATFORM_DIR\=/Applications/Xcode.app/Contents/Developer/Platforms/iPhoneSimulator.platform
    export PLATFORM_DISPLAY_NAME\=iOS\ Simulator
    export PLATFORM_FAMILY_NAME\=iOS
    export PLATFORM_NAME\=iphonesimulator
    export PLATFORM_PREFERRED_ARCH\=x86_64
    export PLATFORM_PRODUCT_BUILD_VERSION\=23F81a
    export PLATFORM_REQUIRES_SWIFT_AUTOLINK_EXTRACT\=NO
    export PLATFORM_REQUIRES_SWIFT_MODULEWRAP\=NO
    export PLATFORM_USES_DSYMS\=YES
    export PLIST_FILE_OUTPUT_FORMAT\=binary
    export PODFILE_DIR\=/Users/shashishekhar/Desktop/RestaurantsNearMeIOS/ios/Pods/..
    export PODS_BUILD_DIR\=/Users/shashishekhar/Library/Developer/Xcode/DerivedData/RestaurantsNearMeIOS-cxlnvzrpmdwxdmausljrqbwijesy/Build/Products
    export PODS_CONFIGURATION_BUILD_DIR\=/Users/shashishekhar/Library/Developer/Xcode/DerivedData/RestaurantsNearMeIOS-cxlnvzrpmdwxdmausljrqbwijesy/Build/Products/Debug-iphonesimulator
    export PODS_DEVELOPMENT_LANGUAGE\=en
    export PODS_ROOT\=/Users/shashishekhar/Desktop/RestaurantsNearMeIOS/ios/Pods
    export PODS_TARGET_SRCROOT\=/Users/shashishekhar/Desktop/RestaurantsNearMeIOS/ios/Pods/../../node_modules/react-native-pager-view
    export PODS_XCFRAMEWORKS_BUILD_DIR\=/Users/shashishekhar/Library/Developer/Xcode/DerivedData/RestaurantsNearMeIOS-cxlnvzrpmdwxdmausljrqbwijesy/Build/Products/Debug-iphonesimulator/XCFrameworkIntermediates
    export PRECOMPS_INCLUDE_HEADERS_FROM_BUILT_PRODUCTS_DIR\=YES
    export PRECOMP_DESTINATION_DIR\=/Users/shashishekhar/Library/Developer/Xcode/DerivedData/RestaurantsNearMeIOS-cxlnvzrpmdwxdmausljrqbwijesy/Build/Intermediates.noindex/Pods.build/Debug-iphonesimulator/react-native-pager-view.build/PrefixHeaders
    export PROCESSED_INFOPLIST_PATH\=/Users/shashishekhar/Library/Developer/Xcode/DerivedData/RestaurantsNearMeIOS-cxlnvzrpmdwxdmausljrqbwijesy/Build/Intermediates.noindex/Pods.build/Debug-iphonesimulator/react-native-pager-view.build/Objects-normal/undefined_arch/Processed-Info.plist
    export PRODUCT_BUNDLE_IDENTIFIER\=org.cocoapods.react-native-pager-view
    export PRODUCT_MODULE_NAME\=react_native_pager_view
    export PRODUCT_NAME\=react-native-pager-view
    export PRODUCT_SETTINGS_PATH\=
    export PRODUCT_TYPE\=com.apple.product-type.library.static
    export PROFILING_CODE\=NO
    export PROJECT\=Pods
    export PROJECT_DERIVED_FILE_DIR\=/Users/shashishekhar/Library/Developer/Xcode/DerivedData/RestaurantsNearMeIOS-cxlnvzrpmdwxdmausljrqbwijesy/Build/Intermediates.noindex/Pods.build/DerivedSources
    export PROJECT_DIR\=/Users/shashishekhar/Desktop/RestaurantsNearMeIOS/ios/Pods
    export PROJECT_FILE_PATH\=/Users/shashishekhar/Desktop/RestaurantsNearMeIOS/ios/Pods/Pods.xcodeproj
    export PROJECT_GUID\=8699adb1dd336b26511df848a716bd42
    export PROJECT_NAME\=Pods
    export PROJECT_TEMP_DIR\=/Users/shashishekhar/Library/Developer/Xcode/DerivedData/RestaurantsNearMeIOS-cxlnvzrpmdwxdmausljrqbwijesy/Build/Intermediates.noindex/Pods.build
    export PROJECT_TEMP_ROOT\=/Users/shashishekhar/Library/Developer/Xcode/DerivedData/RestaurantsNearMeIOS-cxlnvzrpmdwxdmausljrqbwijesy/Build/Intermediates.noindex
    export REACT_NATIVE_PATH\=/Users/shashishekhar/Desktop/RestaurantsNearMeIOS/ios/Pods/../../node_modules/react-native
    export RECOMMENDED_IPHONEOS_DEPLOYMENT_TARGET\=15.0
    export RECURSIVE_SEARCH_PATHS_FOLLOW_SYMLINKS\=YES
    export REMOVE_CVS_FROM_RESOURCES\=YES
    export REMOVE_GIT_FROM_RESOURCES\=YES
    export REMOVE_HEADERS_FROM_EMBEDDED_BUNDLES\=YES
    export REMOVE_HG_FROM_RESOURCES\=YES
    export REMOVE_STATIC_EXECUTABLES_FROM_EMBEDDED_BUNDLES\=YES
    export REMOVE_SVN_FROM_RESOURCES\=YES
    export RESCHEDULE_INDEPENDENT_HEADERS_PHASES\=YES
    export REZ_COLLECTOR_DIR\=/Users/shashishekhar/Library/Developer/Xcode/DerivedData/RestaurantsNearMeIOS-cxlnvzrpmdwxdmausljrqbwijesy/Build/Intermediates.noindex/Pods.build/Debug-iphonesimulator/react-native-pager-view.build/ResourceManagerResources
    export REZ_EXECUTABLE\=YES
    export REZ_OBJECTS_DIR\=/Users/shashishekhar/Library/Developer/Xcode/DerivedData/RestaurantsNearMeIOS-cxlnvzrpmdwxdmausljrqbwijesy/Build/Intermediates.noindex/Pods.build/Debug-iphonesimulator/react-native-pager-view.build/ResourceManagerResources/Objects
    export REZ_SEARCH_PATHS\=/Users/shashishekhar/Library/Developer/Xcode/DerivedData/RestaurantsNearMeIOS-cxlnvzrpmdwxdmausljrqbwijesy/Build/Products/Debug-iphonesimulator/react-native-pager-view\ 
    export RPATH_ORIGIN\=@loader_path
    export RUNTIME_EXCEPTION_ALLOW_DYLD_ENVIRONMENT_VARIABLES\=NO
    export RUNTIME_EXCEPTION_ALLOW_JIT\=NO
    export RUNTIME_EXCEPTION_ALLOW_UNSIGNED_EXECUTABLE_MEMORY\=NO
    export RUNTIME_EXCEPTION_DEBUGGING_TOOL\=NO
    export RUNTIME_EXCEPTION_DISABLE_EXECUTABLE_PAGE_PROTECTION\=NO
    export RUNTIME_EXCEPTION_DISABLE_LIBRARY_VALIDATION\=NO
    export SCANNING_PCM_KEEP_CACHE_DIRECTORY\=YES
    export SCAN_ALL_SOURCE_FILES_FOR_INCLUDES\=NO
    export SCRIPT_INPUT_FILE_0\=/Users/shashishekhar/Library/Developer/Xcode/DerivedData/RestaurantsNearMeIOS-cxlnvzrpmdwxdmausljrqbwijesy/Build/Intermediates.noindex/Pods.build/Debug-iphonesimulator/react-native-pager-view.build/DerivedSources/react_native_pager_view-Swift.h
    export SCRIPT_INPUT_FILE_1\=/Users/shashishekhar/Desktop/RestaurantsNearMeIOS/ios/Pods/Headers/Public/react_native_pager_view/react-native-pager-view.modulemap
    export SCRIPT_INPUT_FILE_2\=/Users/shashishekhar/Desktop/RestaurantsNearMeIOS/ios/Pods/Headers/Public/react_native_pager_view/react-native-pager-view-umbrella.h
    export SCRIPT_INPUT_FILE_COUNT\=3
    export SCRIPT_INPUT_FILE_LIST_COUNT\=0
    export SCRIPT_OUTPUT_FILE_0\=/Users/shashishekhar/Library/Developer/Xcode/DerivedData/RestaurantsNearMeIOS-cxlnvzrpmdwxdmausljrqbwijesy/Build/Products/Debug-iphonesimulator/react-native-pager-view/react_native_pager_view.modulemap
    export SCRIPT_OUTPUT_FILE_1\=/Users/shashishekhar/Library/Developer/Xcode/DerivedData/RestaurantsNearMeIOS-cxlnvzrpmdwxdmausljrqbwijesy/Build/Products/Debug-iphonesimulator/react-native-pager-view/react-native-pager-view-umbrella.h
    export SCRIPT_OUTPUT_FILE_2\=/Users/shashishekhar/Library/Developer/Xcode/DerivedData/RestaurantsNearMeIOS-cxlnvzrpmdwxdmausljrqbwijesy/Build/Products/Debug-iphonesimulator/react-native-pager-view/Swift\ Compatibility\ Header/react_native_pager_view-Swift.h
    export SCRIPT_OUTPUT_FILE_COUNT\=3
    export SCRIPT_OUTPUT_FILE_LIST_COUNT\=0
    export SDKROOT\=/Applications/Xcode.app/Contents/Developer/Platforms/iPhoneSimulator.platform/Developer/SDKs/iPhoneSimulator26.5.sdk
    export SDK_DIR\=/Applications/Xcode.app/Contents/Developer/Platforms/iPhoneSimulator.platform/Developer/SDKs/iPhoneSimulator26.5.sdk
    export SDK_DIR_iphonesimulator\=/Applications/Xcode.app/Contents/Developer/Platforms/iPhoneSimulator.platform/Developer/SDKs/iPhoneSimulator26.5.sdk
    export SDK_DIR_iphonesimulator26_5\=/Applications/Xcode.app/Contents/Developer/Platforms/iPhoneSimulator.platform/Developer/SDKs/iPhoneSimulator26.5.sdk
    export SDK_NAME\=iphonesimulator26.5
    export SDK_NAMES\=iphonesimulator26.5
    export SDK_PRODUCT_BUILD_VERSION\=23F81a
    export SDK_STAT_CACHE_DIR\=/Users/shashishekhar/Library/Developer/Xcode/DerivedData
    export SDK_STAT_CACHE_ENABLE\=YES
    export SDK_STAT_CACHE_PATH\=/Users/shashishekhar/Library/Developer/Xcode/DerivedData/SDKStatCaches.noindex/iphonesimulator26.5-23F81a-6cfe768891a92b912361537c460fe42b.sdkstatcache
    export SDK_VERSION\=26.5
    export SDK_VERSION_ACTUAL\=260500
    export SDK_VERSION_MAJOR\=260000
    export SDK_VERSION_MINOR\=260500
    export SED\=/usr/bin/sed
    export SEPARATE_STRIP\=NO
    export SEPARATE_SYMBOL_EDIT\=NO
    export SET_DIR_MODE_OWNER_GROUP\=YES
    export SET_FILE_MODE_OWNER_GROUP\=NO
    export SHALLOW_BUNDLE\=NO
    export SHARED_DERIVED_FILE_DIR\=/Users/shashishekhar/Library/Developer/Xcode/DerivedData/RestaurantsNearMeIOS-cxlnvzrpmdwxdmausljrqbwijesy/Build/Products/Debug-iphonesimulator/react-native-pager-view/DerivedSources
    export SHARED_PRECOMPS_DIR\=/Users/shashishekhar/Library/Developer/Xcode/DerivedData/RestaurantsNearMeIOS-cxlnvzrpmdwxdmausljrqbwijesy/Build/Intermediates.noindex/PrecompiledHeaders
    export SKIP_INSTALL\=YES
    export SKIP_MERGEABLE_LIBRARY_BUNDLE_HOOK\=NO
    export SOURCE_ROOT\=/Users/shashishekhar/Desktop/RestaurantsNearMeIOS/ios/Pods
    export SRCROOT\=/Users/shashishekhar/Desktop/RestaurantsNearMeIOS/ios/Pods
    export STRINGSDATA_DIR\=/Users/shashishekhar/Library/Developer/Xcode/DerivedData/RestaurantsNearMeIOS-cxlnvzrpmdwxdmausljrqbwijesy/Build/Intermediates.noindex/Pods.build/Debug-iphonesimulator/react-native-pager-view.build/Objects-normal/undefined_arch
    export STRINGSDATA_ROOT\=/Users/shashishekhar/Library/Developer/Xcode/DerivedData/RestaurantsNearMeIOS-cxlnvzrpmdwxdmausljrqbwijesy/Build/Intermediates.noindex/Pods.build/Debug-iphonesimulator/react-native-pager-view.build
    export STRINGS_FILE_INFOPLIST_RENAME\=YES
    export STRINGS_FILE_OUTPUT_ENCODING\=binary
    export STRING_CATALOG_GENERATE_SYMBOLS\=NO
    export STRIP_BITCODE_FROM_COPIED_FILES\=NO
    export STRIP_INSTALLED_PRODUCT\=NO
    export STRIP_STYLE\=debugging
    export STRIP_SWIFT_SYMBOLS\=YES
    export SUPPORTED_DEVICE_FAMILIES\=1,2
    export SUPPORTED_PLATFORMS\=iphoneos\ iphonesimulator
    export SUPPORTS_TEXT_BASED_API\=NO
    export SUPPRESS_WARNINGS\=NO
    export SWIFT_ACTIVE_COMPILATION_CONDITIONS\=\ DEBUG\ 
    export SWIFT_EMIT_CONST_VALUE_PROTOCOLS\=AnyResolverProviding\ AppEntity\ AppEnum\ AppExtension\ AppIntent\ AppIntentsPackage\ AppShortcutProviding\ AppShortcutsProvider\ AppUnionValue\ AppUnionValueCasesProviding\ DynamicOptionsProvider\ EntityQuery\ ExtensionPointDefining\ IntentValueQuery\ Resolver\ TransientEntity\ _AssistantIntentsProvider\ _GenerativeFunctionExtractable\ _IntentValueRepresentable
    export SWIFT_EMIT_LOC_STRINGS\=NO
    export SWIFT_ENABLE_EXPLICIT_MODULES\=NO
    export SWIFT_INCLUDE_PATHS\=/Users/shashishekhar/Library/Developer/Xcode/DerivedData/RestaurantsNearMeIOS-cxlnvzrpmdwxdmausljrqbwijesy/Build/Products/Debug-iphonesimulator/react-native-pager-view\ \ \"/Users/shashishekhar/Library/Developer/Xcode/DerivedData/RestaurantsNearMeIOS-cxlnvzrpmdwxdmausljrqbwijesy/Build/Products/Debug-iphonesimulator/SwiftUIIntrospect\"
    export SWIFT_INSTALL_OBJC_HEADER\=YES
    export SWIFT_OPTIMIZATION_LEVEL\=-Onone
    export SWIFT_PLATFORM_TARGET_PREFIX\=ios
    export SWIFT_RESPONSE_FILE_PATH_normal_arm64\=/Users/shashishekhar/Library/Developer/Xcode/DerivedData/RestaurantsNearMeIOS-cxlnvzrpmdwxdmausljrqbwijesy/Build/Intermediates.noindex/Pods.build/Debug-iphonesimulator/react-native-pager-view.build/Objects-normal/arm64/react-native-pager-view.SwiftFileList
    export SWIFT_RESPONSE_FILE_PATH_normal_x86_64\=/Users/shashishekhar/Library/Developer/Xcode/DerivedData/RestaurantsNearMeIOS-cxlnvzrpmdwxdmausljrqbwijesy/Build/Intermediates.noindex/Pods.build/Debug-iphonesimulator/react-native-pager-view.build/Objects-normal/x86_64/react-native-pager-view.SwiftFileList
    export SWIFT_VERSION\=5.0
    export SYMROOT\=/Users/shashishekhar/Library/Developer/Xcode/DerivedData/RestaurantsNearMeIOS-cxlnvzrpmdwxdmausljrqbwijesy/Build/Products
    export SYSTEM_ADMIN_APPS_DIR\=/Applications/Utilities
    export SYSTEM_APPS_DIR\=/Applications
    export SYSTEM_CORE_SERVICES_DIR\=/System/Library/CoreServices
    export SYSTEM_DEMOS_DIR\=/Applications/Extras
    export SYSTEM_DEVELOPER_APPS_DIR\=/Applications/Xcode.app/Contents/Developer/Applications
    export SYSTEM_DEVELOPER_BIN_DIR\=/Applications/Xcode.app/Contents/Developer/usr/bin
    export SYSTEM_DEVELOPER_DEMOS_DIR\=/Applications/Xcode.app/Contents/Developer/Applications/Utilities/Built\ Examples
    export SYSTEM_DEVELOPER_DIR\=/Applications/Xcode.app/Contents/Developer
    export SYSTEM_DEVELOPER_DOC_DIR\=/Applications/Xcode.app/Contents/Developer/ADC\ Reference\ Library
    export SYSTEM_DEVELOPER_GRAPHICS_TOOLS_DIR\=/Applications/Xcode.app/Contents/Developer/Applications/Graphics\ Tools
    export SYSTEM_DEVELOPER_JAVA_TOOLS_DIR\=/Applications/Xcode.app/Contents/Developer/Applications/Java\ Tools
    export SYSTEM_DEVELOPER_PERFORMANCE_TOOLS_DIR\=/Applications/Xcode.app/Contents/Developer/Applications/Performance\ Tools
    export SYSTEM_DEVELOPER_RELEASENOTES_DIR\=/Applications/Xcode.app/Contents/Developer/ADC\ Reference\ Library/releasenotes
    export SYSTEM_DEVELOPER_TOOLS\=/Applications/Xcode.app/Contents/Developer/Tools
    export SYSTEM_DEVELOPER_TOOLS_DOC_DIR\=/Applications/Xcode.app/Contents/Developer/ADC\ Reference\ Library/documentation/DeveloperTools
    export SYSTEM_DEVELOPER_TOOLS_RELEASENOTES_DIR\=/Applications/Xcode.app/Contents/Developer/ADC\ Reference\ Library/releasenotes/DeveloperTools
    export SYSTEM_DEVELOPER_USR_DIR\=/Applications/Xcode.app/Contents/Developer/usr
    export SYSTEM_DEVELOPER_UTILITIES_DIR\=/Applications/Xcode.app/Contents/Developer/Applications/Utilities
    export SYSTEM_DEXT_INSTALL_PATH\=/System/Library/DriverExtensions
    export SYSTEM_DOCUMENTATION_DIR\=/Library/Documentation
    export SYSTEM_KEXT_INSTALL_PATH\=/System/Library/Extensions
    export SYSTEM_LIBRARY_DIR\=/System/Library
    export TAPI_DEMANGLE\=YES
    export TAPI_ENABLE_PROJECT_HEADERS\=NO
    export TAPI_LANGUAGE\=objective-c
    export TAPI_LANGUAGE_STANDARD\=compiler-default
    export TAPI_USE_SRCROOT\=YES
    export TAPI_VERIFY_MODE\=Pedantic
    export TARGETED_DEVICE_FAMILY\=1,2
    export TARGETNAME\=react-native-pager-view
    export TARGET_BUILD_DIR\=/Users/shashishekhar/Library/Developer/Xcode/DerivedData/RestaurantsNearMeIOS-cxlnvzrpmdwxdmausljrqbwijesy/Build/Products/Debug-iphonesimulator/react-native-pager-view
    export TARGET_NAME\=react-native-pager-view
    export TARGET_TEMP_DIR\=/Users/shashishekhar/Library/Developer/Xcode/DerivedData/RestaurantsNearMeIOS-cxlnvzrpmdwxdmausljrqbwijesy/Build/Intermediates.noindex/Pods.build/Debug-iphonesimulator/react-native-pager-view.build
    export TEMP_DIR\=/Users/shashishekhar/Library/Developer/Xcode/DerivedData/RestaurantsNearMeIOS-cxlnvzrpmdwxdmausljrqbwijesy/Build/Intermediates.noindex/Pods.build/Debug-iphonesimulator/react-native-pager-view.build
    export TEMP_FILES_DIR\=/Users/shashishekhar/Library/Developer/Xcode/DerivedData/RestaurantsNearMeIOS-cxlnvzrpmdwxdmausljrqbwijesy/Build/Intermediates.noindex/Pods.build/Debug-iphonesimulator/react-native-pager-view.build
    export TEMP_FILE_DIR\=/Users/shashishekhar/Library/Developer/Xcode/DerivedData/RestaurantsNearMeIOS-cxlnvzrpmdwxdmausljrqbwijesy/Build/Intermediates.noindex/Pods.build/Debug-iphonesimulator/react-native-pager-view.build
    export TEMP_ROOT\=/Users/shashishekhar/Library/Developer/Xcode/DerivedData/RestaurantsNearMeIOS-cxlnvzrpmdwxdmausljrqbwijesy/Build/Intermediates.noindex
    export TEMP_SANDBOX_DIR\=/Users/shashishekhar/Library/Developer/Xcode/DerivedData/RestaurantsNearMeIOS-cxlnvzrpmdwxdmausljrqbwijesy/Build/Intermediates.noindex/TemporaryTaskSandboxes
    export TEST_FRAMEWORK_SEARCH_PATHS\=\ /Applications/Xcode.app/Contents/Developer/Platforms/iPhoneSimulator.platform/Developer/Library/Frameworks\ /Applications/Xcode.app/Contents/Developer/Platforms/iPhoneSimulator.platform/Developer/SDKs/iPhoneSimulator26.5.sdk/Developer/Library/Frameworks
    export TEST_LIBRARY_SEARCH_PATHS\=\ /Applications/Xcode.app/Contents/Developer/Platforms/iPhoneSimulator.platform/Developer/usr/lib
    export TOOLCHAINS\=com.apple.dt.toolchain.XcodeDefault
    export TOOLCHAIN_DIR\=/Applications/Xcode.app/Contents/Developer/Toolchains/XcodeDefault.xctoolchain
    export TREAT_MISSING_BASELINES_AS_TEST_FAILURES\=NO
    export TREAT_MISSING_SCRIPT_PHASE_OUTPUTS_AS_ERRORS\=NO
    export UID\=501
    export UNINSTALLED_PRODUCTS_DIR\=/Users/shashishekhar/Library/Developer/Xcode/DerivedData/RestaurantsNearMeIOS-cxlnvzrpmdwxdmausljrqbwijesy/Build/Intermediates.noindex/UninstalledProducts
    export UNSTRIPPED_PRODUCT\=NO
    export USER\=shashishekhar
    export USER_APPS_DIR\=/Users/shashishekhar/Applications
    export USER_LIBRARY_DIR\=/Users/shashishekhar/Library
    export USE_DYNAMIC_NO_PIC\=YES
    export USE_HEADERMAP\=YES
    export USE_HEADER_SYMLINKS\=NO
    export USE_HERMES\=true
    export USE_RECURSIVE_SCRIPT_INPUTS_IN_SCRIPT_PHASES\=YES
    export VALIDATE_DEVELOPMENT_ASSET_PATHS\=YES_ERROR
    export VALIDATE_PRODUCT\=NO
    export VALID_ARCHS\=arm64\ x86_64
    export VERBOSE_PBXCP\=NO
    export VERSION_INFO_BUILDER\=shashishekhar
    export VERSION_INFO_FILE\=react-native-pager-view_vers.c
    export VERSION_INFO_STRING\=\"@\(\#\)PROGRAM:react-native-pager-view\ \ PROJECT:Pods-\"
    export WORKSPACE_DIR\=/Users/shashishekhar/Desktop/RestaurantsNearMeIOS/ios
    export WRAP_ASSET_PACKS_IN_SEPARATE_DIRECTORIES\=NO
    export XCODE_APP_SUPPORT_DIR\=/Applications/Xcode.app/Contents/Developer/Library/Xcode
    export XCODE_PRODUCT_BUILD_VERSION\=17F113
    export XCODE_VERSION_ACTUAL\=2660
    export XCODE_VERSION_MAJOR\=2600
    export XCODE_VERSION_MINOR\=2660
    export XPCSERVICES_FOLDER_PATH\=/XPCServices
    export YACC\=yacc
    export _DISCOVER_COMMAND_LINE_LINKER_INPUTS\=YES
    export _DISCOVER_COMMAND_LINE_LINKER_INPUTS_INCLUDE_WL\=YES
    export _LD_MULTIARCH\=YES
    export __DIAGNOSE_DEPRECATED_ARCHS\=YES
    export __ORIGINAL_SDK_DEFINED_LLVM_TARGET_TRIPLE_SYS\=ios
    export arch\=undefined_arch
    export variant\=normal
    /bin/sh -c /Users/shashishekhar/Library/Developer/Xcode/DerivedData/RestaurantsNearMeIOS-cxlnvzrpmdwxdmausljrqbwijesy/Build/Intermediates.noindex/Pods.build/Debug-iphonesimulator/react-native-pager-view.build/Script-46EB2E0001AAA0.sh

ExtractAppIntentsMetadata (in target 'react-native-pager-view' from project 'Pods')
    cd /Users/shashishekhar/Desktop/RestaurantsNearMeIOS/ios/Pods
    /Applications/Xcode.app/Contents/Developer/Toolchains/XcodeDefault.xctoolchain/usr/bin/appintentsmetadataprocessor --toolchain-dir /Applications/Xcode.app/Contents/Developer/Toolchains/XcodeDefault.xctoolchain --module-name react_native_pager_view --sdk-root /Applications/Xcode.app/Contents/Developer/Platforms/iPhoneSimulator.platform/Developer/SDKs/iPhoneSimulator26.5.sdk --xcode-version 17F113 --platform-family iOS --deployment-target 15.1 --bundle-identifier org.cocoapods.react-native-pager-view --output /Users/shashishekhar/Library/Developer/Xcode/DerivedData/RestaurantsNearMeIOS-cxlnvzrpmdwxdmausljrqbwijesy/Build/Products/Debug-iphonesimulator/react-native-pager-view/react_native_pager_view.appintents --target-triple arm64-apple-ios15.1-simulator --target-triple x86_64-apple-ios15.1-simulator --binary-file /Users/shashishekhar/Library/Developer/Xcode/DerivedData/RestaurantsNearMeIOS-cxlnvzrpmdwxdmausljrqbwijesy/Build/Products/Debug-iphonesimulator/react-native-pager-view/libreact-native-pager-view.a --dependency-file /Users/shashishekhar/Library/Developer/Xcode/DerivedData/RestaurantsNearMeIOS-cxlnvzrpmdwxdmausljrqbwijesy/Build/Intermediates.noindex/Pods.build/Debug-iphonesimulator/react-native-pager-view.build/Objects-normal/arm64/react-native-pager-view_libtool_dependency_info.dat --dependency-file /Users/shashishekhar/Library/Developer/Xcode/DerivedData/RestaurantsNearMeIOS-cxlnvzrpmdwxdmausljrqbwijesy/Build/Intermediates.noindex/Pods.build/Debug-iphonesimulator/react-native-pager-view.build/Objects-normal/x86_64/react-native-pager-view_libtool_dependency_info.dat --stringsdata-file /Users/shashishekhar/Library/Developer/Xcode/DerivedData/RestaurantsNearMeIOS-cxlnvzrpmdwxdmausljrqbwijesy/Build/Intermediates.noindex/Pods.build/Debug-iphonesimulator/react-native-pager-view.build/Objects-normal/arm64/ExtractedAppShortcutsMetadata.stringsdata --stringsdata-file /Users/shashishekhar/Library/Developer/Xcode/DerivedData/RestaurantsNearMeIOS-cxlnvzrpmdwxdmausljrqbwijesy/Build/Intermediates.noindex/Pods.build/Debug-iphonesimulator/react-native-pager-view.build/Objects-normal/x86_64/ExtractedAppShortcutsMetadata.stringsdata --source-file-list /Users/shashishekhar/Library/Developer/Xcode/DerivedData/RestaurantsNearMeIOS-cxlnvzrpmdwxdmausljrqbwijesy/Build/Intermediates.noindex/Pods.build/Debug-iphonesimulator/react-native-pager-view.build/Objects-normal/arm64/react-native-pager-view.SwiftFileList --source-file-list /Users/shashishekhar/Library/Developer/Xcode/DerivedData/RestaurantsNearMeIOS-cxlnvzrpmdwxdmausljrqbwijesy/Build/Intermediates.noindex/Pods.build/Debug-iphonesimulator/react-native-pager-view.build/Objects-normal/x86_64/react-native-pager-view.SwiftFileList --metadata-file-list /Users/shashishekhar/Library/Developer/Xcode/DerivedData/RestaurantsNearMeIOS-cxlnvzrpmdwxdmausljrqbwijesy/Build/Intermediates.noindex/Pods.build/Debug-iphonesimulator/react-native-pager-view.build/react-native-pager-view.DependencyMetadataFileList --static-metadata-file-list /Users/shashishekhar/Library/Developer/Xcode/DerivedData/RestaurantsNearMeIOS-cxlnvzrpmdwxdmausljrqbwijesy/Build/Intermediates.noindex/Pods.build/Debug-iphonesimulator/react-native-pager-view.build/react-native-pager-view.DependencyStaticMetadataFileList --swift-const-vals-list /Users/shashishekhar/Library/Developer/Xcode/DerivedData/RestaurantsNearMeIOS-cxlnvzrpmdwxdmausljrqbwijesy/Build/Intermediates.noindex/Pods.build/Debug-iphonesimulator/react-native-pager-view.build/Objects-normal/arm64/react-native-pager-view.SwiftConstValuesFileList --swift-const-vals-list /Users/shashishekhar/Library/Developer/Xcode/DerivedData/RestaurantsNearMeIOS-cxlnvzrpmdwxdmausljrqbwijesy/Build/Intermediates.noindex/Pods.build/Debug-iphonesimulator/react-native-pager-view.build/Objects-normal/x86_64/react-native-pager-view.SwiftConstValuesFileList --force --compile-time-extraction --deployment-aware-processing --validate-assistant-intents --no-app-shortcuts-localization
2026-08-10 15:42:57.636 appintentsmetadataprocessor[98618:31725026] Starting appintentsmetadataprocessor export
2026-08-10 15:42:57.646 appintentsmetadataprocessor[98618:31725026] Extracted no relevant App Intents symbols, skipping writing output

CompileC /Users/shashishekhar/Library/Developer/Xcode/DerivedData/RestaurantsNearMeIOS-cxlnvzrpmdwxdmausljrqbwijesy/Build/Intermediates.noindex/Pods.build/Debug-iphonesimulator/Pods-RestaurantsNearMeIOS.build/Objects-normal/arm64/Pods-RestaurantsNearMeIOS-dummy.o /Users/shashishekhar/Desktop/RestaurantsNearMeIOS/ios/Pods/Target\ Support\ Files/Pods-RestaurantsNearMeIOS/Pods-RestaurantsNearMeIOS-dummy.m normal arm64 objective-c com.apple.compilers.llvm.clang.1_0.compiler (in target 'Pods-RestaurantsNearMeIOS' from project 'Pods')
    cd /Users/shashishekhar/Desktop/RestaurantsNearMeIOS/ios/Pods
    
    Using response file: /Users/shashishekhar/Library/Developer/Xcode/DerivedData/RestaurantsNearMeIOS-cxlnvzrpmdwxdmausljrqbwijesy/Build/Intermediates.noindex/Pods.build/Debug-iphonesimulator/Pods-RestaurantsNearMeIOS.build/Objects-normal/arm64/e6072d4f65d7061329687fe24e3d63a7-common-args.resp
    
    /Applications/Xcode.app/Contents/Developer/Toolchains/XcodeDefault.xctoolchain/usr/bin/clang -x objective-c -ivfsstatcache /Users/shashishekhar/Library/Developer/Xcode/DerivedData/SDKStatCaches.noindex/iphonesimulator26.5-23F81a-6cfe768891a92b912361537c460fe42b.sdkstatcache -target arm64-apple-ios15.1-simulator -fmessage-length\=0 -fdiagnostics-show-note-include-stack -fmacro-backtrace-limit\=0 -fno-color-diagnostics -fmodules-prune-interval\=86400 -fmodules-prune-after\=345600 -fbuild-session-file\=/Users/shashishekhar/Library/Developer/Xcode/DerivedData/ModuleCache.noindex/Session.modulevalidation -fmodules-validate-once-per-build-session -Wno-trigraphs -Wno-missing-field-initializers -Wno-missing-prototypes -Werror\=return-type -Wdocumentation -Wunreachable-code -Wno-implicit-atomic-properties -Werror\=deprecated-objc-isa-usage -Wno-objc-interface-ivars -Werror\=objc-root-class -Wno-arc-repeated-use-of-weak -Wimplicit-retain-self -Wduplicate-method-match -Wno-missing-braces -Wparentheses -Wswitch -Wunused-function -Wno-unused-label -Wno-unused-parameter -Wunused-variable -Wunused-value -Wempty-body -Wuninitialized -Wconditional-uninitialized -Wno-unknown-pragmas -Wno-shadow -Wno-four-char-constants -Wno-conversion -Wconstant-conversion -Wint-conversion -Wbool-conversion -Wenum-conversion -Wno-float-conversion -Wnon-literal-null-conversion -Wobjc-literal-conversion -Wshorten-64-to-32 -Wpointer-sign -Wno-newline-eof -Wno-selector -Wno-strict-selector-match -Wundeclared-selector -Wdeprecated-implementations -Wno-implicit-fallthrough -isysroot /Applications/Xcode.app/Contents/Developer/Platforms/iPhoneSimulator.platform/Developer/SDKs/iPhoneSimulator26.5.sdk -fstrict-aliasing -Wprotocol -Wdeprecated-declarations -Wno-sign-conversion -Winfinite-recursion -Wcomma -Wblock-capture-autoreleasing -Wstrict-prototypes -Wno-semicolon-before-method-body -Wunguarded-availability -index-store-path /Users/shashishekhar/Library/Developer/Xcode/DerivedData/RestaurantsNearMeIOS-cxlnvzrpmdwxdmausljrqbwijesy/Index.noindex/DataStore -Wno-comma -Wno-shorten-64-to-32 @/Users/shashishekhar/Library/Developer/Xcode/DerivedData/RestaurantsNearMeIOS-cxlnvzrpmdwxdmausljrqbwijesy/Build/Intermediates.noindex/Pods.build/Debug-iphonesimulator/Pods-RestaurantsNearMeIOS.build/Objects-normal/arm64/e6072d4f65d7061329687fe24e3d63a7-common-args.resp -MMD -MT dependencies -MF /Users/shashishekhar/Library/Developer/Xcode/DerivedData/RestaurantsNearMeIOS-cxlnvzrpmdwxdmausljrqbwijesy/Build/Intermediates.noindex/Pods.build/Debug-iphonesimulator/Pods-RestaurantsNearMeIOS.build/Objects-normal/arm64/Pods-RestaurantsNearMeIOS-dummy.d --serialize-diagnostics /Users/shashishekhar/Library/Developer/Xcode/DerivedData/RestaurantsNearMeIOS-cxlnvzrpmdwxdmausljrqbwijesy/Build/Intermediates.noindex/Pods.build/Debug-iphonesimulator/Pods-RestaurantsNearMeIOS.build/Objects-normal/arm64/Pods-RestaurantsNearMeIOS-dummy.dia -c /Users/shashishekhar/Desktop/RestaurantsNearMeIOS/ios/Pods/Target\ Support\ Files/Pods-RestaurantsNearMeIOS/Pods-RestaurantsNearMeIOS-dummy.m -o /Users/shashishekhar/Library/Developer/Xcode/DerivedData/RestaurantsNearMeIOS-cxlnvzrpmdwxdmausljrqbwijesy/Build/Intermediates.noindex/Pods.build/Debug-iphonesimulator/Pods-RestaurantsNearMeIOS.build/Objects-normal/arm64/Pods-RestaurantsNearMeIOS-dummy.o -index-unit-output-path /Pods.build/Debug-iphonesimulator/Pods-RestaurantsNearMeIOS.build/Objects-normal/arm64/Pods-RestaurantsNearMeIOS-dummy.o

CompileC /Users/shashishekhar/Library/Developer/Xcode/DerivedData/RestaurantsNearMeIOS-cxlnvzrpmdwxdmausljrqbwijesy/Build/Intermediates.noindex/Pods.build/Debug-iphonesimulator/react-native-config.build/Objects-normal/x86_64/RNCConfig.o /Users/shashishekhar/Desktop/RestaurantsNearMeIOS/node_modules/react-native-config/ios/ReactNativeConfig/RNCConfig.m normal x86_64 objective-c com.apple.compilers.llvm.clang.1_0.compiler (in target 'react-native-config' from project 'Pods')
    cd /Users/shashishekhar/Desktop/RestaurantsNearMeIOS/ios/Pods
    
    Using response file: /Users/shashishekhar/Library/Developer/Xcode/DerivedData/RestaurantsNearMeIOS-cxlnvzrpmdwxdmausljrqbwijesy/Build/Intermediates.noindex/Pods.build/Debug-iphonesimulator/react-native-config.build/Objects-normal/x86_64/e6072d4f65d7061329687fe24e3d63a7-common-args.resp
    
    /Applications/Xcode.app/Contents/Developer/Toolchains/XcodeDefault.xctoolchain/usr/bin/clang -x objective-c -ivfsstatcache /Users/shashishekhar/Library/Developer/Xcode/DerivedData/SDKStatCaches.noindex/iphonesimulator26.5-23F81a-6cfe768891a92b912361537c460fe42b.sdkstatcache -target x86_64-apple-ios15.1-simulator -fmessage-length\=0 -fdiagnostics-show-note-include-stack -fmacro-backtrace-limit\=0 -fno-color-diagnostics -fmodules-prune-interval\=86400 -fmodules-prune-after\=345600 -fbuild-session-file\=/Users/shashishekhar/Library/Developer/Xcode/DerivedData/ModuleCache.noindex/Session.modulevalidation -fmodules-validate-once-per-build-session -Wno-trigraphs -Wno-missing-field-initializers -Wno-missing-prototypes -Werror\=return-type -Wdocumentation -Wunreachable-code -Wno-implicit-atomic-properties -Werror\=deprecated-objc-isa-usage -Wno-objc-interface-ivars -Werror\=objc-root-class -Wno-arc-repeated-use-of-weak -Wimplicit-retain-self -Wduplicate-method-match -Wno-missing-braces -Wparentheses -Wswitch -Wunused-function -Wno-unused-label -Wno-unused-parameter -Wunused-variable -Wunused-value -Wempty-body -Wuninitialized -Wconditional-uninitialized -Wno-unknown-pragmas -Wno-shadow -Wno-four-char-constants -Wno-conversion -Wconstant-conversion -Wint-conversion -Wbool-conversion -Wenum-conversion -Wno-float-conversion -Wnon-literal-null-conversion -Wobjc-literal-conversion -Wshorten-64-to-32 -Wpointer-sign -Wno-newline-eof -Wno-selector -Wno-strict-selector-match -Wundeclared-selector -Wdeprecated-implementations -Wno-implicit-fallthrough -isysroot /Applications/Xcode.app/Contents/Developer/Platforms/iPhoneSimulator.platform/Developer/SDKs/iPhoneSimulator26.5.sdk -fstrict-aliasing -Wprotocol -Wdeprecated-declarations -Wno-sign-conversion -Winfinite-recursion -Wcomma -Wblock-capture-autoreleasing -Wstrict-prototypes -Wno-semicolon-before-method-body -Wunguarded-availability -index-store-path /Users/shashishekhar/Library/Developer/Xcode/DerivedData/RestaurantsNearMeIOS-cxlnvzrpmdwxdmausljrqbwijesy/Index.noindex/DataStore @/Users/shashishekhar/Library/Developer/Xcode/DerivedData/RestaurantsNearMeIOS-cxlnvzrpmdwxdmausljrqbwijesy/Build/Intermediates.noindex/Pods.build/Debug-iphonesimulator/react-native-config.build/Objects-normal/x86_64/e6072d4f65d7061329687fe24e3d63a7-common-args.resp -DRCT_NEW_ARCH_ENABLED\=1 -include /Users/shashishekhar/Desktop/RestaurantsNearMeIOS/ios/Pods/Target\ Support\ Files/react-native-config/react-native-config-prefix.pch -MMD -MT dependencies -MF /Users/shashishekhar/Library/Developer/Xcode/DerivedData/RestaurantsNearMeIOS-cxlnvzrpmdwxdmausljrqbwijesy/Build/Intermediates.noindex/Pods.build/Debug-iphonesimulator/react-native-config.build/Objects-normal/x86_64/RNCConfig.d --serialize-diagnostics /Users/shashishekhar/Library/Developer/Xcode/DerivedData/RestaurantsNearMeIOS-cxlnvzrpmdwxdmausljrqbwijesy/Build/Intermediates.noindex/Pods.build/Debug-iphonesimulator/react-native-config.build/Objects-normal/x86_64/RNCConfig.dia -c /Users/shashishekhar/Desktop/RestaurantsNearMeIOS/node_modules/react-native-config/ios/ReactNativeConfig/RNCConfig.m -o /Users/shashishekhar/Library/Developer/Xcode/DerivedData/RestaurantsNearMeIOS-cxlnvzrpmdwxdmausljrqbwijesy/Build/Intermediates.noindex/Pods.build/Debug-iphonesimulator/react-native-config.build/Objects-normal/x86_64/RNCConfig.o -index-unit-output-path /Pods.build/Debug-iphonesimulator/react-native-config.build/Objects-normal/x86_64/RNCConfig.o

CompileC /Users/shashishekhar/Library/Developer/Xcode/DerivedData/RestaurantsNearMeIOS-cxlnvzrpmdwxdmausljrqbwijesy/Build/Intermediates.noindex/Pods.build/Debug-iphonesimulator/react-native-config.build/Objects-normal/x86_64/GeneratedDotEnv.o /Users/shashishekhar/Desktop/RestaurantsNearMeIOS/node_modules/react-native-config/ios/ReactNativeConfig/GeneratedDotEnv.m normal x86_64 objective-c com.apple.compilers.llvm.clang.1_0.compiler (in target 'react-native-config' from project 'Pods')
    cd /Users/shashishekhar/Desktop/RestaurantsNearMeIOS/ios/Pods
    
    Using response file: /Users/shashishekhar/Library/Developer/Xcode/DerivedData/RestaurantsNearMeIOS-cxlnvzrpmdwxdmausljrqbwijesy/Build/Intermediates.noindex/Pods.build/Debug-iphonesimulator/react-native-config.build/Objects-normal/x86_64/e6072d4f65d7061329687fe24e3d63a7-common-args.resp
    
    /Applications/Xcode.app/Contents/Developer/Toolchains/XcodeDefault.xctoolchain/usr/bin/clang -x objective-c -ivfsstatcache /Users/shashishekhar/Library/Developer/Xcode/DerivedData/SDKStatCaches.noindex/iphonesimulator26.5-23F81a-6cfe768891a92b912361537c460fe42b.sdkstatcache -target x86_64-apple-ios15.1-simulator -fmessage-length\=0 -fdiagnostics-show-note-include-stack -fmacro-backtrace-limit\=0 -fno-color-diagnostics -fmodules-prune-interval\=86400 -fmodules-prune-after\=345600 -fbuild-session-file\=/Users/shashishekhar/Library/Developer/Xcode/DerivedData/ModuleCache.noindex/Session.modulevalidation -fmodules-validate-once-per-build-session -Wno-trigraphs -Wno-missing-field-initializers -Wno-missing-prototypes -Werror\=return-type -Wdocumentation -Wunreachable-code -Wno-implicit-atomic-properties -Werror\=deprecated-objc-isa-usage -Wno-objc-interface-ivars -Werror\=objc-root-class -Wno-arc-repeated-use-of-weak -Wimplicit-retain-self -Wduplicate-method-match -Wno-missing-braces -Wparentheses -Wswitch -Wunused-function -Wno-unused-label -Wno-unused-parameter -Wunused-variable -Wunused-value -Wempty-body -Wuninitialized -Wconditional-uninitialized -Wno-unknown-pragmas -Wno-shadow -Wno-four-char-constants -Wno-conversion -Wconstant-conversion -Wint-conversion -Wbool-conversion -Wenum-conversion -Wno-float-conversion -Wnon-literal-null-conversion -Wobjc-literal-conversion -Wshorten-64-to-32 -Wpointer-sign -Wno-newline-eof -Wno-selector -Wno-strict-selector-match -Wundeclared-selector -Wdeprecated-implementations -Wno-implicit-fallthrough -isysroot /Applications/Xcode.app/Contents/Developer/Platforms/iPhoneSimulator.platform/Developer/SDKs/iPhoneSimulator26.5.sdk -fstrict-aliasing -Wprotocol -Wdeprecated-declarations -Wno-sign-conversion -Winfinite-recursion -Wcomma -Wblock-capture-autoreleasing -Wstrict-prototypes -Wno-semicolon-before-method-body -Wunguarded-availability -index-store-path /Users/shashishekhar/Library/Developer/Xcode/DerivedData/RestaurantsNearMeIOS-cxlnvzrpmdwxdmausljrqbwijesy/Index.noindex/DataStore @/Users/shashishekhar/Library/Developer/Xcode/DerivedData/RestaurantsNearMeIOS-cxlnvzrpmdwxdmausljrqbwijesy/Build/Intermediates.noindex/Pods.build/Debug-iphonesimulator/react-native-config.build/Objects-normal/x86_64/e6072d4f65d7061329687fe24e3d63a7-common-args.resp -DRCT_NEW_ARCH_ENABLED\=1 -include /Users/shashishekhar/Desktop/RestaurantsNearMeIOS/ios/Pods/Target\ Support\ Files/react-native-config/react-native-config-prefix.pch -MMD -MT dependencies -MF /Users/shashishekhar/Library/Developer/Xcode/DerivedData/RestaurantsNearMeIOS-cxlnvzrpmdwxdmausljrqbwijesy/Build/Intermediates.noindex/Pods.build/Debug-iphonesimulator/react-native-config.build/Objects-normal/x86_64/GeneratedDotEnv.d --serialize-diagnostics /Users/shashishekhar/Library/Developer/Xcode/DerivedData/RestaurantsNearMeIOS-cxlnvzrpmdwxdmausljrqbwijesy/Build/Intermediates.noindex/Pods.build/Debug-iphonesimulator/react-native-config.build/Objects-normal/x86_64/GeneratedDotEnv.dia -c /Users/shashishekhar/Desktop/RestaurantsNearMeIOS/node_modules/react-native-config/ios/ReactNativeConfig/GeneratedDotEnv.m -o /Users/shashishekhar/Library/Developer/Xcode/DerivedData/RestaurantsNearMeIOS-cxlnvzrpmdwxdmausljrqbwijesy/Build/Intermediates.noindex/Pods.build/Debug-iphonesimulator/react-native-config.build/Objects-normal/x86_64/GeneratedDotEnv.o -index-unit-output-path /Pods.build/Debug-iphonesimulator/react-native-config.build/Objects-normal/x86_64/GeneratedDotEnv.o

CompileC /Users/shashishekhar/Library/Developer/Xcode/DerivedData/RestaurantsNearMeIOS-cxlnvzrpmdwxdmausljrqbwijesy/Build/Intermediates.noindex/Pods.build/Debug-iphonesimulator/react-native-config.build/Objects-normal/arm64/RNCConfig.o /Users/shashishekhar/Desktop/RestaurantsNearMeIOS/node_modules/react-native-config/ios/ReactNativeConfig/RNCConfig.m normal arm64 objective-c com.apple.compilers.llvm.clang.1_0.compiler (in target 'react-native-config' from project 'Pods')
    cd /Users/shashishekhar/Desktop/RestaurantsNearMeIOS/ios/Pods
    
    Using response file: /Users/shashishekhar/Library/Developer/Xcode/DerivedData/RestaurantsNearMeIOS-cxlnvzrpmdwxdmausljrqbwijesy/Build/Intermediates.noindex/Pods.build/Debug-iphonesimulator/react-native-config.build/Objects-normal/arm64/e6072d4f65d7061329687fe24e3d63a7-common-args.resp
    
    /Applications/Xcode.app/Contents/Developer/Toolchains/XcodeDefault.xctoolchain/usr/bin/clang -x objective-c -ivfsstatcache /Users/shashishekhar/Library/Developer/Xcode/DerivedData/SDKStatCaches.noindex/iphonesimulator26.5-23F81a-6cfe768891a92b912361537c460fe42b.sdkstatcache -target arm64-apple-ios15.1-simulator -fmessage-length\=0 -fdiagnostics-show-note-include-stack -fmacro-backtrace-limit\=0 -fno-color-diagnostics -fmodules-prune-interval\=86400 -fmodules-prune-after\=345600 -fbuild-session-file\=/Users/shashishekhar/Library/Developer/Xcode/DerivedData/ModuleCache.noindex/Session.modulevalidation -fmodules-validate-once-per-build-session -Wno-trigraphs -Wno-missing-field-initializers -Wno-missing-prototypes -Werror\=return-type -Wdocumentation -Wunreachable-code -Wno-implicit-atomic-properties -Werror\=deprecated-objc-isa-usage -Wno-objc-interface-ivars -Werror\=objc-root-class -Wno-arc-repeated-use-of-weak -Wimplicit-retain-self -Wduplicate-method-match -Wno-missing-braces -Wparentheses -Wswitch -Wunused-function -Wno-unused-label -Wno-unused-parameter -Wunused-variable -Wunused-value -Wempty-body -Wuninitialized -Wconditional-uninitialized -Wno-unknown-pragmas -Wno-shadow -Wno-four-char-constants -Wno-conversion -Wconstant-conversion -Wint-conversion -Wbool-conversion -Wenum-conversion -Wno-float-conversion -Wnon-literal-null-conversion -Wobjc-literal-conversion -Wshorten-64-to-32 -Wpointer-sign -Wno-newline-eof -Wno-selector -Wno-strict-selector-match -Wundeclared-selector -Wdeprecated-implementations -Wno-implicit-fallthrough -isysroot /Applications/Xcode.app/Contents/Developer/Platforms/iPhoneSimulator.platform/Developer/SDKs/iPhoneSimulator26.5.sdk -fstrict-aliasing -Wprotocol -Wdeprecated-declarations -Wno-sign-conversion -Winfinite-recursion -Wcomma -Wblock-capture-autoreleasing -Wstrict-prototypes -Wno-semicolon-before-method-body -Wunguarded-availability -index-store-path /Users/shashishekhar/Library/Developer/Xcode/DerivedData/RestaurantsNearMeIOS-cxlnvzrpmdwxdmausljrqbwijesy/Index.noindex/DataStore @/Users/shashishekhar/Library/Developer/Xcode/DerivedData/RestaurantsNearMeIOS-cxlnvzrpmdwxdmausljrqbwijesy/Build/Intermediates.noindex/Pods.build/Debug-iphonesimulator/react-native-config.build/Objects-normal/arm64/e6072d4f65d7061329687fe24e3d63a7-common-args.resp -DRCT_NEW_ARCH_ENABLED\=1 -include /Users/shashishekhar/Desktop/RestaurantsNearMeIOS/ios/Pods/Target\ Support\ Files/react-native-config/react-native-config-prefix.pch -MMD -MT dependencies -MF /Users/shashishekhar/Library/Developer/Xcode/DerivedData/RestaurantsNearMeIOS-cxlnvzrpmdwxdmausljrqbwijesy/Build/Intermediates.noindex/Pods.build/Debug-iphonesimulator/react-native-config.build/Objects-normal/arm64/RNCConfig.d --serialize-diagnostics /Users/shashishekhar/Library/Developer/Xcode/DerivedData/RestaurantsNearMeIOS-cxlnvzrpmdwxdmausljrqbwijesy/Build/Intermediates.noindex/Pods.build/Debug-iphonesimulator/react-native-config.build/Objects-normal/arm64/RNCConfig.dia -c /Users/shashishekhar/Desktop/RestaurantsNearMeIOS/node_modules/react-native-config/ios/ReactNativeConfig/RNCConfig.m -o /Users/shashishekhar/Library/Developer/Xcode/DerivedData/RestaurantsNearMeIOS-cxlnvzrpmdwxdmausljrqbwijesy/Build/Intermediates.noindex/Pods.build/Debug-iphonesimulator/react-native-config.build/Objects-normal/arm64/RNCConfig.o -index-unit-output-path /Pods.build/Debug-iphonesimulator/react-native-config.build/Objects-normal/arm64/RNCConfig.o

CompileC /Users/shashishekhar/Library/Developer/Xcode/DerivedData/RestaurantsNearMeIOS-cxlnvzrpmdwxdmausljrqbwijesy/Build/Intermediates.noindex/Pods.build/Debug-iphonesimulator/react-native-config.build/Objects-normal/arm64/GeneratedDotEnv.o /Users/shashishekhar/Desktop/RestaurantsNearMeIOS/node_modules/react-native-config/ios/ReactNativeConfig/GeneratedDotEnv.m normal arm64 objective-c com.apple.compilers.llvm.clang.1_0.compiler (in target 'react-native-config' from project 'Pods')
    cd /Users/shashishekhar/Desktop/RestaurantsNearMeIOS/ios/Pods
    
    Using response file: /Users/shashishekhar/Library/Developer/Xcode/DerivedData/RestaurantsNearMeIOS-cxlnvzrpmdwxdmausljrqbwijesy/Build/Intermediates.noindex/Pods.build/Debug-iphonesimulator/react-native-config.build/Objects-normal/arm64/e6072d4f65d7061329687fe24e3d63a7-common-args.resp
    
    /Applications/Xcode.app/Contents/Developer/Toolchains/XcodeDefault.xctoolchain/usr/bin/clang -x objective-c -ivfsstatcache /Users/shashishekhar/Library/Developer/Xcode/DerivedData/SDKStatCaches.noindex/iphonesimulator26.5-23F81a-6cfe768891a92b912361537c460fe42b.sdkstatcache -target arm64-apple-ios15.1-simulator -fmessage-length\=0 -fdiagnostics-show-note-include-stack -fmacro-backtrace-limit\=0 -fno-color-diagnostics -fmodules-prune-interval\=86400 -fmodules-prune-after\=345600 -fbuild-session-file\=/Users/shashishekhar/Library/Developer/Xcode/DerivedData/ModuleCache.noindex/Session.modulevalidation -fmodules-validate-once-per-build-session -Wno-trigraphs -Wno-missing-field-initializers -Wno-missing-prototypes -Werror\=return-type -Wdocumentation -Wunreachable-code -Wno-implicit-atomic-properties -Werror\=deprecated-objc-isa-usage -Wno-objc-interface-ivars -Werror\=objc-root-class -Wno-arc-repeated-use-of-weak -Wimplicit-retain-self -Wduplicate-method-match -Wno-missing-braces -Wparentheses -Wswitch -Wunused-function -Wno-unused-label -Wno-unused-parameter -Wunused-variable -Wunused-value -Wempty-body -Wuninitialized -Wconditional-uninitialized -Wno-unknown-pragmas -Wno-shadow -Wno-four-char-constants -Wno-conversion -Wconstant-conversion -Wint-conversion -Wbool-conversion -Wenum-conversion -Wno-float-conversion -Wnon-literal-null-conversion -Wobjc-literal-conversion -Wshorten-64-to-32 -Wpointer-sign -Wno-newline-eof -Wno-selector -Wno-strict-selector-match -Wundeclared-selector -Wdeprecated-implementations -Wno-implicit-fallthrough -isysroot /Applications/Xcode.app/Contents/Developer/Platforms/iPhoneSimulator.platform/Developer/SDKs/iPhoneSimulator26.5.sdk -fstrict-aliasing -Wprotocol -Wdeprecated-declarations -Wno-sign-conversion -Winfinite-recursion -Wcomma -Wblock-capture-autoreleasing -Wstrict-prototypes -Wno-semicolon-before-method-body -Wunguarded-availability -index-store-path /Users/shashishekhar/Library/Developer/Xcode/DerivedData/RestaurantsNearMeIOS-cxlnvzrpmdwxdmausljrqbwijesy/Index.noindex/DataStore @/Users/shashishekhar/Library/Developer/Xcode/DerivedData/RestaurantsNearMeIOS-cxlnvzrpmdwxdmausljrqbwijesy/Build/Intermediates.noindex/Pods.build/Debug-iphonesimulator/react-native-config.build/Objects-normal/arm64/e6072d4f65d7061329687fe24e3d63a7-common-args.resp -DRCT_NEW_ARCH_ENABLED\=1 -include /Users/shashishekhar/Desktop/RestaurantsNearMeIOS/ios/Pods/Target\ Support\ Files/react-native-config/react-native-config-prefix.pch -MMD -MT dependencies -MF /Users/shashishekhar/Library/Developer/Xcode/DerivedData/RestaurantsNearMeIOS-cxlnvzrpmdwxdmausljrqbwijesy/Build/Intermediates.noindex/Pods.build/Debug-iphonesimulator/react-native-config.build/Objects-normal/arm64/GeneratedDotEnv.d --serialize-diagnostics /Users/shashishekhar/Library/Developer/Xcode/DerivedData/RestaurantsNearMeIOS-cxlnvzrpmdwxdmausljrqbwijesy/Build/Intermediates.noindex/Pods.build/Debug-iphonesimulator/react-native-config.build/Objects-normal/arm64/GeneratedDotEnv.dia -c /Users/shashishekhar/Desktop/RestaurantsNearMeIOS/node_modules/react-native-config/ios/ReactNativeConfig/GeneratedDotEnv.m -o /Users/shashishekhar/Library/Developer/Xcode/DerivedData/RestaurantsNearMeIOS-cxlnvzrpmdwxdmausljrqbwijesy/Build/Intermediates.noindex/Pods.build/Debug-iphonesimulator/react-native-config.build/Objects-normal/arm64/GeneratedDotEnv.o -index-unit-output-path /Pods.build/Debug-iphonesimulator/react-native-config.build/Objects-normal/arm64/GeneratedDotEnv.o

Libtool /Users/shashishekhar/Library/Developer/Xcode/DerivedData/RestaurantsNearMeIOS-cxlnvzrpmdwxdmausljrqbwijesy/Build/Intermediates.noindex/Pods.build/Debug-iphonesimulator/react-native-config.build/Objects-normal/x86_64/Binary/libreact-native-config.a normal x86_64 (in target 'react-native-config' from project 'Pods')
    cd /Users/shashishekhar/Desktop/RestaurantsNearMeIOS/ios/Pods
    /Applications/Xcode.app/Contents/Developer/Toolchains/XcodeDefault.xctoolchain/usr/bin/libtool -static -arch_only x86_64 -D -syslibroot /Applications/Xcode.app/Contents/Developer/Platforms/iPhoneSimulator.platform/Developer/SDKs/iPhoneSimulator26.5.sdk -L/Users/shashishekhar/Library/Developer/Xcode/DerivedData/RestaurantsNearMeIOS-cxlnvzrpmdwxdmausljrqbwijesy/Build/Products/Debug-iphonesimulator/react-native-config -filelist /Users/shashishekhar/Library/Developer/Xcode/DerivedData/RestaurantsNearMeIOS-cxlnvzrpmdwxdmausljrqbwijesy/Build/Intermediates.noindex/Pods.build/Debug-iphonesimulator/react-native-config.build/Objects-normal/x86_64/react-native-config.LinkFileList -dependency_info /Users/shashishekhar/Library/Developer/Xcode/DerivedData/RestaurantsNearMeIOS-cxlnvzrpmdwxdmausljrqbwijesy/Build/Intermediates.noindex/Pods.build/Debug-iphonesimulator/react-native-config.build/Objects-normal/x86_64/react-native-config_libtool_dependency_info.dat -o /Users/shashishekhar/Library/Developer/Xcode/DerivedData/RestaurantsNearMeIOS-cxlnvzrpmdwxdmausljrqbwijesy/Build/Intermediates.noindex/Pods.build/Debug-iphonesimulator/react-native-config.build/Objects-normal/x86_64/Binary/libreact-native-config.a
libtool: warning: 'GeneratedDotEnv.o' has no symbols

Libtool /Users/shashishekhar/Library/Developer/Xcode/DerivedData/RestaurantsNearMeIOS-cxlnvzrpmdwxdmausljrqbwijesy/Build/Intermediates.noindex/Pods.build/Debug-iphonesimulator/react-native-config.build/Objects-normal/arm64/Binary/libreact-native-config.a normal arm64 (in target 'react-native-config' from project 'Pods')
    cd /Users/shashishekhar/Desktop/RestaurantsNearMeIOS/ios/Pods
    /Applications/Xcode.app/Contents/Developer/Toolchains/XcodeDefault.xctoolchain/usr/bin/libtool -static -arch_only arm64 -D -syslibroot /Applications/Xcode.app/Contents/Developer/Platforms/iPhoneSimulator.platform/Developer/SDKs/iPhoneSimulator26.5.sdk -L/Users/shashishekhar/Library/Developer/Xcode/DerivedData/RestaurantsNearMeIOS-cxlnvzrpmdwxdmausljrqbwijesy/Build/Products/Debug-iphonesimulator/react-native-config -filelist /Users/shashishekhar/Library/Developer/Xcode/DerivedData/RestaurantsNearMeIOS-cxlnvzrpmdwxdmausljrqbwijesy/Build/Intermediates.noindex/Pods.build/Debug-iphonesimulator/react-native-config.build/Objects-normal/arm64/react-native-config.LinkFileList -dependency_info /Users/shashishekhar/Library/Developer/Xcode/DerivedData/RestaurantsNearMeIOS-cxlnvzrpmdwxdmausljrqbwijesy/Build/Intermediates.noindex/Pods.build/Debug-iphonesimulator/react-native-config.build/Objects-normal/arm64/react-native-config_libtool_dependency_info.dat -o /Users/shashishekhar/Library/Developer/Xcode/DerivedData/RestaurantsNearMeIOS-cxlnvzrpmdwxdmausljrqbwijesy/Build/Intermediates.noindex/Pods.build/Debug-iphonesimulator/react-native-config.build/Objects-normal/arm64/Binary/libreact-native-config.a
libtool: warning: 'GeneratedDotEnv.o' has no symbols

CreateUniversalBinary /Users/shashishekhar/Library/Developer/Xcode/DerivedData/RestaurantsNearMeIOS-cxlnvzrpmdwxdmausljrqbwijesy/Build/Products/Debug-iphonesimulator/react-native-config/libreact-native-config.a normal arm64\ x86_64 (in target 'react-native-config' from project 'Pods')
    cd /Users/shashishekhar/Desktop/RestaurantsNearMeIOS/ios/Pods
    /Applications/Xcode.app/Contents/Developer/Toolchains/XcodeDefault.xctoolchain/usr/bin/lipo -create /Users/shashishekhar/Library/Developer/Xcode/DerivedData/RestaurantsNearMeIOS-cxlnvzrpmdwxdmausljrqbwijesy/Build/Intermediates.noindex/Pods.build/Debug-iphonesimulator/react-native-config.build/Objects-normal/arm64/Binary/libreact-native-config.a /Users/shashishekhar/Library/Developer/Xcode/DerivedData/RestaurantsNearMeIOS-cxlnvzrpmdwxdmausljrqbwijesy/Build/Intermediates.noindex/Pods.build/Debug-iphonesimulator/react-native-config.build/Objects-normal/x86_64/Binary/libreact-native-config.a -output /Users/shashishekhar/Library/Developer/Xcode/DerivedData/RestaurantsNearMeIOS-cxlnvzrpmdwxdmausljrqbwijesy/Build/Products/Debug-iphonesimulator/react-native-config/libreact-native-config.a

CompileC /Users/shashishekhar/Library/Developer/Xcode/DerivedData/RestaurantsNearMeIOS-cxlnvzrpmdwxdmausljrqbwijesy/Build/Intermediates.noindex/Pods.build/Debug-iphonesimulator/react-native-maps.build/Objects-normal/x86_64/PlaceHolderGoogleMapView.o /Users/shashishekhar/Desktop/RestaurantsNearMeIOS/node_modules/react-native-maps/ios/AirMaps/FabricPlaceholders/PlaceHolderGoogleMapView.mm normal x86_64 objective-c++ com.apple.compilers.llvm.clang.1_0.compiler (in target 'react-native-maps' from project 'Pods')
    cd /Users/shashishekhar/Desktop/RestaurantsNearMeIOS/ios/Pods
    
    Using response file: /Users/shashishekhar/Library/Developer/Xcode/DerivedData/RestaurantsNearMeIOS-cxlnvzrpmdwxdmausljrqbwijesy/Build/Intermediates.noindex/Pods.build/Debug-iphonesimulator/react-native-maps.build/Objects-normal/x86_64/af3fcb34312c57c0f52879cdce924b91-common-args.resp
    
    /Applications/Xcode.app/Contents/Developer/Toolchains/XcodeDefault.xctoolchain/usr/bin/clang -x objective-c++ -ivfsstatcache /Users/shashishekhar/Library/Developer/Xcode/DerivedData/SDKStatCaches.noindex/iphonesimulator26.5-23F81a-6cfe768891a92b912361537c460fe42b.sdkstatcache -target x86_64-apple-ios15.1-simulator -fmessage-length\=0 -fdiagnostics-show-note-include-stack -fmacro-backtrace-limit\=0 -fno-color-diagnostics -fmodules-prune-interval\=86400 -fmodules-prune-after\=345600 -fbuild-session-file\=/Users/shashishekhar/Library/Developer/Xcode/DerivedData/ModuleCache.noindex/Session.modulevalidation -fmodules-validate-once-per-build-session -Wno-trigraphs -Wno-missing-field-initializers -Wno-missing-prototypes -Werror\=return-type -Wdocumentation -Wunreachable-code -Wno-implicit-atomic-properties -Werror\=deprecated-objc-isa-usage -Wno-objc-interface-ivars -Werror\=objc-root-class -Wno-arc-repeated-use-of-weak -Wimplicit-retain-self -Wno-non-virtual-dtor -Wno-overloaded-virtual -Wno-exit-time-destructors -Wduplicate-method-match -Wno-missing-braces -Wparentheses -Wswitch -Wunused-function -Wno-unused-label -Wno-unused-parameter -Wunused-variable -Wunused-value -Wempty-body -Wuninitialized -Wconditional-uninitialized -Wno-unknown-pragmas -Wno-shadow -Wno-four-char-constants -Wno-conversion -Wconstant-conversion -Wint-conversion -Wbool-conversion -Wenum-conversion -Wno-float-conversion -Wnon-literal-null-conversion -Wobjc-literal-conversion -Wshorten-64-to-32 -Wno-newline-eof -Wno-selector -Wno-strict-selector-match -Wundeclared-selector -Wdeprecated-implementations -Wno-c++11-extensions -Wno-implicit-fallthrough -isysroot /Applications/Xcode.app/Contents/Developer/Platforms/iPhoneSimulator.platform/Developer/SDKs/iPhoneSimulator26.5.sdk -fstrict-aliasing -Wprotocol -Wdeprecated-declarations -Winvalid-offsetof -Wno-sign-conversion -Winfinite-recursion -Wmove -Wcomma -Wblock-capture-autoreleasing -Wstrict-prototypes -Wrange-loop-analysis -Wno-semicolon-before-method-body -Wunguarded-availability -index-store-path /Users/shashishekhar/Library/Developer/Xcode/DerivedData/RestaurantsNearMeIOS-cxlnvzrpmdwxdmausljrqbwijesy/Index.noindex/DataStore @/Users/shashishekhar/Library/Developer/Xcode/DerivedData/RestaurantsNearMeIOS-cxlnvzrpmdwxdmausljrqbwijesy/Build/Intermediates.noindex/Pods.build/Debug-iphonesimulator/react-native-maps.build/Objects-normal/x86_64/af3fcb34312c57c0f52879cdce924b91-common-args.resp -DFOLLY_MOBILE\=1 -DFOLLY_USE_LIBCPP\=1 -DFOLLY_CFG_NO_COROUTINES\=1 -DFOLLY_HAVE_CLOCK_GETTIME\=1 -Wno-comma -Wno-shorten-64-to-32 -DRCT_NEW_ARCH_ENABLED\=1 -include /Users/shashishekhar/Desktop/RestaurantsNearMeIOS/ios/Pods/Target\ Support\ Files/react-native-maps/react-native-maps-prefix.pch -MMD -MT dependencies -MF /Users/shashishekhar/Library/Developer/Xcode/DerivedData/RestaurantsNearMeIOS-cxlnvzrpmdwxdmausljrqbwijesy/Build/Intermediates.noindex/Pods.build/Debug-iphonesimulator/react-native-maps.build/Objects-normal/x86_64/PlaceHolderGoogleMapView.d --serialize-diagnostics /Users/shashishekhar/Library/Developer/Xcode/DerivedData/RestaurantsNearMeIOS-cxlnvzrpmdwxdmausljrqbwijesy/Build/Intermediates.noindex/Pods.build/Debug-iphonesimulator/react-native-maps.build/Objects-normal/x86_64/PlaceHolderGoogleMapView.dia -c /Users/shashishekhar/Desktop/RestaurantsNearMeIOS/node_modules/react-native-maps/ios/AirMaps/FabricPlaceholders/PlaceHolderGoogleMapView.mm -o /Users/shashishekhar/Library/Developer/Xcode/DerivedData/RestaurantsNearMeIOS-cxlnvzrpmdwxdmausljrqbwijesy/Build/Intermediates.noindex/Pods.build/Debug-iphonesimulator/react-native-maps.build/Objects-normal/x86_64/PlaceHolderGoogleMapView.o -index-unit-output-path /Pods.build/Debug-iphonesimulator/react-native-maps.build/Objects-normal/x86_64/PlaceHolderGoogleMapView.o

CompileC /Users/shashishekhar/Library/Developer/Xcode/DerivedData/RestaurantsNearMeIOS-cxlnvzrpmdwxdmausljrqbwijesy/Build/Intermediates.noindex/Pods.build/Debug-iphonesimulator/react-native-maps.build/Objects-normal/x86_64/PlaceHolderPolygonView.o /Users/shashishekhar/Desktop/RestaurantsNearMeIOS/node_modules/react-native-maps/ios/AirMaps/FabricPlaceholders/PlaceHolderPolygonView.mm normal x86_64 objective-c++ com.apple.compilers.llvm.clang.1_0.compiler (in target 'react-native-maps' from project 'Pods')
    cd /Users/shashishekhar/Desktop/RestaurantsNearMeIOS/ios/Pods
    
    Using response file: /Users/shashishekhar/Library/Developer/Xcode/DerivedData/RestaurantsNearMeIOS-cxlnvzrpmdwxdmausljrqbwijesy/Build/Intermediates.noindex/Pods.build/Debug-iphonesimulator/react-native-maps.build/Objects-normal/x86_64/af3fcb34312c57c0f52879cdce924b91-common-args.resp
    
    /Applications/Xcode.app/Contents/Developer/Toolchains/XcodeDefault.xctoolchain/usr/bin/clang -x objective-c++ -ivfsstatcache /Users/shashishekhar/Library/Developer/Xcode/DerivedData/SDKStatCaches.noindex/iphonesimulator26.5-23F81a-6cfe768891a92b912361537c460fe42b.sdkstatcache -target x86_64-apple-ios15.1-simulator -fmessage-length\=0 -fdiagnostics-show-note-include-stack -fmacro-backtrace-limit\=0 -fno-color-diagnostics -fmodules-prune-interval\=86400 -fmodules-prune-after\=345600 -fbuild-session-file\=/Users/shashishekhar/Library/Developer/Xcode/DerivedData/ModuleCache.noindex/Session.modulevalidation -fmodules-validate-once-per-build-session -Wno-trigraphs -Wno-missing-field-initializers -Wno-missing-prototypes -Werror\=return-type -Wdocumentation -Wunreachable-code -Wno-implicit-atomic-properties -Werror\=deprecated-objc-isa-usage -Wno-objc-interface-ivars -Werror\=objc-root-class -Wno-arc-repeated-use-of-weak -Wimplicit-retain-self -Wno-non-virtual-dtor -Wno-overloaded-virtual -Wno-exit-time-destructors -Wduplicate-method-match -Wno-missing-braces -Wparentheses -Wswitch -Wunused-function -Wno-unused-label -Wno-unused-parameter -Wunused-variable -Wunused-value -Wempty-body -Wuninitialized -Wconditional-uninitialized -Wno-unknown-pragmas -Wno-shadow -Wno-four-char-constants -Wno-conversion -Wconstant-conversion -Wint-conversion -Wbool-conversion -Wenum-conversion -Wno-float-conversion -Wnon-literal-null-conversion -Wobjc-literal-conversion -Wshorten-64-to-32 -Wno-newline-eof -Wno-selector -Wno-strict-selector-match -Wundeclared-selector -Wdeprecated-implementations -Wno-c++11-extensions -Wno-implicit-fallthrough -isysroot /Applications/Xcode.app/Contents/Developer/Platforms/iPhoneSimulator.platform/Developer/SDKs/iPhoneSimulator26.5.sdk -fstrict-aliasing -Wprotocol -Wdeprecated-declarations -Winvalid-offsetof -Wno-sign-conversion -Winfinite-recursion -Wmove -Wcomma -Wblock-capture-autoreleasing -Wstrict-prototypes -Wrange-loop-analysis -Wno-semicolon-before-method-body -Wunguarded-availability -index-store-path /Users/shashishekhar/Library/Developer/Xcode/DerivedData/RestaurantsNearMeIOS-cxlnvzrpmdwxdmausljrqbwijesy/Index.noindex/DataStore @/Users/shashishekhar/Library/Developer/Xcode/DerivedData/RestaurantsNearMeIOS-cxlnvzrpmdwxdmausljrqbwijesy/Build/Intermediates.noindex/Pods.build/Debug-iphonesimulator/react-native-maps.build/Objects-normal/x86_64/af3fcb34312c57c0f52879cdce924b91-common-args.resp -DFOLLY_MOBILE\=1 -DFOLLY_USE_LIBCPP\=1 -DFOLLY_CFG_NO_COROUTINES\=1 -DFOLLY_HAVE_CLOCK_GETTIME\=1 -Wno-comma -Wno-shorten-64-to-32 -DRCT_NEW_ARCH_ENABLED\=1 -include /Users/shashishekhar/Desktop/RestaurantsNearMeIOS/ios/Pods/Target\ Support\ Files/react-native-maps/react-native-maps-prefix.pch -MMD -MT dependencies -MF /Users/shashishekhar/Library/Developer/Xcode/DerivedData/RestaurantsNearMeIOS-cxlnvzrpmdwxdmausljrqbwijesy/Build/Intermediates.noindex/Pods.build/Debug-iphonesimulator/react-native-maps.build/Objects-normal/x86_64/PlaceHolderPolygonView.d --serialize-diagnostics /Users/shashishekhar/Library/Developer/Xcode/DerivedData/RestaurantsNearMeIOS-cxlnvzrpmdwxdmausljrqbwijesy/Build/Intermediates.noindex/Pods.build/Debug-iphonesimulator/react-native-maps.build/Objects-normal/x86_64/PlaceHolderPolygonView.dia -c /Users/shashishekhar/Desktop/RestaurantsNearMeIOS/node_modules/react-native-maps/ios/AirMaps/FabricPlaceholders/PlaceHolderPolygonView.mm -o /Users/shashishekhar/Library/Developer/Xcode/DerivedData/RestaurantsNearMeIOS-cxlnvzrpmdwxdmausljrqbwijesy/Build/Intermediates.noindex/Pods.build/Debug-iphonesimulator/react-native-maps.build/Objects-normal/x86_64/PlaceHolderPolygonView.o -index-unit-output-path /Pods.build/Debug-iphonesimulator/react-native-maps.build/Objects-normal/x86_64/PlaceHolderPolygonView.o

CompileC /Users/shashishekhar/Library/Developer/Xcode/DerivedData/RestaurantsNearMeIOS-cxlnvzrpmdwxdmausljrqbwijesy/Build/Intermediates.noindex/Pods.build/Debug-iphonesimulator/react-native-maps.build/Objects-normal/arm64/PlaceHolderPolygonView.o /Users/shashishekhar/Desktop/RestaurantsNearMeIOS/node_modules/react-native-maps/ios/AirMaps/FabricPlaceholders/PlaceHolderPolygonView.mm normal arm64 objective-c++ com.apple.compilers.llvm.clang.1_0.compiler (in target 'react-native-maps' from project 'Pods')
    cd /Users/shashishekhar/Desktop/RestaurantsNearMeIOS/ios/Pods
    
    Using response file: /Users/shashishekhar/Library/Developer/Xcode/DerivedData/RestaurantsNearMeIOS-cxlnvzrpmdwxdmausljrqbwijesy/Build/Intermediates.noindex/Pods.build/Debug-iphonesimulator/react-native-maps.build/Objects-normal/arm64/af3fcb34312c57c0f52879cdce924b91-common-args.resp
    
    /Applications/Xcode.app/Contents/Developer/Toolchains/XcodeDefault.xctoolchain/usr/bin/clang -x objective-c++ -ivfsstatcache /Users/shashishekhar/Library/Developer/Xcode/DerivedData/SDKStatCaches.noindex/iphonesimulator26.5-23F81a-6cfe768891a92b912361537c460fe42b.sdkstatcache -target arm64-apple-ios15.1-simulator -fmessage-length\=0 -fdiagnostics-show-note-include-stack -fmacro-backtrace-limit\=0 -fno-color-diagnostics -fmodules-prune-interval\=86400 -fmodules-prune-after\=345600 -fbuild-session-file\=/Users/shashishekhar/Library/Developer/Xcode/DerivedData/ModuleCache.noindex/Session.modulevalidation -fmodules-validate-once-per-build-session -Wno-trigraphs -Wno-missing-field-initializers -Wno-missing-prototypes -Werror\=return-type -Wdocumentation -Wunreachable-code -Wno-implicit-atomic-properties -Werror\=deprecated-objc-isa-usage -Wno-objc-interface-ivars -Werror\=objc-root-class -Wno-arc-repeated-use-of-weak -Wimplicit-retain-self -Wno-non-virtual-dtor -Wno-overloaded-virtual -Wno-exit-time-destructors -Wduplicate-method-match -Wno-missing-braces -Wparentheses -Wswitch -Wunused-function -Wno-unused-label -Wno-unused-parameter -Wunused-variable -Wunused-value -Wempty-body -Wuninitialized -Wconditional-uninitialized -Wno-unknown-pragmas -Wno-shadow -Wno-four-char-constants -Wno-conversion -Wconstant-conversion -Wint-conversion -Wbool-conversion -Wenum-conversion -Wno-float-conversion -Wnon-literal-null-conversion -Wobjc-literal-conversion -Wshorten-64-to-32 -Wno-newline-eof -Wno-selector -Wno-strict-selector-match -Wundeclared-selector -Wdeprecated-implementations -Wno-c++11-extensions -Wno-implicit-fallthrough -isysroot /Applications/Xcode.app/Contents/Developer/Platforms/iPhoneSimulator.platform/Developer/SDKs/iPhoneSimulator26.5.sdk -fstrict-aliasing -Wprotocol -Wdeprecated-declarations -Winvalid-offsetof -Wno-sign-conversion -Winfinite-recursion -Wmove -Wcomma -Wblock-capture-autoreleasing -Wstrict-prototypes -Wrange-loop-analysis -Wno-semicolon-before-method-body -Wunguarded-availability -index-store-path /Users/shashishekhar/Library/Developer/Xcode/DerivedData/RestaurantsNearMeIOS-cxlnvzrpmdwxdmausljrqbwijesy/Index.noindex/DataStore @/Users/shashishekhar/Library/Developer/Xcode/DerivedData/RestaurantsNearMeIOS-cxlnvzrpmdwxdmausljrqbwijesy/Build/Intermediates.noindex/Pods.build/Debug-iphonesimulator/react-native-maps.build/Objects-normal/arm64/af3fcb34312c57c0f52879cdce924b91-common-args.resp -DFOLLY_MOBILE\=1 -DFOLLY_USE_LIBCPP\=1 -DFOLLY_CFG_NO_COROUTINES\=1 -DFOLLY_HAVE_CLOCK_GETTIME\=1 -Wno-comma -Wno-shorten-64-to-32 -DRCT_NEW_ARCH_ENABLED\=1 -include /Users/shashishekhar/Desktop/RestaurantsNearMeIOS/ios/Pods/Target\ Support\ Files/react-native-maps/react-native-maps-prefix.pch -MMD -MT dependencies -MF /Users/shashishekhar/Library/Developer/Xcode/DerivedData/RestaurantsNearMeIOS-cxlnvzrpmdwxdmausljrqbwijesy/Build/Intermediates.noindex/Pods.build/Debug-iphonesimulator/react-native-maps.build/Objects-normal/arm64/PlaceHolderPolygonView.d --serialize-diagnostics /Users/shashishekhar/Library/Developer/Xcode/DerivedData/RestaurantsNearMeIOS-cxlnvzrpmdwxdmausljrqbwijesy/Build/Intermediates.noindex/Pods.build/Debug-iphonesimulator/react-native-maps.build/Objects-normal/arm64/PlaceHolderPolygonView.dia -c /Users/shashishekhar/Desktop/RestaurantsNearMeIOS/node_modules/react-native-maps/ios/AirMaps/FabricPlaceholders/PlaceHolderPolygonView.mm -o /Users/shashishekhar/Library/Developer/Xcode/DerivedData/RestaurantsNearMeIOS-cxlnvzrpmdwxdmausljrqbwijesy/Build/Intermediates.noindex/Pods.build/Debug-iphonesimulator/react-native-maps.build/Objects-normal/arm64/PlaceHolderPolygonView.o -index-unit-output-path /Pods.build/Debug-iphonesimulator/react-native-maps.build/Objects-normal/arm64/PlaceHolderPolygonView.o

CompileC /Users/shashishekhar/Library/Developer/Xcode/DerivedData/RestaurantsNearMeIOS-cxlnvzrpmdwxdmausljrqbwijesy/Build/Intermediates.noindex/Pods.build/Debug-iphonesimulator/react-native-maps.build/Objects-normal/x86_64/PlaceHolderGoogleMarkerView.o /Users/shashishekhar/Desktop/RestaurantsNearMeIOS/node_modules/react-native-maps/ios/AirMaps/FabricPlaceholders/PlaceHolderGoogleMarkerView.mm normal x86_64 objective-c++ com.apple.compilers.llvm.clang.1_0.compiler (in target 'react-native-maps' from project 'Pods')
    cd /Users/shashishekhar/Desktop/RestaurantsNearMeIOS/ios/Pods
    
    Using response file: /Users/shashishekhar/Library/Developer/Xcode/DerivedData/RestaurantsNearMeIOS-cxlnvzrpmdwxdmausljrqbwijesy/Build/Intermediates.noindex/Pods.build/Debug-iphonesimulator/react-native-maps.build/Objects-normal/x86_64/af3fcb34312c57c0f52879cdce924b91-common-args.resp
    
    /Applications/Xcode.app/Contents/Developer/Toolchains/XcodeDefault.xctoolchain/usr/bin/clang -x objective-c++ -ivfsstatcache /Users/shashishekhar/Library/Developer/Xcode/DerivedData/SDKStatCaches.noindex/iphonesimulator26.5-23F81a-6cfe768891a92b912361537c460fe42b.sdkstatcache -target x86_64-apple-ios15.1-simulator -fmessage-length\=0 -fdiagnostics-show-note-include-stack -fmacro-backtrace-limit\=0 -fno-color-diagnostics -fmodules-prune-interval\=86400 -fmodules-prune-after\=345600 -fbuild-session-file\=/Users/shashishekhar/Library/Developer/Xcode/DerivedData/ModuleCache.noindex/Session.modulevalidation -fmodules-validate-once-per-build-session -Wno-trigraphs -Wno-missing-field-initializers -Wno-missing-prototypes -Werror\=return-type -Wdocumentation -Wunreachable-code -Wno-implicit-atomic-properties -Werror\=deprecated-objc-isa-usage -Wno-objc-interface-ivars -Werror\=objc-root-class -Wno-arc-repeated-use-of-weak -Wimplicit-retain-self -Wno-non-virtual-dtor -Wno-overloaded-virtual -Wno-exit-time-destructors -Wduplicate-method-match -Wno-missing-braces -Wparentheses -Wswitch -Wunused-function -Wno-unused-label -Wno-unused-parameter -Wunused-variable -Wunused-value -Wempty-body -Wuninitialized -Wconditional-uninitialized -Wno-unknown-pragmas -Wno-shadow -Wno-four-char-constants -Wno-conversion -Wconstant-conversion -Wint-conversion -Wbool-conversion -Wenum-conversion -Wno-float-conversion -Wnon-literal-null-conversion -Wobjc-literal-conversion -Wshorten-64-to-32 -Wno-newline-eof -Wno-selector -Wno-strict-selector-match -Wundeclared-selector -Wdeprecated-implementations -Wno-c++11-extensions -Wno-implicit-fallthrough -isysroot /Applications/Xcode.app/Contents/Developer/Platforms/iPhoneSimulator.platform/Developer/SDKs/iPhoneSimulator26.5.sdk -fstrict-aliasing -Wprotocol -Wdeprecated-declarations -Winvalid-offsetof -Wno-sign-conversion -Winfinite-recursion -Wmove -Wcomma -Wblock-capture-autoreleasing -Wstrict-prototypes -Wrange-loop-analysis -Wno-semicolon-before-method-body -Wunguarded-availability -index-store-path /Users/shashishekhar/Library/Developer/Xcode/DerivedData/RestaurantsNearMeIOS-cxlnvzrpmdwxdmausljrqbwijesy/Index.noindex/DataStore @/Users/shashishekhar/Library/Developer/Xcode/DerivedData/RestaurantsNearMeIOS-cxlnvzrpmdwxdmausljrqbwijesy/Build/Intermediates.noindex/Pods.build/Debug-iphonesimulator/react-native-maps.build/Objects-normal/x86_64/af3fcb34312c57c0f52879cdce924b91-common-args.resp -DFOLLY_MOBILE\=1 -DFOLLY_USE_LIBCPP\=1 -DFOLLY_CFG_NO_COROUTINES\=1 -DFOLLY_HAVE_CLOCK_GETTIME\=1 -Wno-comma -Wno-shorten-64-to-32 -DRCT_NEW_ARCH_ENABLED\=1 -include /Users/shashishekhar/Desktop/RestaurantsNearMeIOS/ios/Pods/Target\ Support\ Files/react-native-maps/react-native-maps-prefix.pch -MMD -MT dependencies -MF /Users/shashishekhar/Library/Developer/Xcode/DerivedData/RestaurantsNearMeIOS-cxlnvzrpmdwxdmausljrqbwijesy/Build/Intermediates.noindex/Pods.build/Debug-iphonesimulator/react-native-maps.build/Objects-normal/x86_64/PlaceHolderGoogleMarkerView.d --serialize-diagnostics /Users/shashishekhar/Library/Developer/Xcode/DerivedData/RestaurantsNearMeIOS-cxlnvzrpmdwxdmausljrqbwijesy/Build/Intermediates.noindex/Pods.build/Debug-iphonesimulator/react-native-maps.build/Objects-normal/x86_64/PlaceHolderGoogleMarkerView.dia -c /Users/shashishekhar/Desktop/RestaurantsNearMeIOS/node_modules/react-native-maps/ios/AirMaps/FabricPlaceholders/PlaceHolderGoogleMarkerView.mm -o /Users/shashishekhar/Library/Developer/Xcode/DerivedData/RestaurantsNearMeIOS-cxlnvzrpmdwxdmausljrqbwijesy/Build/Intermediates.noindex/Pods.build/Debug-iphonesimulator/react-native-maps.build/Objects-normal/x86_64/PlaceHolderGoogleMarkerView.o -index-unit-output-path /Pods.build/Debug-iphonesimulator/react-native-maps.build/Objects-normal/x86_64/PlaceHolderGoogleMarkerView.o

CompileC /Users/shashishekhar/Library/Developer/Xcode/DerivedData/RestaurantsNearMeIOS-cxlnvzrpmdwxdmausljrqbwijesy/Build/Intermediates.noindex/Pods.build/Debug-iphonesimulator/react-native-maps.build/Objects-normal/arm64/PlaceHolderGoogleMarkerView.o /Users/shashishekhar/Desktop/RestaurantsNearMeIOS/node_modules/react-native-maps/ios/AirMaps/FabricPlaceholders/PlaceHolderGoogleMarkerView.mm normal arm64 objective-c++ com.apple.compilers.llvm.clang.1_0.compiler (in target 'react-native-maps' from project 'Pods')
    cd /Users/shashishekhar/Desktop/RestaurantsNearMeIOS/ios/Pods
    
    Using response file: /Users/shashishekhar/Library/Developer/Xcode/DerivedData/RestaurantsNearMeIOS-cxlnvzrpmdwxdmausljrqbwijesy/Build/Intermediates.noindex/Pods.build/Debug-iphonesimulator/react-native-maps.build/Objects-normal/arm64/af3fcb34312c57c0f52879cdce924b91-common-args.resp
    
    /Applications/Xcode.app/Contents/Developer/Toolchains/XcodeDefault.xctoolchain/usr/bin/clang -x objective-c++ -ivfsstatcache /Users/shashishekhar/Library/Developer/Xcode/DerivedData/SDKStatCaches.noindex/iphonesimulator26.5-23F81a-6cfe768891a92b912361537c460fe42b.sdkstatcache -target arm64-apple-ios15.1-simulator -fmessage-length\=0 -fdiagnostics-show-note-include-stack -fmacro-backtrace-limit\=0 -fno-color-diagnostics -fmodules-prune-interval\=86400 -fmodules-prune-after\=345600 -fbuild-session-file\=/Users/shashishekhar/Library/Developer/Xcode/DerivedData/ModuleCache.noindex/Session.modulevalidation -fmodules-validate-once-per-build-session -Wno-trigraphs -Wno-missing-field-initializers -Wno-missing-prototypes -Werror\=return-type -Wdocumentation -Wunreachable-code -Wno-implicit-atomic-properties -Werror\=deprecated-objc-isa-usage -Wno-objc-interface-ivars -Werror\=objc-root-class -Wno-arc-repeated-use-of-weak -Wimplicit-retain-self -Wno-non-virtual-dtor -Wno-overloaded-virtual -Wno-exit-time-destructors -Wduplicate-method-match -Wno-missing-braces -Wparentheses -Wswitch -Wunused-function -Wno-unused-label -Wno-unused-parameter -Wunused-variable -Wunused-value -Wempty-body -Wuninitialized -Wconditional-uninitialized -Wno-unknown-pragmas -Wno-shadow -Wno-four-char-constants -Wno-conversion -Wconstant-conversion -Wint-conversion -Wbool-conversion -Wenum-conversion -Wno-float-conversion -Wnon-literal-null-conversion -Wobjc-literal-conversion -Wshorten-64-to-32 -Wno-newline-eof -Wno-selector -Wno-strict-selector-match -Wundeclared-selector -Wdeprecated-implementations -Wno-c++11-extensions -Wno-implicit-fallthrough -isysroot /Applications/Xcode.app/Contents/Developer/Platforms/iPhoneSimulator.platform/Developer/SDKs/iPhoneSimulator26.5.sdk -fstrict-aliasing -Wprotocol -Wdeprecated-declarations -Winvalid-offsetof -Wno-sign-conversion -Winfinite-recursion -Wmove -Wcomma -Wblock-capture-autoreleasing -Wstrict-prototypes -Wrange-loop-analysis -Wno-semicolon-before-method-body -Wunguarded-availability -index-store-path /Users/shashishekhar/Library/Developer/Xcode/DerivedData/RestaurantsNearMeIOS-cxlnvzrpmdwxdmausljrqbwijesy/Index.noindex/DataStore @/Users/shashishekhar/Library/Developer/Xcode/DerivedData/RestaurantsNearMeIOS-cxlnvzrpmdwxdmausljrqbwijesy/Build/Intermediates.noindex/Pods.build/Debug-iphonesimulator/react-native-maps.build/Objects-normal/arm64/af3fcb34312c57c0f52879cdce924b91-common-args.resp -DFOLLY_MOBILE\=1 -DFOLLY_USE_LIBCPP\=1 -DFOLLY_CFG_NO_COROUTINES\=1 -DFOLLY_HAVE_CLOCK_GETTIME\=1 -Wno-comma -Wno-shorten-64-to-32 -DRCT_NEW_ARCH_ENABLED\=1 -include /Users/shashishekhar/Desktop/RestaurantsNearMeIOS/ios/Pods/Target\ Support\ Files/react-native-maps/react-native-maps-prefix.pch -MMD -MT dependencies -MF /Users/shashishekhar/Library/Developer/Xcode/DerivedData/RestaurantsNearMeIOS-cxlnvzrpmdwxdmausljrqbwijesy/Build/Intermediates.noindex/Pods.build/Debug-iphonesimulator/react-native-maps.build/Objects-normal/arm64/PlaceHolderGoogleMarkerView.d --serialize-diagnostics /Users/shashishekhar/Library/Developer/Xcode/DerivedData/RestaurantsNearMeIOS-cxlnvzrpmdwxdmausljrqbwijesy/Build/Intermediates.noindex/Pods.build/Debug-iphonesimulator/react-native-maps.build/Objects-normal/arm64/PlaceHolderGoogleMarkerView.dia -c /Users/shashishekhar/Desktop/RestaurantsNearMeIOS/node_modules/react-native-maps/ios/AirMaps/FabricPlaceholders/PlaceHolderGoogleMarkerView.mm -o /Users/shashishekhar/Library/Developer/Xcode/DerivedData/RestaurantsNearMeIOS-cxlnvzrpmdwxdmausljrqbwijesy/Build/Intermediates.noindex/Pods.build/Debug-iphonesimulator/react-native-maps.build/Objects-normal/arm64/PlaceHolderGoogleMarkerView.o -index-unit-output-path /Pods.build/Debug-iphonesimulator/react-native-maps.build/Objects-normal/arm64/PlaceHolderGoogleMarkerView.o

Libtool /Users/shashishekhar/Library/Developer/Xcode/DerivedData/RestaurantsNearMeIOS-cxlnvzrpmdwxdmausljrqbwijesy/Build/Intermediates.noindex/Pods.build/Debug-iphonesimulator/react-native-maps.build/Objects-normal/x86_64/Binary/libreact-native-maps.a normal x86_64 (in target 'react-native-maps' from project 'Pods')
    cd /Users/shashishekhar/Desktop/RestaurantsNearMeIOS/ios/Pods
    /Applications/Xcode.app/Contents/Developer/Toolchains/XcodeDefault.xctoolchain/usr/bin/libtool -static -arch_only x86_64 -D -syslibroot /Applications/Xcode.app/Contents/Developer/Platforms/iPhoneSimulator.platform/Developer/SDKs/iPhoneSimulator26.5.sdk -L/Users/shashishekhar/Library/Developer/Xcode/DerivedData/RestaurantsNearMeIOS-cxlnvzrpmdwxdmausljrqbwijesy/Build/Products/Debug-iphonesimulator/react-native-maps -filelist /Users/shashishekhar/Library/Developer/Xcode/DerivedData/RestaurantsNearMeIOS-cxlnvzrpmdwxdmausljrqbwijesy/Build/Intermediates.noindex/Pods.build/Debug-iphonesimulator/react-native-maps.build/Objects-normal/x86_64/react-native-maps.LinkFileList -dependency_info /Users/shashishekhar/Library/Developer/Xcode/DerivedData/RestaurantsNearMeIOS-cxlnvzrpmdwxdmausljrqbwijesy/Build/Intermediates.noindex/Pods.build/Debug-iphonesimulator/react-native-maps.build/Objects-normal/x86_64/react-native-maps_libtool_dependency_info.dat -o /Users/shashishekhar/Library/Developer/Xcode/DerivedData/RestaurantsNearMeIOS-cxlnvzrpmdwxdmausljrqbwijesy/Build/Intermediates.noindex/Pods.build/Debug-iphonesimulator/react-native-maps.build/Objects-normal/x86_64/Binary/libreact-native-maps.a
libtool: warning: 'States.o' has no symbols
libtool: warning: 'UIView+AirMap.o' has no symbols

Libtool /Users/shashishekhar/Library/Developer/Xcode/DerivedData/RestaurantsNearMeIOS-cxlnvzrpmdwxdmausljrqbwijesy/Build/Intermediates.noindex/Pods.build/Debug-iphonesimulator/react-native-maps.build/Objects-normal/arm64/Binary/libreact-native-maps.a normal arm64 (in target 'react-native-maps' from project 'Pods')
    cd /Users/shashishekhar/Desktop/RestaurantsNearMeIOS/ios/Pods
    /Applications/Xcode.app/Contents/Developer/Toolchains/XcodeDefault.xctoolchain/usr/bin/libtool -static -arch_only arm64 -D -syslibroot /Applications/Xcode.app/Contents/Developer/Platforms/iPhoneSimulator.platform/Developer/SDKs/iPhoneSimulator26.5.sdk -L/Users/shashishekhar/Library/Developer/Xcode/DerivedData/RestaurantsNearMeIOS-cxlnvzrpmdwxdmausljrqbwijesy/Build/Products/Debug-iphonesimulator/react-native-maps -filelist /Users/shashishekhar/Library/Developer/Xcode/DerivedData/RestaurantsNearMeIOS-cxlnvzrpmdwxdmausljrqbwijesy/Build/Intermediates.noindex/Pods.build/Debug-iphonesimulator/react-native-maps.build/Objects-normal/arm64/react-native-maps.LinkFileList -dependency_info /Users/shashishekhar/Library/Developer/Xcode/DerivedData/RestaurantsNearMeIOS-cxlnvzrpmdwxdmausljrqbwijesy/Build/Intermediates.noindex/Pods.build/Debug-iphonesimulator/react-native-maps.build/Objects-normal/arm64/react-native-maps_libtool_dependency_info.dat -o /Users/shashishekhar/Library/Developer/Xcode/DerivedData/RestaurantsNearMeIOS-cxlnvzrpmdwxdmausljrqbwijesy/Build/Intermediates.noindex/Pods.build/Debug-iphonesimulator/react-native-maps.build/Objects-normal/arm64/Binary/libreact-native-maps.a
libtool: warning: 'States.o' has no symbols
libtool: warning: 'UIView+AirMap.o' has no symbols

CreateUniversalBinary /Users/shashishekhar/Library/Developer/Xcode/DerivedData/RestaurantsNearMeIOS-cxlnvzrpmdwxdmausljrqbwijesy/Build/Products/Debug-iphonesimulator/react-native-maps/libreact-native-maps.a normal arm64\ x86_64 (in target 'react-native-maps' from project 'Pods')
    cd /Users/shashishekhar/Desktop/RestaurantsNearMeIOS/ios/Pods
    /Applications/Xcode.app/Contents/Developer/Toolchains/XcodeDefault.xctoolchain/usr/bin/lipo -create /Users/shashishekhar/Library/Developer/Xcode/DerivedData/RestaurantsNearMeIOS-cxlnvzrpmdwxdmausljrqbwijesy/Build/Intermediates.noindex/Pods.build/Debug-iphonesimulator/react-native-maps.build/Objects-normal/arm64/Binary/libreact-native-maps.a /Users/shashishekhar/Library/Developer/Xcode/DerivedData/RestaurantsNearMeIOS-cxlnvzrpmdwxdmausljrqbwijesy/Build/Intermediates.noindex/Pods.build/Debug-iphonesimulator/react-native-maps.build/Objects-normal/x86_64/Binary/libreact-native-maps.a -output /Users/shashishekhar/Library/Developer/Xcode/DerivedData/RestaurantsNearMeIOS-cxlnvzrpmdwxdmausljrqbwijesy/Build/Products/Debug-iphonesimulator/react-native-maps/libreact-native-maps.a

Libtool /Users/shashishekhar/Library/Developer/Xcode/DerivedData/RestaurantsNearMeIOS-cxlnvzrpmdwxdmausljrqbwijesy/Build/Intermediates.noindex/Pods.build/Debug-iphonesimulator/Pods-RestaurantsNearMeIOS.build/Objects-normal/arm64/Binary/libPods-RestaurantsNearMeIOS.a normal arm64 (in target 'Pods-RestaurantsNearMeIOS' from project 'Pods')
    cd /Users/shashishekhar/Desktop/RestaurantsNearMeIOS/ios/Pods
    /Applications/Xcode.app/Contents/Developer/Toolchains/XcodeDefault.xctoolchain/usr/bin/libtool -static -arch_only arm64 -D -syslibroot /Applications/Xcode.app/Contents/Developer/Platforms/iPhoneSimulator.platform/Developer/SDKs/iPhoneSimulator26.5.sdk -L/Users/shashishekhar/Library/Developer/Xcode/DerivedData/RestaurantsNearMeIOS-cxlnvzrpmdwxdmausljrqbwijesy/Build/Products/Debug-iphonesimulator -L/Users/shashishekhar/Library/Developer/Xcode/DerivedData/RestaurantsNearMeIOS-cxlnvzrpmdwxdmausljrqbwijesy/Build/Products/Debug-iphonesimulator/AsyncStorage -L/Users/shashishekhar/Library/Developer/Xcode/DerivedData/RestaurantsNearMeIOS-cxlnvzrpmdwxdmausljrqbwijesy/Build/Products/Debug-iphonesimulator/RNGestureHandler -L/Users/shashishekhar/Library/Developer/Xcode/DerivedData/RestaurantsNearMeIOS-cxlnvzrpmdwxdmausljrqbwijesy/Build/Products/Debug-iphonesimulator/RNKeychain -L/Users/shashishekhar/Library/Developer/Xcode/DerivedData/RestaurantsNearMeIOS-cxlnvzrpmdwxdmausljrqbwijesy/Build/Products/Debug-iphonesimulator/RNSVG -L/Users/shashishekhar/Library/Developer/Xcode/DerivedData/RestaurantsNearMeIOS-cxlnvzrpmdwxdmausljrqbwijesy/Build/Products/Debug-iphonesimulator/RNScreens -L/Users/shashishekhar/Library/Developer/Xcode/DerivedData/RestaurantsNearMeIOS-cxlnvzrpmdwxdmausljrqbwijesy/Build/Products/Debug-iphonesimulator/ReactAppDependencyProvider -L/Users/shashishekhar/Library/Developer/Xcode/DerivedData/RestaurantsNearMeIOS-cxlnvzrpmdwxdmausljrqbwijesy/Build/Products/Debug-iphonesimulator/ReactCodegen -L/Users/shashishekhar/Library/Developer/Xcode/DerivedData/RestaurantsNearMeIOS-cxlnvzrpmdwxdmausljrqbwijesy/Build/Products/Debug-iphonesimulator/SwiftUIIntrospect -L/Users/shashishekhar/Library/Developer/Xcode/DerivedData/RestaurantsNearMeIOS-cxlnvzrpmdwxdmausljrqbwijesy/Build/Products/Debug-iphonesimulator/react-native-config -L/Users/shashishekhar/Library/Developer/Xcode/DerivedData/RestaurantsNearMeIOS-cxlnvzrpmdwxdmausljrqbwijesy/Build/Products/Debug-iphonesimulator/react-native-geolocation -L/Users/shashishekhar/Library/Developer/Xcode/DerivedData/RestaurantsNearMeIOS-cxlnvzrpmdwxdmausljrqbwijesy/Build/Products/Debug-iphonesimulator/react-native-image-picker -L/Users/shashishekhar/Library/Developer/Xcode/DerivedData/RestaurantsNearMeIOS-cxlnvzrpmdwxdmausljrqbwijesy/Build/Products/Debug-iphonesimulator/react-native-maps -L/Users/shashishekhar/Library/Developer/Xcode/DerivedData/RestaurantsNearMeIOS-cxlnvzrpmdwxdmausljrqbwijesy/Build/Products/Debug-iphonesimulator/react-native-pager-view -L/Users/shashishekhar/Library/Developer/Xcode/DerivedData/RestaurantsNearMeIOS-cxlnvzrpmdwxdmausljrqbwijesy/Build/Products/Debug-iphonesimulator/react-native-safe-area-context -L/Applications/Xcode.app/Contents/Developer/Toolchains/XcodeDefault.xctoolchain/usr/lib/swift/iphonesimulator -L/Applications/Xcode.app/Contents/Developer/Platforms/iPhoneSimulator.platform/Developer/SDKs/iPhoneSimulator26.5.sdk/usr/lib/swift -filelist /Users/shashishekhar/Library/Developer/Xcode/DerivedData/RestaurantsNearMeIOS-cxlnvzrpmdwxdmausljrqbwijesy/Build/Intermediates.noindex/Pods.build/Debug-iphonesimulator/Pods-RestaurantsNearMeIOS.build/Objects-normal/arm64/Pods-RestaurantsNearMeIOS.LinkFileList -dependency_info /Users/shashishekhar/Library/Developer/Xcode/DerivedData/RestaurantsNearMeIOS-cxlnvzrpmdwxdmausljrqbwijesy/Build/Intermediates.noindex/Pods.build/Debug-iphonesimulator/Pods-RestaurantsNearMeIOS.build/Objects-normal/arm64/Pods-RestaurantsNearMeIOS_libtool_dependency_info.dat -o /Users/shashishekhar/Library/Developer/Xcode/DerivedData/RestaurantsNearMeIOS-cxlnvzrpmdwxdmausljrqbwijesy/Build/Intermediates.noindex/Pods.build/Debug-iphonesimulator/Pods-RestaurantsNearMeIOS.build/Objects-normal/arm64/Binary/libPods-RestaurantsNearMeIOS.a

CompileC /Users/shashishekhar/Library/Developer/Xcode/DerivedData/RestaurantsNearMeIOS-cxlnvzrpmdwxdmausljrqbwijesy/Build/Intermediates.noindex/Pods.build/Debug-iphonesimulator/Pods-RestaurantsNearMeIOS.build/Objects-normal/x86_64/Pods-RestaurantsNearMeIOS-dummy.o /Users/shashishekhar/Desktop/RestaurantsNearMeIOS/ios/Pods/Target\ Support\ Files/Pods-RestaurantsNearMeIOS/Pods-RestaurantsNearMeIOS-dummy.m normal x86_64 objective-c com.apple.compilers.llvm.clang.1_0.compiler (in target 'Pods-RestaurantsNearMeIOS' from project 'Pods')
    cd /Users/shashishekhar/Desktop/RestaurantsNearMeIOS/ios/Pods
    
    Using response file: /Users/shashishekhar/Library/Developer/Xcode/DerivedData/RestaurantsNearMeIOS-cxlnvzrpmdwxdmausljrqbwijesy/Build/Intermediates.noindex/Pods.build/Debug-iphonesimulator/Pods-RestaurantsNearMeIOS.build/Objects-normal/x86_64/e6072d4f65d7061329687fe24e3d63a7-common-args.resp
    
    /Applications/Xcode.app/Contents/Developer/Toolchains/XcodeDefault.xctoolchain/usr/bin/clang -x objective-c -ivfsstatcache /Users/shashishekhar/Library/Developer/Xcode/DerivedData/SDKStatCaches.noindex/iphonesimulator26.5-23F81a-6cfe768891a92b912361537c460fe42b.sdkstatcache -target x86_64-apple-ios15.1-simulator -fmessage-length\=0 -fdiagnostics-show-note-include-stack -fmacro-backtrace-limit\=0 -fno-color-diagnostics -fmodules-prune-interval\=86400 -fmodules-prune-after\=345600 -fbuild-session-file\=/Users/shashishekhar/Library/Developer/Xcode/DerivedData/ModuleCache.noindex/Session.modulevalidation -fmodules-validate-once-per-build-session -Wno-trigraphs -Wno-missing-field-initializers -Wno-missing-prototypes -Werror\=return-type -Wdocumentation -Wunreachable-code -Wno-implicit-atomic-properties -Werror\=deprecated-objc-isa-usage -Wno-objc-interface-ivars -Werror\=objc-root-class -Wno-arc-repeated-use-of-weak -Wimplicit-retain-self -Wduplicate-method-match -Wno-missing-braces -Wparentheses -Wswitch -Wunused-function -Wno-unused-label -Wno-unused-parameter -Wunused-variable -Wunused-value -Wempty-body -Wuninitialized -Wconditional-uninitialized -Wno-unknown-pragmas -Wno-shadow -Wno-four-char-constants -Wno-conversion -Wconstant-conversion -Wint-conversion -Wbool-conversion -Wenum-conversion -Wno-float-conversion -Wnon-literal-null-conversion -Wobjc-literal-conversion -Wshorten-64-to-32 -Wpointer-sign -Wno-newline-eof -Wno-selector -Wno-strict-selector-match -Wundeclared-selector -Wdeprecated-implementations -Wno-implicit-fallthrough -isysroot /Applications/Xcode.app/Contents/Developer/Platforms/iPhoneSimulator.platform/Developer/SDKs/iPhoneSimulator26.5.sdk -fstrict-aliasing -Wprotocol -Wdeprecated-declarations -Wno-sign-conversion -Winfinite-recursion -Wcomma -Wblock-capture-autoreleasing -Wstrict-prototypes -Wno-semicolon-before-method-body -Wunguarded-availability -index-store-path /Users/shashishekhar/Library/Developer/Xcode/DerivedData/RestaurantsNearMeIOS-cxlnvzrpmdwxdmausljrqbwijesy/Index.noindex/DataStore -Wno-comma -Wno-shorten-64-to-32 @/Users/shashishekhar/Library/Developer/Xcode/DerivedData/RestaurantsNearMeIOS-cxlnvzrpmdwxdmausljrqbwijesy/Build/Intermediates.noindex/Pods.build/Debug-iphonesimulator/Pods-RestaurantsNearMeIOS.build/Objects-normal/x86_64/e6072d4f65d7061329687fe24e3d63a7-common-args.resp -MMD -MT dependencies -MF /Users/shashishekhar/Library/Developer/Xcode/DerivedData/RestaurantsNearMeIOS-cxlnvzrpmdwxdmausljrqbwijesy/Build/Intermediates.noindex/Pods.build/Debug-iphonesimulator/Pods-RestaurantsNearMeIOS.build/Objects-normal/x86_64/Pods-RestaurantsNearMeIOS-dummy.d --serialize-diagnostics /Users/shashishekhar/Library/Developer/Xcode/DerivedData/RestaurantsNearMeIOS-cxlnvzrpmdwxdmausljrqbwijesy/Build/Intermediates.noindex/Pods.build/Debug-iphonesimulator/Pods-RestaurantsNearMeIOS.build/Objects-normal/x86_64/Pods-RestaurantsNearMeIOS-dummy.dia -c /Users/shashishekhar/Desktop/RestaurantsNearMeIOS/ios/Pods/Target\ Support\ Files/Pods-RestaurantsNearMeIOS/Pods-RestaurantsNearMeIOS-dummy.m -o /Users/shashishekhar/Library/Developer/Xcode/DerivedData/RestaurantsNearMeIOS-cxlnvzrpmdwxdmausljrqbwijesy/Build/Intermediates.noindex/Pods.build/Debug-iphonesimulator/Pods-RestaurantsNearMeIOS.build/Objects-normal/x86_64/Pods-RestaurantsNearMeIOS-dummy.o -index-unit-output-path /Pods.build/Debug-iphonesimulator/Pods-RestaurantsNearMeIOS.build/Objects-normal/x86_64/Pods-RestaurantsNearMeIOS-dummy.o

Libtool /Users/shashishekhar/Library/Developer/Xcode/DerivedData/RestaurantsNearMeIOS-cxlnvzrpmdwxdmausljrqbwijesy/Build/Intermediates.noindex/Pods.build/Debug-iphonesimulator/Pods-RestaurantsNearMeIOS.build/Objects-normal/x86_64/Binary/libPods-RestaurantsNearMeIOS.a normal x86_64 (in target 'Pods-RestaurantsNearMeIOS' from project 'Pods')
    cd /Users/shashishekhar/Desktop/RestaurantsNearMeIOS/ios/Pods
    /Applications/Xcode.app/Contents/Developer/Toolchains/XcodeDefault.xctoolchain/usr/bin/libtool -static -arch_only x86_64 -D -syslibroot /Applications/Xcode.app/Contents/Developer/Platforms/iPhoneSimulator.platform/Developer/SDKs/iPhoneSimulator26.5.sdk -L/Users/shashishekhar/Library/Developer/Xcode/DerivedData/RestaurantsNearMeIOS-cxlnvzrpmdwxdmausljrqbwijesy/Build/Products/Debug-iphonesimulator -L/Users/shashishekhar/Library/Developer/Xcode/DerivedData/RestaurantsNearMeIOS-cxlnvzrpmdwxdmausljrqbwijesy/Build/Products/Debug-iphonesimulator/AsyncStorage -L/Users/shashishekhar/Library/Developer/Xcode/DerivedData/RestaurantsNearMeIOS-cxlnvzrpmdwxdmausljrqbwijesy/Build/Products/Debug-iphonesimulator/RNGestureHandler -L/Users/shashishekhar/Library/Developer/Xcode/DerivedData/RestaurantsNearMeIOS-cxlnvzrpmdwxdmausljrqbwijesy/Build/Products/Debug-iphonesimulator/RNKeychain -L/Users/shashishekhar/Library/Developer/Xcode/DerivedData/RestaurantsNearMeIOS-cxlnvzrpmdwxdmausljrqbwijesy/Build/Products/Debug-iphonesimulator/RNSVG -L/Users/shashishekhar/Library/Developer/Xcode/DerivedData/RestaurantsNearMeIOS-cxlnvzrpmdwxdmausljrqbwijesy/Build/Products/Debug-iphonesimulator/RNScreens -L/Users/shashishekhar/Library/Developer/Xcode/DerivedData/RestaurantsNearMeIOS-cxlnvzrpmdwxdmausljrqbwijesy/Build/Products/Debug-iphonesimulator/ReactAppDependencyProvider -L/Users/shashishekhar/Library/Developer/Xcode/DerivedData/RestaurantsNearMeIOS-cxlnvzrpmdwxdmausljrqbwijesy/Build/Products/Debug-iphonesimulator/ReactCodegen -L/Users/shashishekhar/Library/Developer/Xcode/DerivedData/RestaurantsNearMeIOS-cxlnvzrpmdwxdmausljrqbwijesy/Build/Products/Debug-iphonesimulator/SwiftUIIntrospect -L/Users/shashishekhar/Library/Developer/Xcode/DerivedData/RestaurantsNearMeIOS-cxlnvzrpmdwxdmausljrqbwijesy/Build/Products/Debug-iphonesimulator/react-native-config -L/Users/shashishekhar/Library/Developer/Xcode/DerivedData/RestaurantsNearMeIOS-cxlnvzrpmdwxdmausljrqbwijesy/Build/Products/Debug-iphonesimulator/react-native-geolocation -L/Users/shashishekhar/Library/Developer/Xcode/DerivedData/RestaurantsNearMeIOS-cxlnvzrpmdwxdmausljrqbwijesy/Build/Products/Debug-iphonesimulator/react-native-image-picker -L/Users/shashishekhar/Library/Developer/Xcode/DerivedData/RestaurantsNearMeIOS-cxlnvzrpmdwxdmausljrqbwijesy/Build/Products/Debug-iphonesimulator/react-native-maps -L/Users/shashishekhar/Library/Developer/Xcode/DerivedData/RestaurantsNearMeIOS-cxlnvzrpmdwxdmausljrqbwijesy/Build/Products/Debug-iphonesimulator/react-native-pager-view -L/Users/shashishekhar/Library/Developer/Xcode/DerivedData/RestaurantsNearMeIOS-cxlnvzrpmdwxdmausljrqbwijesy/Build/Products/Debug-iphonesimulator/react-native-safe-area-context -L/Applications/Xcode.app/Contents/Developer/Toolchains/XcodeDefault.xctoolchain/usr/lib/swift/iphonesimulator -L/Applications/Xcode.app/Contents/Developer/Platforms/iPhoneSimulator.platform/Developer/SDKs/iPhoneSimulator26.5.sdk/usr/lib/swift -filelist /Users/shashishekhar/Library/Developer/Xcode/DerivedData/RestaurantsNearMeIOS-cxlnvzrpmdwxdmausljrqbwijesy/Build/Intermediates.noindex/Pods.build/Debug-iphonesimulator/Pods-RestaurantsNearMeIOS.build/Objects-normal/x86_64/Pods-RestaurantsNearMeIOS.LinkFileList -dependency_info /Users/shashishekhar/Library/Developer/Xcode/DerivedData/RestaurantsNearMeIOS-cxlnvzrpmdwxdmausljrqbwijesy/Build/Intermediates.noindex/Pods.build/Debug-iphonesimulator/Pods-RestaurantsNearMeIOS.build/Objects-normal/x86_64/Pods-RestaurantsNearMeIOS_libtool_dependency_info.dat -o /Users/shashishekhar/Library/Developer/Xcode/DerivedData/RestaurantsNearMeIOS-cxlnvzrpmdwxdmausljrqbwijesy/Build/Intermediates.noindex/Pods.build/Debug-iphonesimulator/Pods-RestaurantsNearMeIOS.build/Objects-normal/x86_64/Binary/libPods-RestaurantsNearMeIOS.a

CreateUniversalBinary /Users/shashishekhar/Library/Developer/Xcode/DerivedData/RestaurantsNearMeIOS-cxlnvzrpmdwxdmausljrqbwijesy/Build/Products/Debug-iphonesimulator/libPods-RestaurantsNearMeIOS.a normal arm64\ x86_64 (in target 'Pods-RestaurantsNearMeIOS' from project 'Pods')
    cd /Users/shashishekhar/Desktop/RestaurantsNearMeIOS/ios/Pods
    /Applications/Xcode.app/Contents/Developer/Toolchains/XcodeDefault.xctoolchain/usr/bin/lipo -create /Users/shashishekhar/Library/Developer/Xcode/DerivedData/RestaurantsNearMeIOS-cxlnvzrpmdwxdmausljrqbwijesy/Build/Intermediates.noindex/Pods.build/Debug-iphonesimulator/Pods-RestaurantsNearMeIOS.build/Objects-normal/arm64/Binary/libPods-RestaurantsNearMeIOS.a /Users/shashishekhar/Library/Developer/Xcode/DerivedData/RestaurantsNearMeIOS-cxlnvzrpmdwxdmausljrqbwijesy/Build/Intermediates.noindex/Pods.build/Debug-iphonesimulator/Pods-RestaurantsNearMeIOS.build/Objects-normal/x86_64/Binary/libPods-RestaurantsNearMeIOS.a -output /Users/shashishekhar/Library/Developer/Xcode/DerivedData/RestaurantsNearMeIOS-cxlnvzrpmdwxdmausljrqbwijesy/Build/Products/Debug-iphonesimulator/libPods-RestaurantsNearMeIOS.a

warning: Run script build phase 'Bundle React Native code and images' will be run during every build because it does not specify any outputs. To address this issue, either add output dependencies to the script phase, or configure it to run in every build by unchecking "Based on dependency analysis" in the script phase. (in target 'RestaurantsNearMeIOS' from project 'RestaurantsNearMeIOS')
PhaseScriptExecution [CP]\ Check\ Pods\ Manifest.lock /Users/shashishekhar/Library/Developer/Xcode/DerivedData/RestaurantsNearMeIOS-cxlnvzrpmdwxdmausljrqbwijesy/Build/Intermediates.noindex/RestaurantsNearMeIOS.build/Debug-iphonesimulator/RestaurantsNearMeIOS.build/Script-B889DFD38512C219EA6EDB3D.sh (in target 'RestaurantsNearMeIOS' from project 'RestaurantsNearMeIOS')
    cd /Users/shashishekhar/Desktop/RestaurantsNearMeIOS/ios
    /bin/sh -c /Users/shashishekhar/Library/Developer/Xcode/DerivedData/RestaurantsNearMeIOS-cxlnvzrpmdwxdmausljrqbwijesy/Build/Intermediates.noindex/RestaurantsNearMeIOS.build/Debug-iphonesimulator/RestaurantsNearMeIOS.build/Script-B889DFD38512C219EA6EDB3D.sh

SwiftDriver RestaurantsNearMeIOS normal x86_64 com.apple.xcode.tools.swift.compiler (in target 'RestaurantsNearMeIOS' from project 'RestaurantsNearMeIOS')
    cd /Users/shashishekhar/Desktop/RestaurantsNearMeIOS/ios
    builtin-SwiftDriver -- /Applications/Xcode.app/Contents/Developer/Toolchains/XcodeDefault.xctoolchain/usr/bin/swiftc -module-name RestaurantsNearMeIOS -Onone @/Users/shashishekhar/Library/Developer/Xcode/DerivedData/RestaurantsNearMeIOS-cxlnvzrpmdwxdmausljrqbwijesy/Build/Intermediates.noindex/RestaurantsNearMeIOS.build/Debug-iphonesimulator/RestaurantsNearMeIOS.build/Objects-normal/x86_64/RestaurantsNearMeIOS.SwiftFileList -DDEBUG -D COCOAPODS -Xcc -fmodule-map-file\=/Users/shashishekhar/Library/Developer/Xcode/DerivedData/RestaurantsNearMeIOS-cxlnvzrpmdwxdmausljrqbwijesy/Build/Products/Debug-iphonesimulator/AsyncStorage/AsyncStorage.modulemap -Xcc -fmodule-map-file\=/Users/shashishekhar/Library/Developer/Xcode/DerivedData/RestaurantsNearMeIOS-cxlnvzrpmdwxdmausljrqbwijesy/Build/Products/Debug-iphonesimulator/RNScreens/RNScreens.modulemap -Xcc -fmodule-map-file\=/Users/shashishekhar/Library/Developer/Xcode/DerivedData/RestaurantsNearMeIOS-cxlnvzrpmdwxdmausljrqbwijesy/Build/Products/Debug-iphonesimulator/SwiftUIIntrospect/SwiftUIIntrospect.modulemap -Xcc -fmodule-map-file\=/Users/shashishekhar/Library/Developer/Xcode/DerivedData/RestaurantsNearMeIOS-cxlnvzrpmdwxdmausljrqbwijesy/Build/Products/Debug-iphonesimulator/react-native-pager-view/react_native_pager_view.modulemap -Xcc -fmodule-map-file\=/Users/shashishekhar/Desktop/RestaurantsNearMeIOS/ios/Pods/Headers/Public/ReactAppDependencyProvider/ReactAppDependencyProvider.modulemap -Xcc -fmodule-map-file\=/Users/shashishekhar/Desktop/RestaurantsNearMeIOS/ios/Pods/Headers/Public/ReactCodegen/ReactCodegen.modulemap -Xcc -ivfsoverlay -Xcc /Users/shashishekhar/Desktop/RestaurantsNearMeIOS/ios/Pods/React-Core-prebuilt/React-VFS.yaml -Xcc -Wno-incomplete-umbrella -enable-bare-slash-regex -enable-experimental-feature DebugDescriptionMacro -sdk /Applications/Xcode.app/Contents/Developer/Platforms/iPhoneSimulator.platform/Developer/SDKs/iPhoneSimulator26.5.sdk -target x86_64-apple-ios15.1-simulator -g -module-cache-path /Users/shashishekhar/Library/Developer/Xcode/DerivedData/ModuleCache.noindex -Xfrontend -serialize-debugging-options -enable-testing -index-store-path /Users/shashishekhar/Library/Developer/Xcode/DerivedData/RestaurantsNearMeIOS-cxlnvzrpmdwxdmausljrqbwijesy/Index.noindex/DataStore -Xcc -D_LIBCPP_HARDENING_MODE\=_LIBCPP_HARDENING_MODE_DEBUG -swift-version 5 -I /Users/shashishekhar/Library/Developer/Xcode/DerivedData/RestaurantsNearMeIOS-cxlnvzrpmdwxdmausljrqbwijesy/Build/Products/Debug-iphonesimulator -I /Users/shashishekhar/Library/Developer/Xcode/DerivedData/RestaurantsNearMeIOS-cxlnvzrpmdwxdmausljrqbwijesy/Build/Products/Debug-iphonesimulator/AsyncStorage -I /Users/shashishekhar/Library/Developer/Xcode/DerivedData/RestaurantsNearMeIOS-cxlnvzrpmdwxdmausljrqbwijesy/Build/Products/Debug-iphonesimulator/RNScreens -I /Users/shashishekhar/Library/Developer/Xcode/DerivedData/RestaurantsNearMeIOS-cxlnvzrpmdwxdmausljrqbwijesy/Build/Products/Debug-iphonesimulator/SwiftUIIntrospect -I /Users/shashishekhar/Library/Developer/Xcode/DerivedData/RestaurantsNearMeIOS-cxlnvzrpmdwxdmausljrqbwijesy/Build/Products/Debug-iphonesimulator/react-native-pager-view -F /Users/shashishekhar/Library/Developer/Xcode/DerivedData/RestaurantsNearMeIOS-cxlnvzrpmdwxdmausljrqbwijesy/Build/Products/Debug-iphonesimulator -F /Users/shashishekhar/Desktop/RestaurantsNearMeIOS/node_modules/@react-native-async-storage/async-storage/apple-frameworks -F /Users/shashishekhar/Desktop/RestaurantsNearMeIOS/ios/Pods/React-Core-prebuilt -F /Users/shashishekhar/Desktop/RestaurantsNearMeIOS/ios/Pods/ReactNativeDependencies/framework/packages/react-native -F /Users/shashishekhar/Desktop/RestaurantsNearMeIOS/ios/Pods/hermes-engine/destroot/Library/Frameworks/universal -F /Users/shashishekhar/Library/Developer/Xcode/DerivedData/RestaurantsNearMeIOS-cxlnvzrpmdwxdmausljrqbwijesy/Build/Products/Debug-iphonesimulator/XCFrameworkIntermediates/AsyncStorage -F /Users/shashishekhar/Library/Developer/Xcode/DerivedData/RestaurantsNearMeIOS-cxlnvzrpmdwxdmausljrqbwijesy/Build/Products/Debug-iphonesimulator/XCFrameworkIntermediates/React-Core-prebuilt -F /Users/shashishekhar/Library/Developer/Xcode/DerivedData/RestaurantsNearMeIOS-cxlnvzrpmdwxdmausljrqbwijesy/Build/Products/Debug-iphonesimulator/XCFrameworkIntermediates/ReactNativeDependencies -F /Users/shashishekhar/Library/Developer/Xcode/DerivedData/RestaurantsNearMeIOS-cxlnvzrpmdwxdmausljrqbwijesy/Build/Products/Debug-iphonesimulator/XCFrameworkIntermediates/hermes-engine/Pre-built -c -j10 -enable-batch-mode -incremental -Xcc -ivfsstatcache -Xcc /Users/shashishekhar/Library/Developer/Xcode/DerivedData/SDKStatCaches.noindex/iphonesimulator26.5-23F81a-6cfe768891a92b912361537c460fe42b.sdkstatcache -output-file-map /Users/shashishekhar/Library/Developer/Xcode/DerivedData/RestaurantsNearMeIOS-cxlnvzrpmdwxdmausljrqbwijesy/Build/Intermediates.noindex/RestaurantsNearMeIOS.build/Debug-iphonesimulator/RestaurantsNearMeIOS.build/Objects-normal/x86_64/RestaurantsNearMeIOS-OutputFileMap.json -use-frontend-parseable-output -save-temps -no-color-diagnostics -serialize-diagnostics -emit-dependencies -emit-module -emit-module-path /Users/shashishekhar/Library/Developer/Xcode/DerivedData/RestaurantsNearMeIOS-cxlnvzrpmdwxdmausljrqbwijesy/Build/Intermediates.noindex/RestaurantsNearMeIOS.build/Debug-iphonesimulator/RestaurantsNearMeIOS.build/Objects-normal/x86_64/RestaurantsNearMeIOS.swiftmodule -validate-clang-modules-once -clang-build-session-file /Users/shashishekhar/Library/Developer/Xcode/DerivedData/ModuleCache.noindex/Session.modulevalidation -Xcc -I/Users/shashishekhar/Library/Developer/Xcode/DerivedData/RestaurantsNearMeIOS-cxlnvzrpmdwxdmausljrqbwijesy/Build/Intermediates.noindex/RestaurantsNearMeIOS.build/Debug-iphonesimulator/RestaurantsNearMeIOS.build/swift-overrides.hmap -emit-const-values -Xfrontend -const-gather-protocols-file -Xfrontend /Users/shashishekhar/Library/Developer/Xcode/DerivedData/RestaurantsNearMeIOS-cxlnvzrpmdwxdmausljrqbwijesy/Build/Intermediates.noindex/RestaurantsNearMeIOS.build/Debug-iphonesimulator/RestaurantsNearMeIOS.build/Objects-normal/x86_64/RestaurantsNearMeIOS_const_extract_protocols.json -Xcc -iquote -Xcc /Users/shashishekhar/Library/Developer/Xcode/DerivedData/RestaurantsNearMeIOS-cxlnvzrpmdwxdmausljrqbwijesy/Build/Intermediates.noindex/RestaurantsNearMeIOS.build/Debug-iphonesimulator/RestaurantsNearMeIOS.build/RestaurantsNearMeIOS-generated-files.hmap -Xcc -I/Users/shashishekhar/Library/Developer/Xcode/DerivedData/RestaurantsNearMeIOS-cxlnvzrpmdwxdmausljrqbwijesy/Build/Intermediates.noindex/RestaurantsNearMeIOS.build/Debug-iphonesimulator/RestaurantsNearMeIOS.build/RestaurantsNearMeIOS-own-target-headers.hmap -Xcc -I/Users/shashishekhar/Library/Developer/Xcode/DerivedData/RestaurantsNearMeIOS-cxlnvzrpmdwxdmausljrqbwijesy/Build/Intermediates.noindex/RestaurantsNearMeIOS.build/Debug-iphonesimulator/RestaurantsNearMeIOS.build/RestaurantsNearMeIOS-all-non-framework-target-headers.hmap -Xcc -ivfsoverlay -Xcc /Users/shashishekhar/Library/Developer/Xcode/DerivedData/RestaurantsNearMeIOS-cxlnvzrpmdwxdmausljrqbwijesy/Build/Intermediates.noindex/RestaurantsNearMeIOS.build/Debug-iphonesimulator/RestaurantsNearMeIOS-68211140ce10d5f6f3e1d614bb0af75b-VFS-iphonesimulator/all-product-headers.yaml -Xcc -iquote -Xcc /Users/shashishekhar/Library/Developer/Xcode/DerivedData/RestaurantsNearMeIOS-cxlnvzrpmdwxdmausljrqbwijesy/Build/Intermediates.noindex/RestaurantsNearMeIOS.build/Debug-iphonesimulator/RestaurantsNearMeIOS.build/RestaurantsNearMeIOS-project-headers.hmap -Xcc -I/Users/shashishekhar/Library/Developer/Xcode/DerivedData/RestaurantsNearMeIOS-cxlnvzrpmdwxdmausljrqbwijesy/Build/Products/Debug-iphonesimulator/include -Xcc -I/Users/shashishekhar/Desktop/RestaurantsNearMeIOS/ios/Pods/Headers/Public -Xcc -I/Users/shashishekhar/Desktop/RestaurantsNearMeIOS/ios/Pods/Headers/Public/AsyncStorage -Xcc -I/Users/shashishekhar/Desktop/RestaurantsNearMeIOS/ios/Pods/Headers/Public/FBLazyVector -Xcc -I/Users/shashishekhar/Desktop/RestaurantsNearMeIOS/ios/Pods/Headers/Public/RCTDeprecation -Xcc -I/Users/shashishekhar/Desktop/RestaurantsNearMeIOS/ios/Pods/Headers/Public/RCTRequired -Xcc -I/Users/shashishekhar/Desktop/RestaurantsNearMeIOS/ios/Pods/Headers/Public/RCTSwiftUIWrapper -Xcc -I/Users/shashishekhar/Desktop/RestaurantsNearMeIOS/ios/Pods/Headers/Public/RCTTypeSafety -Xcc -I/Users/shashishekhar/Desktop/RestaurantsNearMeIOS/ios/Pods/Headers/Public/RNGestureHandler -Xcc -I/Users/shashishekhar/Desktop/RestaurantsNearMeIOS/ios/Pods/Headers/Public/RNKeychain -Xcc -I/Users/shashishekhar/Desktop/RestaurantsNearMeIOS/ios/Pods/Headers/Public/RNSVG -Xcc -I/Users/shashishekhar/Desktop/RestaurantsNearMeIOS/ios/Pods/Headers/Public/RNScreens -Xcc -I/Users/shashishekhar/Desktop/RestaurantsNearMeIOS/ios/Pods/Headers/Public/React-Core -Xcc -I/Users/shashishekhar/Desktop/RestaurantsNearMeIOS/ios/Pods/Headers/Public/React-Core-prebuilt -Xcc -I/Users/shashishekhar/Desktop/RestaurantsNearMeIOS/ios/Pods/Headers/Public/React-CoreModules -Xcc -I/Users/shashishekhar/Desktop/RestaurantsNearMeIOS/ios/Pods/Headers/Public/React-Fabric -Xcc -I/Users/shashishekhar/Desktop/RestaurantsNearMeIOS/ios/Pods/Headers/Public/React-FabricComponents -Xcc -I/Users/shashishekhar/Desktop/RestaurantsNearMeIOS/ios/Pods/Headers/Public/React-FabricImage -Xcc -I/Users/shashishekhar/Desktop/RestaurantsNearMeIOS/ios/Pods/Headers/Public/React-ImageManager -Xcc -I/Users/shashishekhar/Desktop/RestaurantsNearMeIOS/ios/Pods/Headers/Public/React-Mapbuffer -Xcc -I/Users/shashishekhar/Desktop/RestaurantsNearMeIOS/ios/Pods/Headers/Public/React-NativeModulesApple -Xcc -I/Users/shashishekhar/Desktop/RestaurantsNearMeIOS/ios/Pods/Headers/Public/React-RCTAnimation -Xcc -I/Users/shashishekhar/Desktop/RestaurantsNearMeIOS/ios/Pods/Headers/Public/React-RCTAppDelegate -Xcc -I/Users/shashishekhar/Desktop/RestaurantsNearMeIOS/ios/Pods/Headers/Public/React-RCTBlob -Xcc -I/Users/shashishekhar/Desktop/RestaurantsNearMeIOS/ios/Pods/Headers/Public/React-RCTFBReactNativeSpec -Xcc -I/Users/shashishekhar/Desktop/RestaurantsNearMeIOS/ios/Pods/Headers/Public/React-RCTFabric -Xcc -I/Users/shashishekhar/Desktop/RestaurantsNearMeIOS/ios/Pods/Headers/Public/React-RCTImage -Xcc -I/Users/shashishekhar/Desktop/RestaurantsNearMeIOS/ios/Pods/Headers/Public/React-RCTRuntime -Xcc -I/Users/shashishekhar/Desktop/RestaurantsNearMeIOS/ios/Pods/Headers/Public/React-RCTSettings -Xcc -I/Users/shashishekhar/Desktop/RestaurantsNearMeIOS/ios/Pods/Headers/Public/React-RCTText -Xcc -I/Users/shashishekhar/Desktop/RestaurantsNearMeIOS/ios/Pods/Headers/Public/React-RCTVibration -Xcc -I/Users/shashishekhar/Desktop/RestaurantsNearMeIOS/ios/Pods/Headers/Public/React-RuntimeApple -Xcc -I/Users/shashishekhar/Desktop/RestaurantsNearMeIOS/ios/Pods/Headers/Public/React-RuntimeCore -Xcc -I/Users/shashishekhar/Desktop/RestaurantsNearMeIOS/ios/Pods/Headers/Public/React-RuntimeHermes -Xcc -I/Users/shashishekhar/Desktop/RestaurantsNearMeIOS/ios/Pods/Headers/Public/React-callinvoker -Xcc -I/Users/shashishekhar/Desktop/RestaurantsNearMeIOS/ios/Pods/Headers/Public/React-cxxreact -Xcc -I/Users/shashishekhar/Desktop/RestaurantsNearMeIOS/ios/Pods/Headers/Public/React-debug -Xcc -I/Users/shashishekhar/Desktop/RestaurantsNearMeIOS/ios/Pods/Headers/Public/React-defaultsnativemodule -Xcc -I/Users/shashishekhar/Desktop/RestaurantsNearMeIOS/ios/Pods/Headers/Public/React-domnativemodule -Xcc -I/Users/shashishekhar/Desktop/RestaurantsNearMeIOS/ios/Pods/Headers/Public/React-featureflags -Xcc -I/Users/shashishekhar/Desktop/RestaurantsNearMeIOS/ios/Pods/Headers/Public/React-featureflagsnativemodule -Xcc -I/Users/shashishekhar/Desktop/RestaurantsNearMeIOS/ios/Pods/Headers/Public/React-graphics -Xcc -I/Users/shashishekhar/Desktop/RestaurantsNearMeIOS/ios/Pods/Headers/Public/React-hermes -Xcc -I/Users/shashishekhar/Desktop/RestaurantsNearMeIOS/ios/Pods/Headers/Public/React-idlecallbacksnativemodule -Xcc -I/Users/shashishekhar/Desktop/RestaurantsNearMeIOS/ios/Pods/Headers/Public/React-intersectionobservernativemodule -Xcc -I/Users/shashishekhar/Desktop/RestaurantsNearMeIOS/ios/Pods/Headers/Public/React-jserrorhandler -Xcc -I/Users/shashishekhar/Desktop/RestaurantsNearMeIOS/ios/Pods/Headers/Public/React-jsi -Xcc -I/Users/shashishekhar/Desktop/RestaurantsNearMeIOS/ios/Pods/Headers/Public/React-jsiexecutor -Xcc -I/Users/shashishekhar/Desktop/RestaurantsNearMeIOS/ios/Pods/Headers/Public/React-jsinspector -Xcc -I/Users/shashishekhar/Desktop/RestaurantsNearMeIOS/ios/Pods/Headers/Public/React-jsinspectorcdp -Xcc -I/Users/shashishekhar/Desktop/RestaurantsNearMeIOS/ios/Pods/Headers/Public/React-jsinspectornetwork -Xcc -I/Users/shashishekhar/Desktop/RestaurantsNearMeIOS/ios/Pods/Headers/Public/React-jsinspectortracing -Xcc -I/Users/shashishekhar/Desktop/RestaurantsNearMeIOS/ios/Pods/Headers/Public/React-jsitooling -Xcc -I/Users/shashishekhar/Desktop/RestaurantsNearMeIOS/ios/Pods/Headers/Public/React-logger -Xcc -I/Users/shashishekhar/Desktop/RestaurantsNearMeIOS/ios/Pods/Headers/Public/React-microtasksnativemodule -Xcc -I/Users/shashishekhar/Desktop/RestaurantsNearMeIOS/ios/Pods/Headers/Public/React-mutationobservernativemodule -Xcc -I/Users/shashishekhar/Desktop/RestaurantsNearMeIOS/ios/Pods/Headers/Public/React-networking -Xcc -I/Users/shashishekhar/Desktop/RestaurantsNearMeIOS/ios/Pods/Headers/Public/React-oscompat -Xcc -I/Users/shashishekhar/Desktop/RestaurantsNearMeIOS/ios/Pods/Headers/Public/React-perflogger -Xcc -I/Users/shashishekhar/Desktop/RestaurantsNearMeIOS/ios/Pods/Headers/Public/React-performancecdpmetrics -Xcc -I/Users/shashishekhar/Desktop/RestaurantsNearMeIOS/ios/Pods/Headers/Public/React-performancetimeline -Xcc -I/Users/shashishekhar/Desktop/RestaurantsNearMeIOS/ios/Pods/Headers/Public/React-rendererconsistency -Xcc -I/Users/shashishekhar/Desktop/RestaurantsNearMeIOS/ios/Pods/Headers/Public/React-renderercss -Xcc -I/Users/shashishekhar/Desktop/RestaurantsNearMeIOS/ios/Pods/Headers/Public/React-rendererdebug -Xcc -I/Users/shashishekhar/Desktop/RestaurantsNearMeIOS/ios/Pods/Headers/Public/React-runtimeexecutor -Xcc -I/Users/shashishekhar/Desktop/RestaurantsNearMeIOS/ios/Pods/Headers/Public/React-runtimescheduler -Xcc -I/Users/shashishekhar/Desktop/RestaurantsNearMeIOS/ios/Pods/Headers/Public/React-timing -Xcc -I/Users/shashishekhar/Desktop/RestaurantsNearMeIOS/ios/Pods/Headers/Public/React-utils -Xcc -I/Users/shashishekhar/Desktop/RestaurantsNearMeIOS/ios/Pods/Headers/Public/React-viewtransitionnativemodule -Xcc -I/Users/shashishekhar/Desktop/RestaurantsNearMeIOS/ios/Pods/Headers/Public/React-webperformancenativemodule -Xcc -I/Users/shashishekhar/Desktop/RestaurantsNearMeIOS/ios/Pods/Headers/Public/ReactAppDependencyProvider -Xcc -I/Users/shashishekhar/Desktop/RestaurantsNearMeIOS/ios/Pods/Headers/Public/ReactCodegen -Xcc -I/Users/shashishekhar/Desktop/RestaurantsNearMeIOS/ios/Pods/Headers/Public/ReactCommon -Xcc -I/Users/shashishekhar/Desktop/RestaurantsNearMeIOS/ios/Pods/Headers/Public/ReactNativeDependencies -Xcc -I/Users/shashishekhar/Desktop/RestaurantsNearMeIOS/ios/Pods/Headers/Public/Yoga -Xcc -I/Users/shashishekhar/Desktop/RestaurantsNearMeIOS/ios/Pods/Headers/Public/hermes-engine -Xcc -I/Users/shashishekhar/Desktop/RestaurantsNearMeIOS/ios/Pods/Headers/Public/react-native-config -Xcc -I/Users/shashishekhar/Desktop/RestaurantsNearMeIOS/ios/Pods/Headers/Public/react-native-geolocation -Xcc -I/Users/shashishekhar/Desktop/RestaurantsNearMeIOS/ios/Pods/Headers/Public/react-native-image-picker -Xcc -I/Users/shashishekhar/Desktop/RestaurantsNearMeIOS/ios/Pods/Headers/Public/react-native-maps -Xcc -I/Users/shashishekhar/Desktop/RestaurantsNearMeIOS/ios/Pods/Headers/Public/react-native-pager-view -Xcc -I/Users/shashishekhar/Desktop/RestaurantsNearMeIOS/ios/Pods/Headers/Public/react-native-safe-area-context -Xcc -I/Users/shashishekhar/Desktop/RestaurantsNearMeIOS/ios/Pods/Headers/Private/React-Core -Xcc -I/Users/shashishekhar/Desktop/RestaurantsNearMeIOS/ios/Pods/Headers/Private/React-Core -Xcc -I/Users/shashishekhar/Desktop/RestaurantsNearMeIOS/ios/Pods/Headers/Private/Yoga -Xcc -I/Users/shashishekhar/Library/Developer/Xcode/DerivedData/RestaurantsNearMeIOS-cxlnvzrpmdwxdmausljrqbwijesy/Build/Intermediates.noindex/RestaurantsNearMeIOS.build/Debug-iphonesimulator/RestaurantsNearMeIOS.build/DerivedSources-normal/x86_64 -Xcc -I/Users/shashishekhar/Library/Developer/Xcode/DerivedData/RestaurantsNearMeIOS-cxlnvzrpmdwxdmausljrqbwijesy/Build/Intermediates.noindex/RestaurantsNearMeIOS.build/Debug-iphonesimulator/RestaurantsNearMeIOS.build/DerivedSources/x86_64 -Xcc -I/Users/shashishekhar/Library/Developer/Xcode/DerivedData/RestaurantsNearMeIOS-cxlnvzrpmdwxdmausljrqbwijesy/Build/Intermediates.noindex/RestaurantsNearMeIOS.build/Debug-iphonesimulator/RestaurantsNearMeIOS.build/DerivedSources -Xcc -DDEBUG\=1 -Xcc -DCOCOAPODS\=1 -emit-objc-header -emit-objc-header-path /Users/shashishekhar/Library/Developer/Xcode/DerivedData/RestaurantsNearMeIOS-cxlnvzrpmdwxdmausljrqbwijesy/Build/Intermediates.noindex/RestaurantsNearMeIOS.build/Debug-iphonesimulator/RestaurantsNearMeIOS.build/Objects-normal/x86_64/RestaurantsNearMeIOS-Swift.h -working-directory /Users/shashishekhar/Desktop/RestaurantsNearMeIOS/ios -experimental-emit-module-separately -disable-cmo

SwiftDriver RestaurantsNearMeIOS normal arm64 com.apple.xcode.tools.swift.compiler (in target 'RestaurantsNearMeIOS' from project 'RestaurantsNearMeIOS')
    cd /Users/shashishekhar/Desktop/RestaurantsNearMeIOS/ios
    builtin-SwiftDriver -- /Applications/Xcode.app/Contents/Developer/Toolchains/XcodeDefault.xctoolchain/usr/bin/swiftc -module-name RestaurantsNearMeIOS -Onone @/Users/shashishekhar/Library/Developer/Xcode/DerivedData/RestaurantsNearMeIOS-cxlnvzrpmdwxdmausljrqbwijesy/Build/Intermediates.noindex/RestaurantsNearMeIOS.build/Debug-iphonesimulator/RestaurantsNearMeIOS.build/Objects-normal/arm64/RestaurantsNearMeIOS.SwiftFileList -DDEBUG -D COCOAPODS -Xcc -fmodule-map-file\=/Users/shashishekhar/Library/Developer/Xcode/DerivedData/RestaurantsNearMeIOS-cxlnvzrpmdwxdmausljrqbwijesy/Build/Products/Debug-iphonesimulator/AsyncStorage/AsyncStorage.modulemap -Xcc -fmodule-map-file\=/Users/shashishekhar/Library/Developer/Xcode/DerivedData/RestaurantsNearMeIOS-cxlnvzrpmdwxdmausljrqbwijesy/Build/Products/Debug-iphonesimulator/RNScreens/RNScreens.modulemap -Xcc -fmodule-map-file\=/Users/shashishekhar/Library/Developer/Xcode/DerivedData/RestaurantsNearMeIOS-cxlnvzrpmdwxdmausljrqbwijesy/Build/Products/Debug-iphonesimulator/SwiftUIIntrospect/SwiftUIIntrospect.modulemap -Xcc -fmodule-map-file\=/Users/shashishekhar/Library/Developer/Xcode/DerivedData/RestaurantsNearMeIOS-cxlnvzrpmdwxdmausljrqbwijesy/Build/Products/Debug-iphonesimulator/react-native-pager-view/react_native_pager_view.modulemap -Xcc -fmodule-map-file\=/Users/shashishekhar/Desktop/RestaurantsNearMeIOS/ios/Pods/Headers/Public/ReactAppDependencyProvider/ReactAppDependencyProvider.modulemap -Xcc -fmodule-map-file\=/Users/shashishekhar/Desktop/RestaurantsNearMeIOS/ios/Pods/Headers/Public/ReactCodegen/ReactCodegen.modulemap -Xcc -ivfsoverlay -Xcc /Users/shashishekhar/Desktop/RestaurantsNearMeIOS/ios/Pods/React-Core-prebuilt/React-VFS.yaml -Xcc -Wno-incomplete-umbrella -enable-bare-slash-regex -enable-experimental-feature DebugDescriptionMacro -sdk /Applications/Xcode.app/Contents/Developer/Platforms/iPhoneSimulator.platform/Developer/SDKs/iPhoneSimulator26.5.sdk -target arm64-apple-ios15.1-simulator -g -module-cache-path /Users/shashishekhar/Library/Developer/Xcode/DerivedData/ModuleCache.noindex -Xfrontend -serialize-debugging-options -enable-testing -index-store-path /Users/shashishekhar/Library/Developer/Xcode/DerivedData/RestaurantsNearMeIOS-cxlnvzrpmdwxdmausljrqbwijesy/Index.noindex/DataStore -Xcc -D_LIBCPP_HARDENING_MODE\=_LIBCPP_HARDENING_MODE_DEBUG -swift-version 5 -I /Users/shashishekhar/Library/Developer/Xcode/DerivedData/RestaurantsNearMeIOS-cxlnvzrpmdwxdmausljrqbwijesy/Build/Products/Debug-iphonesimulator -I /Users/shashishekhar/Library/Developer/Xcode/DerivedData/RestaurantsNearMeIOS-cxlnvzrpmdwxdmausljrqbwijesy/Build/Products/Debug-iphonesimulator/AsyncStorage -I /Users/shashishekhar/Library/Developer/Xcode/DerivedData/RestaurantsNearMeIOS-cxlnvzrpmdwxdmausljrqbwijesy/Build/Products/Debug-iphonesimulator/RNScreens -I /Users/shashishekhar/Library/Developer/Xcode/DerivedData/RestaurantsNearMeIOS-cxlnvzrpmdwxdmausljrqbwijesy/Build/Products/Debug-iphonesimulator/SwiftUIIntrospect -I /Users/shashishekhar/Library/Developer/Xcode/DerivedData/RestaurantsNearMeIOS-cxlnvzrpmdwxdmausljrqbwijesy/Build/Products/Debug-iphonesimulator/react-native-pager-view -F /Users/shashishekhar/Library/Developer/Xcode/DerivedData/RestaurantsNearMeIOS-cxlnvzrpmdwxdmausljrqbwijesy/Build/Products/Debug-iphonesimulator -F /Users/shashishekhar/Desktop/RestaurantsNearMeIOS/node_modules/@react-native-async-storage/async-storage/apple-frameworks -F /Users/shashishekhar/Desktop/RestaurantsNearMeIOS/ios/Pods/React-Core-prebuilt -F /Users/shashishekhar/Desktop/RestaurantsNearMeIOS/ios/Pods/ReactNativeDependencies/framework/packages/react-native -F /Users/shashishekhar/Desktop/RestaurantsNearMeIOS/ios/Pods/hermes-engine/destroot/Library/Frameworks/universal -F /Users/shashishekhar/Library/Developer/Xcode/DerivedData/RestaurantsNearMeIOS-cxlnvzrpmdwxdmausljrqbwijesy/Build/Products/Debug-iphonesimulator/XCFrameworkIntermediates/AsyncStorage -F /Users/shashishekhar/Library/Developer/Xcode/DerivedData/RestaurantsNearMeIOS-cxlnvzrpmdwxdmausljrqbwijesy/Build/Products/Debug-iphonesimulator/XCFrameworkIntermediates/React-Core-prebuilt -F /Users/shashishekhar/Library/Developer/Xcode/DerivedData/RestaurantsNearMeIOS-cxlnvzrpmdwxdmausljrqbwijesy/Build/Products/Debug-iphonesimulator/XCFrameworkIntermediates/ReactNativeDependencies -F /Users/shashishekhar/Library/Developer/Xcode/DerivedData/RestaurantsNearMeIOS-cxlnvzrpmdwxdmausljrqbwijesy/Build/Products/Debug-iphonesimulator/XCFrameworkIntermediates/hermes-engine/Pre-built -c -j10 -enable-batch-mode -incremental -Xcc -ivfsstatcache -Xcc /Users/shashishekhar/Library/Developer/Xcode/DerivedData/SDKStatCaches.noindex/iphonesimulator26.5-23F81a-6cfe768891a92b912361537c460fe42b.sdkstatcache -output-file-map /Users/shashishekhar/Library/Developer/Xcode/DerivedData/RestaurantsNearMeIOS-cxlnvzrpmdwxdmausljrqbwijesy/Build/Intermediates.noindex/RestaurantsNearMeIOS.build/Debug-iphonesimulator/RestaurantsNearMeIOS.build/Objects-normal/arm64/RestaurantsNearMeIOS-OutputFileMap.json -use-frontend-parseable-output -save-temps -no-color-diagnostics -serialize-diagnostics -emit-dependencies -emit-module -emit-module-path /Users/shashishekhar/Library/Developer/Xcode/DerivedData/RestaurantsNearMeIOS-cxlnvzrpmdwxdmausljrqbwijesy/Build/Intermediates.noindex/RestaurantsNearMeIOS.build/Debug-iphonesimulator/RestaurantsNearMeIOS.build/Objects-normal/arm64/RestaurantsNearMeIOS.swiftmodule -validate-clang-modules-once -clang-build-session-file /Users/shashishekhar/Library/Developer/Xcode/DerivedData/ModuleCache.noindex/Session.modulevalidation -Xcc -I/Users/shashishekhar/Library/Developer/Xcode/DerivedData/RestaurantsNearMeIOS-cxlnvzrpmdwxdmausljrqbwijesy/Build/Intermediates.noindex/RestaurantsNearMeIOS.build/Debug-iphonesimulator/RestaurantsNearMeIOS.build/swift-overrides.hmap -emit-const-values -Xfrontend -const-gather-protocols-file -Xfrontend /Users/shashishekhar/Library/Developer/Xcode/DerivedData/RestaurantsNearMeIOS-cxlnvzrpmdwxdmausljrqbwijesy/Build/Intermediates.noindex/RestaurantsNearMeIOS.build/Debug-iphonesimulator/RestaurantsNearMeIOS.build/Objects-normal/arm64/RestaurantsNearMeIOS_const_extract_protocols.json -Xcc -iquote -Xcc /Users/shashishekhar/Library/Developer/Xcode/DerivedData/RestaurantsNearMeIOS-cxlnvzrpmdwxdmausljrqbwijesy/Build/Intermediates.noindex/RestaurantsNearMeIOS.build/Debug-iphonesimulator/RestaurantsNearMeIOS.build/RestaurantsNearMeIOS-generated-files.hmap -Xcc -I/Users/shashishekhar/Library/Developer/Xcode/DerivedData/RestaurantsNearMeIOS-cxlnvzrpmdwxdmausljrqbwijesy/Build/Intermediates.noindex/RestaurantsNearMeIOS.build/Debug-iphonesimulator/RestaurantsNearMeIOS.build/RestaurantsNearMeIOS-own-target-headers.hmap -Xcc -I/Users/shashishekhar/Library/Developer/Xcode/DerivedData/RestaurantsNearMeIOS-cxlnvzrpmdwxdmausljrqbwijesy/Build/Intermediates.noindex/RestaurantsNearMeIOS.build/Debug-iphonesimulator/RestaurantsNearMeIOS.build/RestaurantsNearMeIOS-all-non-framework-target-headers.hmap -Xcc -ivfsoverlay -Xcc /Users/shashishekhar/Library/Developer/Xcode/DerivedData/RestaurantsNearMeIOS-cxlnvzrpmdwxdmausljrqbwijesy/Build/Intermediates.noindex/RestaurantsNearMeIOS.build/Debug-iphonesimulator/RestaurantsNearMeIOS-68211140ce10d5f6f3e1d614bb0af75b-VFS-iphonesimulator/all-product-headers.yaml -Xcc -iquote -Xcc /Users/shashishekhar/Library/Developer/Xcode/DerivedData/RestaurantsNearMeIOS-cxlnvzrpmdwxdmausljrqbwijesy/Build/Intermediates.noindex/RestaurantsNearMeIOS.build/Debug-iphonesimulator/RestaurantsNearMeIOS.build/RestaurantsNearMeIOS-project-headers.hmap -Xcc -I/Users/shashishekhar/Library/Developer/Xcode/DerivedData/RestaurantsNearMeIOS-cxlnvzrpmdwxdmausljrqbwijesy/Build/Products/Debug-iphonesimulator/include -Xcc -I/Users/shashishekhar/Desktop/RestaurantsNearMeIOS/ios/Pods/Headers/Public -Xcc -I/Users/shashishekhar/Desktop/RestaurantsNearMeIOS/ios/Pods/Headers/Public/AsyncStorage -Xcc -I/Users/shashishekhar/Desktop/RestaurantsNearMeIOS/ios/Pods/Headers/Public/FBLazyVector -Xcc -I/Users/shashishekhar/Desktop/RestaurantsNearMeIOS/ios/Pods/Headers/Public/RCTDeprecation -Xcc -I/Users/shashishekhar/Desktop/RestaurantsNearMeIOS/ios/Pods/Headers/Public/RCTRequired -Xcc -I/Users/shashishekhar/Desktop/RestaurantsNearMeIOS/ios/Pods/Headers/Public/RCTSwiftUIWrapper -Xcc -I/Users/shashishekhar/Desktop/RestaurantsNearMeIOS/ios/Pods/Headers/Public/RCTTypeSafety -Xcc -I/Users/shashishekhar/Desktop/RestaurantsNearMeIOS/ios/Pods/Headers/Public/RNGestureHandler -Xcc -I/Users/shashishekhar/Desktop/RestaurantsNearMeIOS/ios/Pods/Headers/Public/RNKeychain -Xcc -I/Users/shashishekhar/Desktop/RestaurantsNearMeIOS/ios/Pods/Headers/Public/RNSVG -Xcc -I/Users/shashishekhar/Desktop/RestaurantsNearMeIOS/ios/Pods/Headers/Public/RNScreens -Xcc -I/Users/shashishekhar/Desktop/RestaurantsNearMeIOS/ios/Pods/Headers/Public/React-Core -Xcc -I/Users/shashishekhar/Desktop/RestaurantsNearMeIOS/ios/Pods/Headers/Public/React-Core-prebuilt -Xcc -I/Users/shashishekhar/Desktop/RestaurantsNearMeIOS/ios/Pods/Headers/Public/React-CoreModules -Xcc -I/Users/shashishekhar/Desktop/RestaurantsNearMeIOS/ios/Pods/Headers/Public/React-Fabric -Xcc -I/Users/shashishekhar/Desktop/RestaurantsNearMeIOS/ios/Pods/Headers/Public/React-FabricComponents -Xcc -I/Users/shashishekhar/Desktop/RestaurantsNearMeIOS/ios/Pods/Headers/Public/React-FabricImage -Xcc -I/Users/shashishekhar/Desktop/RestaurantsNearMeIOS/ios/Pods/Headers/Public/React-ImageManager -Xcc -I/Users/shashishekhar/Desktop/RestaurantsNearMeIOS/ios/Pods/Headers/Public/React-Mapbuffer -Xcc -I/Users/shashishekhar/Desktop/RestaurantsNearMeIOS/ios/Pods/Headers/Public/React-NativeModulesApple -Xcc -I/Users/shashishekhar/Desktop/RestaurantsNearMeIOS/ios/Pods/Headers/Public/React-RCTAnimation -Xcc -I/Users/shashishekhar/Desktop/RestaurantsNearMeIOS/ios/Pods/Headers/Public/React-RCTAppDelegate -Xcc -I/Users/shashishekhar/Desktop/RestaurantsNearMeIOS/ios/Pods/Headers/Public/React-RCTBlob -Xcc -I/Users/shashishekhar/Desktop/RestaurantsNearMeIOS/ios/Pods/Headers/Public/React-RCTFBReactNativeSpec -Xcc -I/Users/shashishekhar/Desktop/RestaurantsNearMeIOS/ios/Pods/Headers/Public/React-RCTFabric -Xcc -I/Users/shashishekhar/Desktop/RestaurantsNearMeIOS/ios/Pods/Headers/Public/React-RCTImage -Xcc -I/Users/shashishekhar/Desktop/RestaurantsNearMeIOS/ios/Pods/Headers/Public/React-RCTRuntime -Xcc -I/Users/shashishekhar/Desktop/RestaurantsNearMeIOS/ios/Pods/Headers/Public/React-RCTSettings -Xcc -I/Users/shashishekhar/Desktop/RestaurantsNearMeIOS/ios/Pods/Headers/Public/React-RCTText -Xcc -I/Users/shashishekhar/Desktop/RestaurantsNearMeIOS/ios/Pods/Headers/Public/React-RCTVibration -Xcc -I/Users/shashishekhar/Desktop/RestaurantsNearMeIOS/ios/Pods/Headers/Public/React-RuntimeApple -Xcc -I/Users/shashishekhar/Desktop/RestaurantsNearMeIOS/ios/Pods/Headers/Public/React-RuntimeCore -Xcc -I/Users/shashishekhar/Desktop/RestaurantsNearMeIOS/ios/Pods/Headers/Public/React-RuntimeHermes -Xcc -I/Users/shashishekhar/Desktop/RestaurantsNearMeIOS/ios/Pods/Headers/Public/React-callinvoker -Xcc -I/Users/shashishekhar/Desktop/RestaurantsNearMeIOS/ios/Pods/Headers/Public/React-cxxreact -Xcc -I/Users/shashishekhar/Desktop/RestaurantsNearMeIOS/ios/Pods/Headers/Public/React-debug -Xcc -I/Users/shashishekhar/Desktop/RestaurantsNearMeIOS/ios/Pods/Headers/Public/React-defaultsnativemodule -Xcc -I/Users/shashishekhar/Desktop/RestaurantsNearMeIOS/ios/Pods/Headers/Public/React-domnativemodule -Xcc -I/Users/shashishekhar/Desktop/RestaurantsNearMeIOS/ios/Pods/Headers/Public/React-featureflags -Xcc -I/Users/shashishekhar/Desktop/RestaurantsNearMeIOS/ios/Pods/Headers/Public/React-featureflagsnativemodule -Xcc -I/Users/shashishekhar/Desktop/RestaurantsNearMeIOS/ios/Pods/Headers/Public/React-graphics -Xcc -I/Users/shashishekhar/Desktop/RestaurantsNearMeIOS/ios/Pods/Headers/Public/React-hermes -Xcc -I/Users/shashishekhar/Desktop/RestaurantsNearMeIOS/ios/Pods/Headers/Public/React-idlecallbacksnativemodule -Xcc -I/Users/shashishekhar/Desktop/RestaurantsNearMeIOS/ios/Pods/Headers/Public/React-intersectionobservernativemodule -Xcc -I/Users/shashishekhar/Desktop/RestaurantsNearMeIOS/ios/Pods/Headers/Public/React-jserrorhandler -Xcc -I/Users/shashishekhar/Desktop/RestaurantsNearMeIOS/ios/Pods/Headers/Public/React-jsi -Xcc -I/Users/shashishekhar/Desktop/RestaurantsNearMeIOS/ios/Pods/Headers/Public/React-jsiexecutor -Xcc -I/Users/shashishekhar/Desktop/RestaurantsNearMeIOS/ios/Pods/Headers/Public/React-jsinspector -Xcc -I/Users/shashishekhar/Desktop/RestaurantsNearMeIOS/ios/Pods/Headers/Public/React-jsinspectorcdp -Xcc -I/Users/shashishekhar/Desktop/RestaurantsNearMeIOS/ios/Pods/Headers/Public/React-jsinspectornetwork -Xcc -I/Users/shashishekhar/Desktop/RestaurantsNearMeIOS/ios/Pods/Headers/Public/React-jsinspectortracing -Xcc -I/Users/shashishekhar/Desktop/RestaurantsNearMeIOS/ios/Pods/Headers/Public/React-jsitooling -Xcc -I/Users/shashishekhar/Desktop/RestaurantsNearMeIOS/ios/Pods/Headers/Public/React-logger -Xcc -I/Users/shashishekhar/Desktop/RestaurantsNearMeIOS/ios/Pods/Headers/Public/React-microtasksnativemodule -Xcc -I/Users/shashishekhar/Desktop/RestaurantsNearMeIOS/ios/Pods/Headers/Public/React-mutationobservernativemodule -Xcc -I/Users/shashishekhar/Desktop/RestaurantsNearMeIOS/ios/Pods/Headers/Public/React-networking -Xcc -I/Users/shashishekhar/Desktop/RestaurantsNearMeIOS/ios/Pods/Headers/Public/React-oscompat -Xcc -I/Users/shashishekhar/Desktop/RestaurantsNearMeIOS/ios/Pods/Headers/Public/React-perflogger -Xcc -I/Users/shashishekhar/Desktop/RestaurantsNearMeIOS/ios/Pods/Headers/Public/React-performancecdpmetrics -Xcc -I/Users/shashishekhar/Desktop/RestaurantsNearMeIOS/ios/Pods/Headers/Public/React-performancetimeline -Xcc -I/Users/shashishekhar/Desktop/RestaurantsNearMeIOS/ios/Pods/Headers/Public/React-rendererconsistency -Xcc -I/Users/shashishekhar/Desktop/RestaurantsNearMeIOS/ios/Pods/Headers/Public/React-renderercss -Xcc -I/Users/shashishekhar/Desktop/RestaurantsNearMeIOS/ios/Pods/Headers/Public/React-rendererdebug -Xcc -I/Users/shashishekhar/Desktop/RestaurantsNearMeIOS/ios/Pods/Headers/Public/React-runtimeexecutor -Xcc -I/Users/shashishekhar/Desktop/RestaurantsNearMeIOS/ios/Pods/Headers/Public/React-runtimescheduler -Xcc -I/Users/shashishekhar/Desktop/RestaurantsNearMeIOS/ios/Pods/Headers/Public/React-timing -Xcc -I/Users/shashishekhar/Desktop/RestaurantsNearMeIOS/ios/Pods/Headers/Public/React-utils -Xcc -I/Users/shashishekhar/Desktop/RestaurantsNearMeIOS/ios/Pods/Headers/Public/React-viewtransitionnativemodule -Xcc -I/Users/shashishekhar/Desktop/RestaurantsNearMeIOS/ios/Pods/Headers/Public/React-webperformancenativemodule -Xcc -I/Users/shashishekhar/Desktop/RestaurantsNearMeIOS/ios/Pods/Headers/Public/ReactAppDependencyProvider -Xcc -I/Users/shashishekhar/Desktop/RestaurantsNearMeIOS/ios/Pods/Headers/Public/ReactCodegen -Xcc -I/Users/shashishekhar/Desktop/RestaurantsNearMeIOS/ios/Pods/Headers/Public/ReactCommon -Xcc -I/Users/shashishekhar/Desktop/RestaurantsNearMeIOS/ios/Pods/Headers/Public/ReactNativeDependencies -Xcc -I/Users/shashishekhar/Desktop/RestaurantsNearMeIOS/ios/Pods/Headers/Public/Yoga -Xcc -I/Users/shashishekhar/Desktop/RestaurantsNearMeIOS/ios/Pods/Headers/Public/hermes-engine -Xcc -I/Users/shashishekhar/Desktop/RestaurantsNearMeIOS/ios/Pods/Headers/Public/react-native-config -Xcc -I/Users/shashishekhar/Desktop/RestaurantsNearMeIOS/ios/Pods/Headers/Public/react-native-geolocation -Xcc -I/Users/shashishekhar/Desktop/RestaurantsNearMeIOS/ios/Pods/Headers/Public/react-native-image-picker -Xcc -I/Users/shashishekhar/Desktop/RestaurantsNearMeIOS/ios/Pods/Headers/Public/react-native-maps -Xcc -I/Users/shashishekhar/Desktop/RestaurantsNearMeIOS/ios/Pods/Headers/Public/react-native-pager-view -Xcc -I/Users/shashishekhar/Desktop/RestaurantsNearMeIOS/ios/Pods/Headers/Public/react-native-safe-area-context -Xcc -I/Users/shashishekhar/Desktop/RestaurantsNearMeIOS/ios/Pods/Headers/Private/React-Core -Xcc -I/Users/shashishekhar/Desktop/RestaurantsNearMeIOS/ios/Pods/Headers/Private/React-Core -Xcc -I/Users/shashishekhar/Desktop/RestaurantsNearMeIOS/ios/Pods/Headers/Private/Yoga -Xcc -I/Users/shashishekhar/Library/Developer/Xcode/DerivedData/RestaurantsNearMeIOS-cxlnvzrpmdwxdmausljrqbwijesy/Build/Intermediates.noindex/RestaurantsNearMeIOS.build/Debug-iphonesimulator/RestaurantsNearMeIOS.build/DerivedSources-normal/arm64 -Xcc -I/Users/shashishekhar/Library/Developer/Xcode/DerivedData/RestaurantsNearMeIOS-cxlnvzrpmdwxdmausljrqbwijesy/Build/Intermediates.noindex/RestaurantsNearMeIOS.build/Debug-iphonesimulator/RestaurantsNearMeIOS.build/DerivedSources/arm64 -Xcc -I/Users/shashishekhar/Library/Developer/Xcode/DerivedData/RestaurantsNearMeIOS-cxlnvzrpmdwxdmausljrqbwijesy/Build/Intermediates.noindex/RestaurantsNearMeIOS.build/Debug-iphonesimulator/RestaurantsNearMeIOS.build/DerivedSources -Xcc -DDEBUG\=1 -Xcc -DCOCOAPODS\=1 -emit-objc-header -emit-objc-header-path /Users/shashishekhar/Library/Developer/Xcode/DerivedData/RestaurantsNearMeIOS-cxlnvzrpmdwxdmausljrqbwijesy/Build/Intermediates.noindex/RestaurantsNearMeIOS.build/Debug-iphonesimulator/RestaurantsNearMeIOS.build/Objects-normal/arm64/RestaurantsNearMeIOS-Swift.h -working-directory /Users/shashishekhar/Desktop/RestaurantsNearMeIOS/ios -experimental-emit-module-separately -disable-cmo

ProcessInfoPlistFile /Users/shashishekhar/Library/Developer/Xcode/DerivedData/RestaurantsNearMeIOS-cxlnvzrpmdwxdmausljrqbwijesy/Build/Products/Debug-iphonesimulator/RestaurantsNearMeIOS.app/Info.plist /Users/shashishekhar/Desktop/RestaurantsNearMeIOS/ios/RestaurantsNearMeIOS/Info.plist (in target 'RestaurantsNearMeIOS' from project 'RestaurantsNearMeIOS')
    cd /Users/shashishekhar/Desktop/RestaurantsNearMeIOS/ios
    builtin-infoPlistUtility /Users/shashishekhar/Desktop/RestaurantsNearMeIOS/ios/RestaurantsNearMeIOS/Info.plist -producttype com.apple.product-type.application -genpkginfo /Users/shashishekhar/Library/Developer/Xcode/DerivedData/RestaurantsNearMeIOS-cxlnvzrpmdwxdmausljrqbwijesy/Build/Products/Debug-iphonesimulator/RestaurantsNearMeIOS.app/PkgInfo -expandbuildsettings -format binary -platform iphonesimulator -additionalcontentfile /Users/shashishekhar/Library/Developer/Xcode/DerivedData/RestaurantsNearMeIOS-cxlnvzrpmdwxdmausljrqbwijesy/Build/Intermediates.noindex/RestaurantsNearMeIOS.build/Debug-iphonesimulator/RestaurantsNearMeIOS.build/LaunchScreen-SBPartialInfo.plist -additionalcontentfile /Users/shashishekhar/Library/Developer/Xcode/DerivedData/RestaurantsNearMeIOS-cxlnvzrpmdwxdmausljrqbwijesy/Build/Intermediates.noindex/RestaurantsNearMeIOS.build/Debug-iphonesimulator/RestaurantsNearMeIOS.build/assetcatalog_generated_info.plist -o /Users/shashishekhar/Library/Developer/Xcode/DerivedData/RestaurantsNearMeIOS-cxlnvzrpmdwxdmausljrqbwijesy/Build/Products/Debug-iphonesimulator/RestaurantsNearMeIOS.app/Info.plist

SwiftCompile normal x86_64 Compiling\ AppDelegate.swift /Users/shashishekhar/Desktop/RestaurantsNearMeIOS/ios/RestaurantsNearMeIOS/AppDelegate.swift (in target 'RestaurantsNearMeIOS' from project 'RestaurantsNearMeIOS')

SwiftCompile normal x86_64 /Users/shashishekhar/Desktop/RestaurantsNearMeIOS/ios/RestaurantsNearMeIOS/AppDelegate.swift (in target 'RestaurantsNearMeIOS' from project 'RestaurantsNearMeIOS')
    cd /Users/shashishekhar/Desktop/RestaurantsNearMeIOS/ios
    

SwiftCompile normal x86_64 Compiling\ GeneratedAssetSymbols.swift /Users/shashishekhar/Library/Developer/Xcode/DerivedData/RestaurantsNearMeIOS-cxlnvzrpmdwxdmausljrqbwijesy/Build/Intermediates.noindex/RestaurantsNearMeIOS.build/Debug-iphonesimulator/RestaurantsNearMeIOS.build/DerivedSources/GeneratedAssetSymbols.swift (in target 'RestaurantsNearMeIOS' from project 'RestaurantsNearMeIOS')
SwiftCompile normal x86_64 /Users/shashishekhar/Library/Developer/Xcode/DerivedData/RestaurantsNearMeIOS-cxlnvzrpmdwxdmausljrqbwijesy/Build/Intermediates.noindex/RestaurantsNearMeIOS.build/Debug-iphonesimulator/RestaurantsNearMeIOS.build/DerivedSources/GeneratedAssetSymbols.swift (in target 'RestaurantsNearMeIOS' from project 'RestaurantsNearMeIOS')
    cd /Users/shashishekhar/Desktop/RestaurantsNearMeIOS/ios
    

SwiftEmitModule normal x86_64 Emitting\ module\ for\ RestaurantsNearMeIOS (in target 'RestaurantsNearMeIOS' from project 'RestaurantsNearMeIOS')
EmitSwiftModule normal x86_64 (in target 'RestaurantsNearMeIOS' from project 'RestaurantsNearMeIOS')
    cd /Users/shashishekhar/Desktop/RestaurantsNearMeIOS/ios
    

SwiftCompile normal arm64 Compiling\ AppDelegate.swift /Users/shashishekhar/Desktop/RestaurantsNearMeIOS/ios/RestaurantsNearMeIOS/AppDelegate.swift (in target 'RestaurantsNearMeIOS' from project 'RestaurantsNearMeIOS')
Failed frontend command:
/Applications/Xcode.app/Contents/Developer/Toolchains/XcodeDefault.xctoolchain/usr/bin/swift-frontend -frontend -c -primary-file /Users/shashishekhar/Desktop/RestaurantsNearMeIOS/ios/RestaurantsNearMeIOS/AppDelegate.swift /Users/shashishekhar/Library/Developer/Xcode/DerivedData/RestaurantsNearMeIOS-cxlnvzrpmdwxdmausljrqbwijesy/Build/Intermediates.noindex/RestaurantsNearMeIOS.build/Debug-iphonesimulator/RestaurantsNearMeIOS.build/DerivedSources/GeneratedAssetSymbols.swift -emit-dependencies-path /Users/shashishekhar/Library/Developer/Xcode/DerivedData/RestaurantsNearMeIOS-cxlnvzrpmdwxdmausljrqbwijesy/Build/Intermediates.noindex/RestaurantsNearMeIOS.build/Debug-iphonesimulator/RestaurantsNearMeIOS.build/Objects-normal/arm64/AppDelegate.d -emit-const-values-path /Users/shashishekhar/Library/Developer/Xcode/DerivedData/RestaurantsNearMeIOS-cxlnvzrpmdwxdmausljrqbwijesy/Build/Intermediates.noindex/RestaurantsNearMeIOS.build/Debug-iphonesimulator/RestaurantsNearMeIOS.build/Objects-normal/arm64/AppDelegate.swiftconstvalues -emit-reference-dependencies-path /Users/shashishekhar/Library/Developer/Xcode/DerivedData/RestaurantsNearMeIOS-cxlnvzrpmdwxdmausljrqbwijesy/Build/Intermediates.noindex/RestaurantsNearMeIOS.build/Debug-iphonesimulator/RestaurantsNearMeIOS.build/Objects-normal/arm64/AppDelegate.swiftdeps -serialize-diagnostics-path /Users/shashishekhar/Library/Developer/Xcode/DerivedData/RestaurantsNearMeIOS-cxlnvzrpmdwxdmausljrqbwijesy/Build/Intermediates.noindex/RestaurantsNearMeIOS.build/Debug-iphonesimulator/RestaurantsNearMeIOS.build/Objects-normal/arm64/AppDelegate.dia -target arm64-apple-ios15.1-simulator -Xllvm -aarch64-use-tbi -enable-objc-interop -sdk /Applications/Xcode.app/Contents/Developer/Platforms/iPhoneSimulator.platform/Developer/SDKs/iPhoneSimulator26.5.sdk -I /Users/shashishekhar/Library/Developer/Xcode/DerivedData/RestaurantsNearMeIOS-cxlnvzrpmdwxdmausljrqbwijesy/Build/Products/Debug-iphonesimulator -I /Users/shashishekhar/Library/Developer/Xcode/DerivedData/RestaurantsNearMeIOS-cxlnvzrpmdwxdmausljrqbwijesy/Build/Products/Debug-iphonesimulator/AsyncStorage -I /Users/shashishekhar/Library/Developer/Xcode/DerivedData/RestaurantsNearMeIOS-cxlnvzrpmdwxdmausljrqbwijesy/Build/Products/Debug-iphonesimulator/RNScreens -I /Users/shashishekhar/Library/Developer/Xcode/DerivedData/RestaurantsNearMeIOS-cxlnvzrpmdwxdmausljrqbwijesy/Build/Products/Debug-iphonesimulator/SwiftUIIntrospect -I /Users/shashishekhar/Library/Developer/Xcode/DerivedData/RestaurantsNearMeIOS-cxlnvzrpmdwxdmausljrqbwijesy/Build/Products/Debug-iphonesimulator/react-native-pager-view -F /Users/shashishekhar/Library/Developer/Xcode/DerivedData/RestaurantsNearMeIOS-cxlnvzrpmdwxdmausljrqbwijesy/Build/Products/Debug-iphonesimulator -F /Users/shashishekhar/Desktop/RestaurantsNearMeIOS/node_modules/@react-native-async-storage/async-storage/apple-frameworks -F /Users/shashishekhar/Desktop/RestaurantsNearMeIOS/ios/Pods/React-Core-prebuilt -F /Users/shashishekhar/Desktop/RestaurantsNearMeIOS/ios/Pods/ReactNativeDependencies/framework/packages/react-native -F /Users/shashishekhar/Desktop/RestaurantsNearMeIOS/ios/Pods/hermes-engine/destroot/Library/Frameworks/universal -F /Users/shashishekhar/Library/Developer/Xcode/DerivedData/RestaurantsNearMeIOS-cxlnvzrpmdwxdmausljrqbwijesy/Build/Products/Debug-iphonesimulator/XCFrameworkIntermediates/AsyncStorage -F /Users/shashishekhar/Library/Developer/Xcode/DerivedData/RestaurantsNearMeIOS-cxlnvzrpmdwxdmausljrqbwijesy/Build/Products/Debug-iphonesimulator/XCFrameworkIntermediates/React-Core-prebuilt -F /Users/shashishekhar/Library/Developer/Xcode/DerivedData/RestaurantsNearMeIOS-cxlnvzrpmdwxdmausljrqbwijesy/Build/Products/Debug-iphonesimulator/XCFrameworkIntermediates/ReactNativeDependencies -F /Users/shashishekhar/Library/Developer/Xcode/DerivedData/RestaurantsNearMeIOS-cxlnvzrpmdwxdmausljrqbwijesy/Build/Products/Debug-iphonesimulator/XCFrameworkIntermediates/hermes-engine/Pre-built -no-color-diagnostics -Xcc -fno-color-diagnostics -enable-testing -g -debug-info-format\=dwarf -dwarf-version\=4 -module-cache-path /Users/shashishekhar/Library/Developer/Xcode/DerivedData/ModuleCache.noindex -swift-version 5 -Onone -D DEBUG -D COCOAPODS -serialize-debugging-options -const-gather-protocols-file /Users/shashishekhar/Library/Developer/Xcode/DerivedData/RestaurantsNearMeIOS-cxlnvzrpmdwxdmausljrqbwijesy/Build/Intermediates.noindex/RestaurantsNearMeIOS.build/Debug-iphonesimulator/RestaurantsNearMeIOS.build/Objects-normal/arm64/RestaurantsNearMeIOS_const_extract_protocols.json -enable-experimental-feature DebugDescriptionMacro -enable-bare-slash-regex -empty-abi-descriptor -validate-clang-modules-once -clang-build-session-file /Users/shashishekhar/Library/Developer/Xcode/DerivedData/ModuleCache.noindex/Session.modulevalidation -Xcc -working-directory -Xcc /Users/shashishekhar/Desktop/RestaurantsNearMeIOS/ios -enable-anonymous-context-mangled-names -file-compilation-dir /Users/shashishekhar/Desktop/RestaurantsNearMeIOS/ios -Xcc -fmodule-map-file\=/Users/shashishekhar/Library/Developer/Xcode/DerivedData/RestaurantsNearMeIOS-cxlnvzrpmdwxdmausljrqbwijesy/Build/Products/Debug-iphonesimulator/AsyncStorage/AsyncStorage.modulemap -Xcc -fmodule-map-file\=/Users/shashishekhar/Library/Developer/Xcode/DerivedData/RestaurantsNearMeIOS-cxlnvzrpmdwxdmausljrqbwijesy/Build/Products/Debug-iphonesimulator/RNScreens/RNScreens.modulemap -Xcc -fmodule-map-file\=/Users/shashishekhar/Library/Developer/Xcode/DerivedData/RestaurantsNearMeIOS-cxlnvzrpmdwxdmausljrqbwijesy/Build/Products/Debug-iphonesimulator/SwiftUIIntrospect/SwiftUIIntrospect.modulemap -Xcc -fmodule-map-file\=/Users/shashishekhar/Library/Developer/Xcode/DerivedData/RestaurantsNearMeIOS-cxlnvzrpmdwxdmausljrqbwijesy/Build/Products/Debug-iphonesimulator/react-native-pager-view/react_native_pager_view.modulemap -Xcc -fmodule-map-file\=/Users/shashishekhar/Desktop/RestaurantsNearMeIOS/ios/Pods/Headers/Public/ReactAppDependencyProvider/ReactAppDependencyProvider.modulemap -Xcc -fmodule-map-file\=/Users/shashishekhar/Desktop/RestaurantsNearMeIOS/ios/Pods/Headers/Public/ReactCodegen/ReactCodegen.modulemap -Xcc -ivfsoverlay -Xcc /Users/shashishekhar/Desktop/RestaurantsNearMeIOS/ios/Pods/React-Core-prebuilt/React-VFS.yaml -Xcc -Wno-incomplete-umbrella -Xcc -D_LIBCPP_HARDENING_MODE\=_LIBCPP_HARDENING_MODE_DEBUG -Xcc -ivfsstatcache -Xcc /Users/shashishekhar/Library/Developer/Xcode/DerivedData/SDKStatCaches.noindex/iphonesimulator26.5-23F81a-6cfe768891a92b912361537c460fe42b.sdkstatcache -Xcc -I/Users/shashishekhar/Library/Developer/Xcode/DerivedData/RestaurantsNearMeIOS-cxlnvzrpmdwxdmausljrqbwijesy/Build/Intermediates.noindex/RestaurantsNearMeIOS.build/Debug-iphonesimulator/RestaurantsNearMeIOS.build/swift-overrides.hmap -Xcc -iquote -Xcc /Users/shashishekhar/Library/Developer/Xcode/DerivedData/RestaurantsNearMeIOS-cxlnvzrpmdwxdmausljrqbwijesy/Build/Intermediates.noindex/RestaurantsNearMeIOS.build/Debug-iphonesimulator/RestaurantsNearMeIOS.build/RestaurantsNearMeIOS-generated-files.hmap -Xcc -I/Users/shashishekhar/Library/Developer/Xcode/DerivedData/RestaurantsNearMeIOS-cxlnvzrpmdwxdmausljrqbwijesy/Build/Intermediates.noindex/RestaurantsNearMeIOS.build/Debug-iphonesimulator/RestaurantsNearMeIOS.build/RestaurantsNearMeIOS-own-target-headers.hmap -Xcc -I/Users/shashishekhar/Library/Developer/Xcode/DerivedData/RestaurantsNearMeIOS-cxlnvzrpmdwxdmausljrqbwijesy/Build/Intermediates.noindex/RestaurantsNearMeIOS.build/Debug-iphonesimulator/RestaurantsNearMeIOS.build/RestaurantsNearMeIOS-all-non-framework-target-headers.hmap -Xcc -ivfsoverlay -Xcc /Users/shashishekhar/Library/Developer/Xcode/DerivedData/RestaurantsNearMeIOS-cxlnvzrpmdwxdmausljrqbwijesy/Build/Intermediates.noindex/RestaurantsNearMeIOS.build/Debug-iphonesimulator/RestaurantsNearMeIOS-68211140ce10d5f6f3e1d614bb0af75b-VFS-iphonesimulator/all-product-headers.yaml -Xcc -iquote -Xcc /Users/shashishekhar/Library/Developer/Xcode/DerivedData/RestaurantsNearMeIOS-cxlnvzrpmdwxdmausljrqbwijesy/Build/Intermediates.noindex/RestaurantsNearMeIOS.build/Debug-iphonesimulator/RestaurantsNearMeIOS.build/RestaurantsNearMeIOS-project-headers.hmap -Xcc -I/Users/shashishekhar/Library/Developer/Xcode/DerivedData/RestaurantsNearMeIOS-cxlnvzrpmdwxdmausljrqbwijesy/Build/Products/Debug-iphonesimulator/include -Xcc -I/Users/shashishekhar/Desktop/RestaurantsNearMeIOS/ios/Pods/Headers/Public -Xcc -I/Users/shashishekhar/Desktop/RestaurantsNearMeIOS/ios/Pods/Headers/Public/AsyncStorage -Xcc -I/Users/shashishekhar/Desktop/RestaurantsNearMeIOS/ios/Pods/Headers/Public/FBLazyVector -Xcc -I/Users/shashishekhar/Desktop/RestaurantsNearMeIOS/ios/Pods/Headers/Public/RCTDeprecation -Xcc -I/Users/shashishekhar/Desktop/RestaurantsNearMeIOS/ios/Pods/Headers/Public/RCTRequired -Xcc -I/Users/shashishekhar/Desktop/RestaurantsNearMeIOS/ios/Pods/Headers/Public/RCTSwiftUIWrapper -Xcc -I/Users/shashishekhar/Desktop/RestaurantsNearMeIOS/ios/Pods/Headers/Public/RCTTypeSafety -Xcc -I/Users/shashishekhar/Desktop/RestaurantsNearMeIOS/ios/Pods/Headers/Public/RNGestureHandler -Xcc -I/Users/shashishekhar/Desktop/RestaurantsNearMeIOS/ios/Pods/Headers/Public/RNKeychain -Xcc -I/Users/shashishekhar/Desktop/RestaurantsNearMeIOS/ios/Pods/Headers/Public/RNSVG -Xcc -I/Users/shashishekhar/Desktop/RestaurantsNearMeIOS/ios/Pods/Headers/Public/RNScreens -Xcc -I/Users/shashishekhar/Desktop/RestaurantsNearMeIOS/ios/Pods/Headers/Public/React-Core -Xcc -I/Users/shashishekhar/Desktop/RestaurantsNearMeIOS/ios/Pods/Headers/Public/React-Core-prebuilt -Xcc -I/Users/shashishekhar/Desktop/RestaurantsNearMeIOS/ios/Pods/Headers/Public/React-CoreModules -Xcc -I/Users/shashishekhar/Desktop/RestaurantsNearMeIOS/ios/Pods/Headers/Public/React-Fabric -Xcc -I/Users/shashishekhar/Desktop/RestaurantsNearMeIOS/ios/Pods/Headers/Public/React-FabricComponents -Xcc -I/Users/shashishekhar/Desktop/RestaurantsNearMeIOS/ios/Pods/Headers/Public/React-FabricImage -Xcc -I/Users/shashishekhar/Desktop/RestaurantsNearMeIOS/ios/Pods/Headers/Public/React-ImageManager -Xcc -I/Users/shashishekhar/Desktop/RestaurantsNearMeIOS/ios/Pods/Headers/Public/React-Mapbuffer -Xcc -I/Users/shashishekhar/Desktop/RestaurantsNearMeIOS/ios/Pods/Headers/Public/React-NativeModulesApple -Xcc -I/Users/shashishekhar/Desktop/RestaurantsNearMeIOS/ios/Pods/Headers/Public/React-RCTAnimation -Xcc -I/Users/shashishekhar/Desktop/RestaurantsNearMeIOS/ios/Pods/Headers/Public/React-RCTAppDelegate -Xcc -I/Users/shashishekhar/Desktop/RestaurantsNearMeIOS/ios/Pods/Headers/Public/React-RCTBlob -Xcc -I/Users/shashishekhar/Desktop/RestaurantsNearMeIOS/ios/Pods/Headers/Public/React-RCTFBReactNativeSpec -Xcc -I/Users/shashishekhar/Desktop/RestaurantsNearMeIOS/ios/Pods/Headers/Public/React-RCTFabric -Xcc -I/Users/shashishekhar/Desktop/RestaurantsNearMeIOS/ios/Pods/Headers/Public/React-RCTImage -Xcc -I/Users/shashishekhar/Desktop/RestaurantsNearMeIOS/ios/Pods/Headers/Public/React-RCTRuntime -Xcc -I/Users/shashishekhar/Desktop/RestaurantsNearMeIOS/ios/Pods/Headers/Public/React-RCTSettings -Xcc -I/Users/shashishekhar/Desktop/RestaurantsNearMeIOS/ios/Pods/Headers/Public/React-RCTText -Xcc -I/Users/shashishekhar/Desktop/RestaurantsNearMeIOS/ios/Pods/Headers/Public/React-RCTVibration -Xcc -I/Users/shashishekhar/Desktop/RestaurantsNearMeIOS/ios/Pods/Headers/Public/React-RuntimeApple -Xcc -I/Users/shashishekhar/Desktop/RestaurantsNearMeIOS/ios/Pods/Headers/Public/React-RuntimeCore -Xcc -I/Users/shashishekhar/Desktop/RestaurantsNearMeIOS/ios/Pods/Headers/Public/React-RuntimeHermes -Xcc -I/Users/shashishekhar/Desktop/RestaurantsNearMeIOS/ios/Pods/Headers/Public/React-callinvoker -Xcc -I/Users/shashishekhar/Desktop/RestaurantsNearMeIOS/ios/Pods/Headers/Public/React-cxxreact -Xcc -I/Users/shashishekhar/Desktop/RestaurantsNearMeIOS/ios/Pods/Headers/Public/React-debug -Xcc -I/Users/shashishekhar/Desktop/RestaurantsNearMeIOS/ios/Pods/Headers/Public/React-defaultsnativemodule -Xcc -I/Users/shashishekhar/Desktop/RestaurantsNearMeIOS/ios/Pods/Headers/Public/React-domnativemodule -Xcc -I/Users/shashishekhar/Desktop/RestaurantsNearMeIOS/ios/Pods/Headers/Public/React-featureflags -Xcc -I/Users/shashishekhar/Desktop/RestaurantsNearMeIOS/ios/Pods/Headers/Public/React-featureflagsnativemodule -Xcc -I/Users/shashishekhar/Desktop/RestaurantsNearMeIOS/ios/Pods/Headers/Public/React-graphics -Xcc -I/Users/shashishekhar/Desktop/RestaurantsNearMeIOS/ios/Pods/Headers/Public/React-hermes -Xcc -I/Users/shashishekhar/Desktop/RestaurantsNearMeIOS/ios/Pods/Headers/Public/React-idlecallbacksnativemodule -Xcc -I/Users/shashishekhar/Desktop/RestaurantsNearMeIOS/ios/Pods/Headers/Public/React-intersectionobservernativemodule -Xcc -I/Users/shashishekhar/Desktop/RestaurantsNearMeIOS/ios/Pods/Headers/Public/React-jserrorhandler -Xcc -I/Users/shashishekhar/Desktop/RestaurantsNearMeIOS/ios/Pods/Headers/Public/React-jsi -Xcc -I/Users/shashishekhar/Desktop/RestaurantsNearMeIOS/ios/Pods/Headers/Public/React-jsiexecutor -Xcc -I/Users/shashishekhar/Desktop/RestaurantsNearMeIOS/ios/Pods/Headers/Public/React-jsinspector -Xcc -I/Users/shashishekhar/Desktop/RestaurantsNearMeIOS/ios/Pods/Headers/Public/React-jsinspectorcdp -Xcc -I/Users/shashishekhar/Desktop/RestaurantsNearMeIOS/ios/Pods/Headers/Public/React-jsinspectornetwork -Xcc -I/Users/shashishekhar/Desktop/RestaurantsNearMeIOS/ios/Pods/Headers/Public/React-jsinspectortracing -Xcc -I/Users/shashishekhar/Desktop/RestaurantsNearMeIOS/ios/Pods/Headers/Public/React-jsitooling -Xcc -I/Users/shashishekhar/Desktop/RestaurantsNearMeIOS/ios/Pods/Headers/Public/React-logger -Xcc -I/Users/shashishekhar/Desktop/RestaurantsNearMeIOS/ios/Pods/Headers/Public/React-microtasksnativemodule -Xcc -I/Users/shashishekhar/Desktop/RestaurantsNearMeIOS/ios/Pods/Headers/Public/React-mutationobservernativemodule -Xcc -I/Users/shashishekhar/Desktop/RestaurantsNearMeIOS/ios/Pods/Headers/Public/React-networking -Xcc -I/Users/shashishekhar/Desktop/RestaurantsNearMeIOS/ios/Pods/Headers/Public/React-oscompat -Xcc -I/Users/shashishekhar/Desktop/RestaurantsNearMeIOS/ios/Pods/Headers/Public/React-perflogger -Xcc -I/Users/shashishekhar/Desktop/RestaurantsNearMeIOS/ios/Pods/Headers/Public/React-performancecdpmetrics -Xcc -I/Users/shashishekhar/Desktop/RestaurantsNearMeIOS/ios/Pods/Headers/Public/React-performancetimeline -Xcc -I/Users/shashishekhar/Desktop/RestaurantsNearMeIOS/ios/Pods/Headers/Public/React-rendererconsistency -Xcc -I/Users/shashishekhar/Desktop/RestaurantsNearMeIOS/ios/Pods/Headers/Public/React-renderercss -Xcc -I/Users/shashishekhar/Desktop/RestaurantsNearMeIOS/ios/Pods/Headers/Public/React-rendererdebug -Xcc -I/Users/shashishekhar/Desktop/RestaurantsNearMeIOS/ios/Pods/Headers/Public/React-runtimeexecutor -Xcc -I/Users/shashishekhar/Desktop/RestaurantsNearMeIOS/ios/Pods/Headers/Public/React-runtimescheduler -Xcc -I/Users/shashishekhar/Desktop/RestaurantsNearMeIOS/ios/Pods/Headers/Public/React-timing -Xcc -I/Users/shashishekhar/Desktop/RestaurantsNearMeIOS/ios/Pods/Headers/Public/React-utils -Xcc -I/Users/shashishekhar/Desktop/RestaurantsNearMeIOS/ios/Pods/Headers/Public/React-viewtransitionnativemodule -Xcc -I/Users/shashishekhar/Desktop/RestaurantsNearMeIOS/ios/Pods/Headers/Public/React-webperformancenativemodule -Xcc -I/Users/shashishekhar/Desktop/RestaurantsNearMeIOS/ios/Pods/Headers/Public/ReactAppDependencyProvider -Xcc -I/Users/shashishekhar/Desktop/RestaurantsNearMeIOS/ios/Pods/Headers/Public/ReactCodegen -Xcc -I/Users/shashishekhar/Desktop/RestaurantsNearMeIOS/ios/Pods/Headers/Public/ReactCommon -Xcc -I/Users/shashishekhar/Desktop/RestaurantsNearMeIOS/ios/Pods/Headers/Public/ReactNativeDependencies -Xcc -I/Users/shashishekhar/Desktop/RestaurantsNearMeIOS/ios/Pods/Headers/Public/Yoga -Xcc -I/Users/shashishekhar/Desktop/RestaurantsNearMeIOS/ios/Pods/Headers/Public/hermes-engine -Xcc -I/Users/shashishekhar/Desktop/RestaurantsNearMeIOS/ios/Pods/Headers/Public/react-native-config -Xcc -I/Users/shashishekhar/Desktop/RestaurantsNearMeIOS/ios/Pods/Headers/Public/react-native-geolocation -Xcc -I/Users/shashishekhar/Desktop/RestaurantsNearMeIOS/ios/Pods/Headers/Public/react-native-image-picker -Xcc -I/Users/shashishekhar/Desktop/RestaurantsNearMeIOS/ios/Pods/Headers/Public/react-native-maps -Xcc -I/Users/shashishekhar/Desktop/RestaurantsNearMeIOS/ios/Pods/Headers/Public/react-native-pager-view -Xcc -I/Users/shashishekhar/Desktop/RestaurantsNearMeIOS/ios/Pods/Headers/Public/react-native-safe-area-context -Xcc -I/Users/shashishekhar/Desktop/RestaurantsNearMeIOS/ios/Pods/Headers/Private/React-Core -Xcc -I/Users/shashishekhar/Desktop/RestaurantsNearMeIOS/ios/Pods/Headers/Private/React-Core -Xcc -I/Users/shashishekhar/Desktop/RestaurantsNearMeIOS/ios/Pods/Headers/Private/Yoga -Xcc -I/Users/shashishekhar/Library/Developer/Xcode/DerivedData/RestaurantsNearMeIOS-cxlnvzrpmdwxdmausljrqbwijesy/Build/Intermediates.noindex/RestaurantsNearMeIOS.build/Debug-iphonesimulator/RestaurantsNearMeIOS.build/DerivedSources-normal/arm64 -Xcc -I/Users/shashishekhar/Library/Developer/Xcode/DerivedData/RestaurantsNearMeIOS-cxlnvzrpmdwxdmausljrqbwijesy/Build/Intermediates.noindex/RestaurantsNearMeIOS.build/Debug-iphonesimulator/RestaurantsNearMeIOS.build/DerivedSources/arm64 -Xcc -I/Users/shashishekhar/Library/Developer/Xcode/DerivedData/RestaurantsNearMeIOS-cxlnvzrpmdwxdmausljrqbwijesy/Build/Intermediates.noindex/RestaurantsNearMeIOS.build/Debug-iphonesimulator/RestaurantsNearMeIOS.build/DerivedSources -Xcc -DDEBUG\=1 -Xcc -DCOCOAPODS\=1 -no-auto-bridging-header-chaining -module-name RestaurantsNearMeIOS -frontend-parseable-output -disable-clang-spi -target-sdk-version 26.5 -target-sdk-name iphonesimulator26.5 -external-plugin-path /Applications/Xcode.app/Contents/Developer/Platforms/iPhoneOS.platform/Developer/usr/lib/swift/host/plugins\#/Applications/Xcode.app/Contents/Developer/Platforms/iPhoneOS.platform/Developer/usr/bin/swift-plugin-server -external-plugin-path /Applications/Xcode.app/Contents/Developer/Platforms/iPhoneOS.platform/Developer/usr/local/lib/swift/host/plugins\#/Applications/Xcode.app/Contents/Developer/Platforms/iPhoneOS.platform/Developer/usr/bin/swift-plugin-server -in-process-plugin-server-path /Applications/Xcode.app/Contents/Developer/Toolchains/XcodeDefault.xctoolchain/usr/lib/swift/host/libSwiftInProcPluginServer.dylib -plugin-path /Applications/Xcode.app/Contents/Developer/Toolchains/XcodeDefault.xctoolchain/usr/lib/swift/host/plugins -plugin-path /Applications/Xcode.app/Contents/Developer/Toolchains/XcodeDefault.xctoolchain/usr/local/lib/swift/host/plugins -o /Users/shashishekhar/Library/Developer/Xcode/DerivedData/RestaurantsNearMeIOS-cxlnvzrpmdwxdmausljrqbwijesy/Build/Intermediates.noindex/RestaurantsNearMeIOS.build/Debug-iphonesimulator/RestaurantsNearMeIOS.build/Objects-normal/arm64/AppDelegate.o -index-unit-output-path /RestaurantsNearMeIOS.build/Debug-iphonesimulator/RestaurantsNearMeIOS.build/Objects-normal/arm64/AppDelegate.o -index-store-path /Users/shashishekhar/Library/Developer/Xcode/DerivedData/RestaurantsNearMeIOS-cxlnvzrpmdwxdmausljrqbwijesy/Index.noindex/DataStore -index-system-modules

SwiftCompile normal arm64 /Users/shashishekhar/Desktop/RestaurantsNearMeIOS/ios/RestaurantsNearMeIOS/AppDelegate.swift (in target 'RestaurantsNearMeIOS' from project 'RestaurantsNearMeIOS')
    cd /Users/shashishekhar/Desktop/RestaurantsNearMeIOS/ios
    
/Users/shashishekhar/Desktop/RestaurantsNearMeIOS/ios/RestaurantsNearMeIOS/AppDelegate.swift:33:9: error: cannot find 'GMSServices' in scope
        GMSServices.provideAPIKey(
        ^~~~~~~~~~~

SwiftEmitModule normal arm64 Emitting\ module\ for\ RestaurantsNearMeIOS (in target 'RestaurantsNearMeIOS' from project 'RestaurantsNearMeIOS')

EmitSwiftModule normal arm64 (in target 'RestaurantsNearMeIOS' from project 'RestaurantsNearMeIOS')
    cd /Users/shashishekhar/Desktop/RestaurantsNearMeIOS/ios
    

SwiftCompile normal arm64 Compiling\ GeneratedAssetSymbols.swift /Users/shashishekhar/Library/Developer/Xcode/DerivedData/RestaurantsNearMeIOS-cxlnvzrpmdwxdmausljrqbwijesy/Build/Intermediates.noindex/RestaurantsNearMeIOS.build/Debug-iphonesimulator/RestaurantsNearMeIOS.build/DerivedSources/GeneratedAssetSymbols.swift (in target 'RestaurantsNearMeIOS' from project 'RestaurantsNearMeIOS')

SwiftCompile normal arm64 /Users/shashishekhar/Library/Developer/Xcode/DerivedData/RestaurantsNearMeIOS-cxlnvzrpmdwxdmausljrqbwijesy/Build/Intermediates.noindex/RestaurantsNearMeIOS.build/Debug-iphonesimulator/RestaurantsNearMeIOS.build/DerivedSources/GeneratedAssetSymbols.swift (in target 'RestaurantsNearMeIOS' from project 'RestaurantsNearMeIOS')
    cd /Users/shashishekhar/Desktop/RestaurantsNearMeIOS/ios
    

note: Run script build phase '[CP-User] [RNDeps] Replace React Native Dependencies for the right configuration, if needed' will be run during every build because the option to run the script phase "Based on dependency analysis" is unchecked. (in target 'ReactNativeDependencies' from project 'Pods')
warning: Run script build phase '[CP-User] [Hermes] Replace Hermes for the right configuration, if needed' will be run during every build because it does not specify any outputs. To address this issue, either add output dependencies to the script phase, or configure it to run in every build by unchecking "Based on dependency analysis" in the script phase. (in target 'hermes-engine' from project 'Pods')
/Users/shashishekhar/Desktop/RestaurantsNearMeIOS/ios/Pods/Pods.xcodeproj: warning: The iOS Simulator deployment target 'IPHONEOS_DEPLOYMENT_TARGET' is set to 9.0, but the range of supported deployment target versions is 12.0 to 26.5.99. (in target 'react-native-image-picker-RNImagePickerPrivacyInfo' from project 'Pods')
warning: Run script build phase '[CP-User] react-native-maps patches' will be run during every build because it does not specify any outputs. To address this issue, either add output dependencies to the script phase, or configure it to run in every build by unchecking "Based on dependency analysis" in the script phase. (in target 'react-native-maps' from project 'Pods')
note: Run script build phase '[CP-User] Config codegen' will be run during every build because the option to run the script phase "Based on dependency analysis" is unchecked. (in target 'react-native-config' from project 'Pods')
** BUILD FAILED **


The following build commands failed:
	SwiftCompile normal arm64 Compiling\ AppDelegate.swift /Users/shashishekhar/Desktop/RestaurantsNearMeIOS/ios/RestaurantsNearMeIOS/AppDelegate.swift (in target 'RestaurantsNearMeIOS' from project 'RestaurantsNearMeIOS')
	SwiftCompile normal arm64 /Users/shashishekhar/Desktop/RestaurantsNearMeIOS/ios/RestaurantsNearMeIOS/AppDelegate.swift (in target 'RestaurantsNearMeIOS' from project 'RestaurantsNearMeIOS')
	Building workspace RestaurantsNearMeIOS with scheme RestaurantsNearMeIOS and configuration Debug
(3 failures)
